id,first_name,last_name,email,gender,ip_address
1,Dulcea,Folliott,dfolliott0@amazon.com,Female,212.142.172.242
2,Felicity,Van Schafflaer,fvanschafflaer1@oakley.com,Female,193.52.67.246
3,Danika,Birdsall,dbirdsall2@marketwatch.com,Female,96.29.128.10
4,Nelle,Shoosmith,nshoosmith3@comcast.net,Female,71.134.149.159
5,Berkie,Balmadier,bbalmadier4@smugmug.com,Male,247.148.116.248
6,Abbot,Simon,asimon5@sciencedirect.com,Male,108.61.50.120
7,Miner,Amner,mamner6@ezinearticles.com,Male,37.225.218.127
8,Conroy,Brotherhead,cbrotherhead7@people.com.cn,Male,52.115.69.154
9,Ki,Cochrane,kcochrane8@unesco.org,Female,70.193.84.71
10,Callie,Seiller,cseiller9@bravesites.com,Female,27.106.214.72
11,Stefanie,Manthorpe,smanthorpea@dmoz.org,Female,207.171.194.12
12,Virgil,Learmont,vlearmontb@dion.ne.jp,Genderfluid,217.57.217.134
13,Perkin,Schorah,pschorahc@irs.gov,Male,166.247.25.144
14,Aila,Braunstein,abraunsteind@jimdo.com,Female,137.31.112.215
15,Dalton,Yushmanov,dyushmanove@zdnet.com,Male,10.226.114.82
16,Paulo,Asbrey,pasbreyf@dyndns.org,Male,160.70.56.41
17,Amitie,Fey,afeyg@stanford.edu,Female,187.217.241.53
18,Winnifred,McComish,wmccomishh@google.nl,Female,79.201.218.71
19,Sadie,Chick,schicki@apache.org,Female,124.138.231.182
20,Lyle,Glazyer,lglazyerj@nationalgeographic.com,Male,44.36.216.111
21,Klara,Slocom,kslocomk@cam.ac.uk,Female,59.19.205.101
22,Arabele,Slatford,aslatfordl@tinypic.com,Female,228.64.0.52
23,Ignaz,Pavlovsky,ipavlovskym@linkedin.com,Male,252.229.138.204
24,Sharleen,Reasun,sreasunn@ebay.com,Female,125.153.150.62
25,Fair,Calrow,fcalrowo@bloglines.com,Genderqueer,0.206.129.130
26,Shayne,Sayton,ssaytonp@state.tx.us,Male,134.224.9.147
27,Gauthier,Lotze,glotzeq@wordpress.org,Male,242.77.193.202
28,Kain,Luke,kluker@bbc.co.uk,Non-binary,193.248.1.109
29,Dulci,Janic,djanics@stumbleupon.com,Non-binary,201.35.249.169
30,Werner,Vuitte,wvuittet@tripadvisor.com,Male,62.138.133.202
31,Towny,Gilford,tgilfordu@hp.com,Male,175.224.166.2
32,Jedidiah,Eltune,jeltunev@imgur.com,Male,228.40.176.105
33,Vern,Belone,vbelonew@tuttocitta.it,Male,179.80.161.10
34,Randolph,O'Rodane,rorodanex@psu.edu,Male,239.184.155.119
35,Barclay,Cranfield,bcranfieldy@arizona.edu,Male,221.204.235.24
36,Emlyn,Mottini,emottiniz@usa.gov,Male,11.25.192.30
37,Jo ann,McArte,jmcarte10@gnu.org,Bigender,99.59.108.229
38,Tania,Lohden,tlohden11@biglobe.ne.jp,Female,207.90.253.115
39,Nestor,Trematick,ntrematick12@reference.com,Male,163.194.63.243
40,Meredith,Lemonnier,mlemonnier13@cbslocal.com,Female,41.177.114.31
41,Augustina,Breche,abreche14@gizmodo.com,Female,92.59.182.133
42,Jyoti,Ashurst,jashurst15@qq.com,Female,55.39.68.130
43,Friedrick,Lidgely,flidgely16@pagesperso-orange.fr,Genderqueer,223.96.162.155
44,Sosanna,Hicken,shicken17@slideshare.net,Female,252.2.191.3
45,Trixy,Bircher,tbircher18@slate.com,Female,220.61.238.166
46,Griff,Courtes,gcourtes19@parallels.com,Male,118.242.200.175
47,Katina,Anthes,kanthes1a@goo.ne.jp,Female,76.75.142.104
48,Elane,Wolfendale,ewolfendale1b@github.com,Non-binary,171.0.217.138
49,Hunt,Wadge,hwadge1c@over-blog.com,Bigender,10.116.19.162
50,Say,Gallacher,sgallacher1d@hc360.com,Male,76.75.205.120
51,Scottie,Deans,sdeans1e@imgur.com,Male,110.250.207.224
52,Jessalyn,Coverdill,jcoverdill1f@bloglovin.com,Female,110.170.155.156
53,Florette,Whitehead,fwhitehead1g@hibu.com,Female,157.139.104.12
54,Starr,Brunsen,sbrunsen1h@flavors.me,Female,127.104.190.157
55,Reuven,Dade,rdade1i@blogger.com,Male,12.216.54.82
56,Izak,Rickets,irickets1j@gmpg.org,Male,148.103.29.145
57,Ellwood,Rannells,erannells1k@washington.edu,Male,90.224.252.187
58,Andrea,Harmer,aharmer1l@desdev.cn,Male,200.140.101.34
59,Grannie,Kalb,gkalb1m@zdnet.com,Male,9.183.219.205
60,Fabian,McCorry,fmccorry1n@hc360.com,Male,57.9.187.164
61,Nickey,O'Collopy,nocollopy1o@comcast.net,Male,54.220.70.96
62,Iorgo,Arthan,iarthan1p@cafepress.com,Male,229.194.115.29
63,Millisent,Duffer,mduffer1q@vk.com,Female,99.84.247.41
64,Merrielle,Gerard,mgerard1r@ehow.com,Female,36.27.56.87
65,Suzie,Toller,stoller1s@shutterfly.com,Female,189.239.120.79
66,Juliette,Hoovart,jhoovart1t@cafepress.com,Female,218.74.107.155
67,Vivianna,Ferrettini,vferrettini1u@tripod.com,Female,253.33.62.204
68,Rabbi,Bettesworth,rbettesworth1v@indiegogo.com,Male,61.191.115.88
69,Rutger,Dallman,rdallman1w@plala.or.jp,Male,176.50.82.1
70,Jamesy,Detoile,jdetoile1x@baidu.com,Male,63.143.170.97
71,Cicily,Gloyens,cgloyens1y@clickbank.net,Female,231.25.24.18
72,Adelbert,Mushart,amushart1z@apple.com,Male,242.87.126.163
73,Aleece,Thomann,athomann20@edublogs.org,Female,90.42.100.100
74,Frederique,Deex,fdeex21@csmonitor.com,Female,5.78.211.100
75,Angus,Khan,akhan22@uiuc.edu,Male,119.9.61.129
76,Marylou,Foot,mfoot23@photobucket.com,Female,72.21.226.195
77,Cynthea,Tippetts,ctippetts24@gov.uk,Female,111.100.190.194
78,Jackelyn,Currom,jcurrom25@shinystat.com,Female,118.151.65.96
79,Ninetta,Jerome,njerome26@vistaprint.com,Female,50.171.232.52
80,Reese,Stanier,rstanier27@ning.com,Male,78.144.9.255
81,Yetta,Middle,ymiddle28@wisc.edu,Genderfluid,29.105.244.250
82,Otto,Kelcey,okelcey29@ebay.com,Male,186.250.31.169
83,Nesta,Lodden,nlodden2a@mapquest.com,Polygender,146.188.84.66
84,Greta,Heel,gheel2b@amazon.com,Female,190.178.216.244
85,Darb,Hinrich,dhinrich2c@slate.com,Male,77.199.0.68
86,Dallis,Matkovic,dmatkovic2d@livejournal.com,Male,58.225.56.91
87,Jarred,Spellard,jspellard2e@wiley.com,Male,207.174.144.216
88,Kristyn,Coke,kcoke2f@ezinearticles.com,Female,241.236.188.235
89,Yehudi,Genike,ygenike2g@weebly.com,Male,243.132.62.94
90,Mercie,Antat,mantat2h@istockphoto.com,Female,85.7.39.71
91,Gerick,Locard,glocard2i@facebook.com,Male,251.197.3.248
92,Pearce,Joy,pjoy2j@noaa.gov,Male,27.10.34.21
93,Anet,Hennemann,ahennemann2k@squarespace.com,Female,86.121.235.214
94,Bryna,Gillham,bgillham2l@reverbnation.com,Female,57.172.209.79
95,Shawn,Clissett,sclissett2m@java.com,Male,224.218.56.58
96,Carmella,Hollidge,chollidge2n@webeden.co.uk,Female,17.115.244.150
97,Spense,Setchell,ssetchell2o@123-reg.co.uk,Male,210.15.223.227
98,Caspar,Denyukhin,cdenyukhin2p@google.com.hk,Male,163.40.4.177
99,Lanae,Dysart,ldysart2q@chronoengine.com,Female,173.2.230.7
100,Mona,Towey,mtowey2r@skyrock.com,Female,11.192.65.229
101,Wilone,Fynan,wfynan2s@nymag.com,Female,144.235.76.113
102,Gard,Williamson,gwilliamson2t@ebay.co.uk,Male,45.111.161.77
103,Alexandro,Somerbell,asomerbell2u@chicagotribune.com,Male,234.9.68.206
104,Lorilee,Coles,lcoles2v@uiuc.edu,Female,90.241.2.77
105,Garrot,Deniset,gdeniset2w@eepurl.com,Male,145.16.216.173
106,Gerhardt,Vanderplas,gvanderplas2x@hubpages.com,Male,14.192.242.192
107,Aurelie,Grahamslaw,agrahamslaw2y@hhs.gov,Female,186.64.184.76
108,Carla,Redihalgh,credihalgh2z@cornell.edu,Female,161.103.132.245
109,Blythe,Surgenor,bsurgenor30@huffingtonpost.com,Female,47.57.32.102
110,Forster,Greydon,fgreydon31@4shared.com,Male,199.48.167.141
111,Jimmy,Firsby,jfirsby32@wikipedia.org,Male,80.196.239.128
112,Glenda,Knottley,gknottley33@berkeley.edu,Female,124.199.173.46
113,Tresa,Metcalfe,tmetcalfe34@symantec.com,Female,109.190.53.253
114,Lucias,Betser,lbetser35@foxnews.com,Polygender,251.114.103.225
115,Editha,Morris,emorris36@live.com,Female,194.152.54.217
116,Drusie,Feldmann,dfeldmann37@webmd.com,Agender,227.23.127.252
117,Monte,Smeeton,msmeeton38@ycombinator.com,Male,112.228.153.15
118,Chen,Rickesies,crickesies39@reference.com,Male,54.100.71.130
119,Mattie,Stickler,mstickler3a@edublogs.org,Female,119.121.91.93
120,Richart,Ellett,rellett3b@blogspot.com,Male,37.67.22.173
121,Lainey,Huitt,lhuitt3c@privacy.gov.au,Female,135.20.33.28
122,Carla,Spinello,cspinello3d@altervista.org,Non-binary,120.175.95.89
123,Oona,Francioli,ofrancioli3e@redcross.org,Female,55.1.117.180
124,Leila,Ilson,lilson3f@mapquest.com,Female,124.201.150.20
125,Scottie,Giacobbo,sgiacobbo3g@yellowbook.com,Male,129.73.58.116
126,Hildy,Catlin,hcatlin3h@cloudflare.com,Female,107.26.203.173
127,Staford,Ziehm,sziehm3i@cocolog-nifty.com,Male,254.89.85.206
128,Olly,Smithies,osmithies3j@mtv.com,Female,192.77.2.219
129,Debbi,Joerning,djoerning3k@indiegogo.com,Female,67.115.52.194
130,Carlen,Liffe,cliffe3l@apache.org,Female,166.48.131.194
131,Pavel,Louch,plouch3m@goo.ne.jp,Male,11.221.253.134
132,Sabra,Sidry,ssidry3n@plala.or.jp,Female,249.217.186.167
133,Lyell,Wein,lwein3o@artisteer.com,Male,200.5.168.12
134,Kathleen,Blazek,kblazek3p@github.io,Bigender,4.36.81.145
135,Jarid,Passy,jpassy3q@deviantart.com,Male,157.144.39.95
136,Zack,McArd,zmcard3r@google.nl,Male,7.185.103.205
137,Arlette,Janczyk,ajanczyk3s@oakley.com,Female,21.231.239.154
138,Modestia,Paddefield,mpaddefield3t@archive.org,Female,100.52.167.174
139,Simonne,Delafoy,sdelafoy3u@booking.com,Female,88.239.204.131
140,Ivar,Wormald,iwormald3v@myspace.com,Male,107.157.32.176
141,Jacques,Queree,jqueree3w@123-reg.co.uk,Male,0.230.205.106
142,Aidan,Matuszkiewicz,amatuszkiewicz3x@slate.com,Female,85.231.156.93
143,Keeley,Husselbee,khusselbee3y@newyorker.com,Female,175.228.62.192
144,Des,Rabbitt,drabbitt3z@oracle.com,Male,185.244.118.213
145,Vallie,Adao,vadao40@sohu.com,Female,128.153.130.208
146,Libbie,Bispham,lbispham41@imageshack.us,Female,80.239.87.209
147,Ceil,Sheekey,csheekey42@icio.us,Female,30.223.191.246
148,Trip,Gimlet,tgimlet43@paypal.com,Male,28.35.91.214
149,Ethe,Featley,efeatley44@angelfire.com,Male,225.133.88.32
150,Morgana,Posselwhite,mposselwhite45@freewebs.com,Female,241.61.33.192
151,Adam,Megson,amegson46@go.com,Male,99.209.163.135
152,Luce,Wardale,lwardale47@merriam-webster.com,Male,18.17.90.140
153,Lauryn,Gilgryst,lgilgryst48@jimdo.com,Female,31.21.90.218
154,Sonya,Huygen,shuygen49@yale.edu,Female,222.254.232.43
155,Adore,Beasleigh,abeasleigh4a@illinois.edu,Female,193.229.30.162
156,Shawna,Vant,svant4b@bloomberg.com,Female,238.92.51.146
157,Caron,Dundendale,cdundendale4c@shop-pro.jp,Female,212.28.150.125
158,Maryjo,Savin,msavin4d@bravesites.com,Female,240.170.191.40
159,Lemar,Allsopp,lallsopp4e@merriam-webster.com,Male,13.249.77.224
160,Trey,McNaught,tmcnaught4f@surveymonkey.com,Male,164.59.101.129
161,Bobby,Ferrant,bferrant4g@t-online.de,Male,191.113.167.235
162,Iorgos,Abbs,iabbs4h@dion.ne.jp,Male,130.5.73.182
163,Asher,Piatti,apiatti4i@shareasale.com,Male,38.10.145.9
164,Emmet,Garrood,egarrood4j@examiner.com,Male,235.232.57.18
165,Hamnet,Krojn,hkrojn4k@w3.org,Male,210.203.8.33
166,Perle,Allam,pallam4l@marriott.com,Female,82.166.188.249
167,Andras,Orry,aorry4m@tumblr.com,Male,38.190.78.65
168,Hebert,Cheyenne,hcheyenne4n@craigslist.org,Male,179.40.152.210
169,Adrianna,Zarb,azarb4o@yellowpages.com,Female,242.2.201.148
170,Currie,Scheu,cscheu4p@howstuffworks.com,Male,149.84.144.150
171,Molly,Housden,mhousden4q@artisteer.com,Genderqueer,146.48.76.19
172,Joshuah,Otson,jotson4r@privacy.gov.au,Male,143.230.247.82
173,Doroteya,Tuffrey,dtuffrey4s@youtube.com,Female,169.234.126.109
174,Katusha,Vicioso,kvicioso4t@fastcompany.com,Female,28.46.1.210
175,Stevy,Bogeys,sbogeys4u@slideshare.net,Male,42.62.131.148
176,Maggee,Sacaze,msacaze4v@independent.co.uk,Female,153.249.131.35
177,Bondon,Tuxwell,btuxwell4w@tamu.edu,Male,242.162.10.241
178,Elberta,Langhorne,elanghorne4x@springer.com,Female,111.81.229.207
179,Lorna,Salerg,lsalerg4y@uiuc.edu,Female,86.64.221.73
180,Celesta,Mariette,cmariette4z@prnewswire.com,Female,28.195.205.194
181,Holly-anne,Thexton,hthexton50@abc.net.au,Bigender,34.22.149.123
182,Klaus,Branch,kbranch51@ox.ac.uk,Male,134.66.141.87
183,Jessee,Rabat,jrabat52@cdc.gov,Male,96.43.67.24
184,Richy,Feaveer,rfeaveer53@tumblr.com,Male,254.128.162.176
185,Palmer,Corder,pcorder54@github.io,Male,178.27.102.5
186,Cornela,Shakespear,cshakespear55@qq.com,Female,188.230.253.142
187,Xavier,Brymham,xbrymham56@cbsnews.com,Male,127.95.167.78
188,Lamar,Duff,lduff57@devhub.com,Male,37.230.55.184
189,Cyrillus,Kennford,ckennford58@msn.com,Male,123.200.46.185
190,Abeu,Burlingham,aburlingham59@bigcartel.com,Bigender,111.163.111.19
191,Doll,Marsy,dmarsy5a@livejournal.com,Female,21.36.64.218
192,Gracie,Domniney,gdomniney5b@altervista.org,Female,29.92.6.189
193,Lindsey,Burdett,lburdett5c@jigsy.com,Female,185.97.164.184
194,Rhiamon,Clark,rclark5d@usatoday.com,Female,247.91.169.191
195,Anny,Blindmann,ablindmann5e@dyndns.org,Female,131.130.242.66
196,Bobby,Forten,bforten5f@wikispaces.com,Male,161.122.112.195
197,Denny,Meni,dmeni5g@salon.com,Female,186.24.232.55
198,Eal,Malletratt,emalletratt5h@whitehouse.gov,Male,179.249.169.152
199,Lem,Gaskoin,lgaskoin5i@icio.us,Male,223.226.188.227
200,Sydney,Fancet,sfancet5j@pbs.org,Male,169.150.37.242
201,Willy,Zeale,wzeale5k@redcross.org,Male,22.189.131.65
202,Cristiano,Dracksford,cdracksford5l@surveymonkey.com,Male,95.150.123.206
203,Iona,Wiburn,iwiburn5m@zdnet.com,Female,234.118.167.200
204,Calvin,Endricci,cendricci5n@creativecommons.org,Male,170.169.53.195
205,Cyrille,Brussell,cbrussell5o@google.ca,Male,39.14.171.37
206,Dalia,Matura,dmatura5p@com.com,Female,144.40.144.143
207,Tiffani,Dockwray,tdockwray5q@purevolume.com,Female,224.153.181.124
208,Gamaliel,Emor,gemor5r@bloomberg.com,Male,219.213.1.248
209,Clemence,Chamney,cchamney5s@is.gd,Female,35.24.241.117
210,Rosamund,Jarman,rjarman5t@apple.com,Female,209.136.28.211
211,Demetria,Grishanin,dgrishanin5u@hostgator.com,Female,135.112.112.254
212,Redd,Papierz,rpapierz5v@naver.com,Male,239.80.125.235
213,Rickert,Hartup,rhartup5w@illinois.edu,Male,67.206.173.148
214,Rossie,Sargeaunt,rsargeaunt5x@opera.com,Male,6.236.91.137
215,Pavel,Cuncliffe,pcuncliffe5y@smugmug.com,Male,179.214.85.30
216,El,Frickey,efrickey5z@kickstarter.com,Male,194.146.113.106
217,Gearard,Grevatt,ggrevatt60@abc.net.au,Male,45.252.64.72
218,Katharine,Hess,khess61@dyndns.org,Female,176.67.166.85
219,Hamlen,Cuphus,hcuphus62@cisco.com,Non-binary,45.214.247.127
220,Dusty,Vear,dvear63@uiuc.edu,Female,34.135.63.119
221,Gerladina,Roads,groads64@shareasale.com,Female,48.207.192.39
222,Tobit,Kaesmans,tkaesmans65@kickstarter.com,Male,204.2.20.64
223,Corbet,Willars,cwillars66@nyu.edu,Male,222.52.174.237
224,Stanly,Skillington,sskillington67@mediafire.com,Male,134.90.147.219
225,Tammara,Carslake,tcarslake68@t-online.de,Female,51.161.211.253
226,Lettie,Secker,lsecker69@whitehouse.gov,Female,236.130.43.203
227,Dedie,Bickford,dbickford6a@google.com.au,Female,184.90.160.104
228,Isadore,Sollon,isollon6b@shop-pro.jp,Male,85.157.233.133
229,Alejandra,Trevear,atrevear6c@amazon.de,Female,116.52.2.76
230,Gregor,Whitney,gwhitney6d@irs.gov,Male,184.86.165.9
231,Raffaello,Marishenko,rmarishenko6e@nationalgeographic.com,Male,87.69.115.154
232,Betti,McIlwreath,bmcilwreath6f@auda.org.au,Female,128.245.163.77
233,Seymour,Pearson,spearson6g@ebay.co.uk,Male,216.9.139.177
234,Vasily,Sharrier,vsharrier6h@amazon.co.uk,Male,177.242.130.77
235,Lillian,Colman,lcolman6i@shop-pro.jp,Female,247.201.207.100
236,Glynn,Wasiela,gwasiela6j@prlog.org,Male,153.150.128.16
237,Goldie,Pollicatt,gpollicatt6k@oaic.gov.au,Female,183.163.237.137
238,Vail,Pieters,vpieters6l@upenn.edu,Male,146.118.176.171
239,Elijah,Lorkins,elorkins6m@cocolog-nifty.com,Genderfluid,155.5.90.28
240,Alaric,Tommei,atommei6n@blogspot.com,Male,214.32.15.218
241,Randolph,Pieterick,rpieterick6o@kickstarter.com,Male,223.5.238.75
242,Kittie,Stealey,kstealey6p@cnn.com,Female,237.202.188.59
243,Karlotte,McCafferky,kmccafferky6q@japanpost.jp,Female,56.171.147.154
244,Aloysia,Fallon,afallon6r@google.com.hk,Female,38.18.97.211
245,Letty,Hatfield,lhatfield6s@msu.edu,Female,14.178.163.45
246,Roxanna,McShirie,rmcshirie6t@comsenz.com,Female,43.251.185.144
247,Paula,Sondland,psondland6u@networksolutions.com,Female,103.171.137.61
248,Tamera,McVanamy,tmcvanamy6v@pbs.org,Female,125.141.232.24
249,Rutter,Eberlein,reberlein6w@tmall.com,Male,188.164.232.74
250,Charlie,Daville,cdaville6x@canalblog.com,Male,97.187.154.52
251,Erie,Ricciardo,ericciardo6y@microsoft.com,Male,121.248.178.89
252,Thom,Filpi,tfilpi6z@timesonline.co.uk,Male,91.184.67.69
253,Dniren,Grainge,dgrainge70@nifty.com,Female,248.154.241.68
254,Freedman,Delves,fdelves71@springer.com,Male,126.65.40.190
255,Holli,O'Beirne,hobeirne72@un.org,Female,44.167.194.191
256,Zsa zsa,Godby,zgodby73@businessweek.com,Female,250.19.238.36
257,Julie,Scarisbrick,jscarisbrick74@weibo.com,Non-binary,10.163.239.53
258,Nate,Balcock,nbalcock75@disqus.com,Male,106.59.122.119
259,Prescott,Dyball,pdyball76@nytimes.com,Male,157.204.191.180
260,Garv,Bareford,gbareford77@abc.net.au,Male,140.143.109.224
261,Kane,Pedri,kpedri78@elpais.com,Male,98.202.217.176
262,Hillie,Braddon,hbraddon79@netscape.com,Male,106.238.25.143
263,Merwin,Neiland,mneiland7a@pinterest.com,Non-binary,35.159.42.15
264,Inigo,Deekes,ideekes7b@symantec.com,Male,158.131.188.86
265,Tore,Fache,tfache7c@ebay.com,Male,200.237.207.217
266,Ronny,Farland,rfarland7d@webeden.co.uk,Male,208.8.155.8
267,Maybelle,Roon,mroon7e@joomla.org,Agender,223.205.251.146
268,Gae,Baily,gbaily7f@businesswire.com,Female,212.255.234.21
269,Bone,Eastbrook,beastbrook7g@google.co.jp,Male,185.67.166.232
270,Alexia,Diloway,adiloway7h@angelfire.com,Female,3.36.170.18
271,Lorrayne,Willerson,lwillerson7i@angelfire.com,Female,29.188.56.5
272,Saundra,Cristofor,scristofor7j@timesonline.co.uk,Female,142.234.143.44
273,Bearnard,Lowdwell,blowdwell7k@intel.com,Male,138.45.91.0
274,Bertie,Sainteau,bsainteau7l@dion.ne.jp,Female,145.184.217.214
275,Shelley,Abrahamsen,sabrahamsen7m@google.ca,Male,190.159.41.155
276,Lorant,Rosie,lrosie7n@wikimedia.org,Male,200.212.4.16
277,Vito,Pinke,vpinke7o@dropbox.com,Male,166.177.144.238
278,Rosa,Besse,rbesse7p@ebay.com,Female,2.29.228.63
279,Gregg,Bernt,gbernt7q@mapquest.com,Male,208.173.122.7
280,Robbin,Watford,rwatford7r@ebay.com,Female,16.27.73.218
281,Ambrosius,Pettingill,apettingill7s@live.com,Male,51.101.108.147
282,Lilian,Boni,lboni7t@diigo.com,Female,84.7.94.92
283,Vinni,Pavia,vpavia7u@list-manage.com,Female,3.25.95.247
284,Devlen,Gager,dgager7v@rambler.ru,Male,141.227.81.77
285,Carolus,Sollitt,csollitt7w@theglobeandmail.com,Male,133.165.219.92
286,Jessamine,Knevett,jknevett7x@angelfire.com,Female,22.38.106.135
287,Dale,Soaper,dsoaper7y@salon.com,Male,135.176.19.85
288,Lynna,Parradye,lparradye7z@livejournal.com,Female,184.134.94.155
289,Putnam,Moodey,pmoodey80@weibo.com,Male,13.192.171.254
290,Risa,Lowndsbrough,rlowndsbrough81@reverbnation.com,Female,199.152.106.29
291,Casper,Corsor,ccorsor82@meetup.com,Male,85.176.50.103
292,Thornton,Ranald,tranald83@ifeng.com,Male,162.232.203.75
293,Carree,McCrostie,cmccrostie84@rambler.ru,Female,199.205.100.107
294,Clare,Darthe,cdarthe85@about.me,Female,139.216.93.81
295,Bekki,Sheaf,bsheaf86@issuu.com,Female,126.50.225.115
296,Quill,Gregol,qgregol87@nhs.uk,Bigender,240.30.104.168
297,Annabella,Kenryd,akenryd88@rediff.com,Female,105.4.160.109
298,Randi,Petlyura,rpetlyura89@cnet.com,Male,228.224.243.127
299,Kristin,Caven,kcaven8a@parallels.com,Female,209.200.87.194
300,Noe,Badam,nbadam8b@ycombinator.com,Male,255.67.96.128
301,Welbie,Durrett,wdurrett8c@artisteer.com,Male,15.233.183.230
302,Ada,Bjerkan,abjerkan8d@hubpages.com,Female,109.203.163.132
303,Angele,Beamont,abeamont8e@printfriendly.com,Female,32.190.66.13
304,Galven,Ruston,gruston8f@cam.ac.uk,Male,183.227.208.12
305,Patrick,Booeln,pbooeln8g@csmonitor.com,Male,30.51.72.188
306,Zack,O'Docherty,zodocherty8h@de.vu,Male,238.195.44.92
307,Bili,Boken,bboken8i@etsy.com,Female,232.189.30.157
308,Emmerich,Michin,emichin8j@youtube.com,Polygender,16.165.82.236
309,Zolly,Dowsett,zdowsett8k@naver.com,Male,49.87.192.61
310,Tonie,Tackley,ttackley8l@blog.com,Female,221.41.253.38
311,Jillayne,Sign,jsign8m@bloglines.com,Female,193.206.226.66
312,Krishna,King,kking8n@fema.gov,Male,96.36.104.157
313,Jabez,Lorenzo,jlorenzo8o@addthis.com,Male,5.118.181.188
314,Xena,Wintersgill,xwintersgill8p@state.gov,Female,238.252.20.84
315,Tris,Milthorpe,tmilthorpe8q@friendfeed.com,Male,211.17.20.21
316,Joyan,Lemon,jlemon8r@earthlink.net,Agender,170.125.207.34
317,Lynnea,Rutledge,lrutledge8s@usatoday.com,Female,234.71.67.65
318,Doyle,Ramelot,dramelot8t@prnewswire.com,Male,248.6.107.225
319,Rochester,Bossons,rbossons8u@cpanel.net,Male,156.241.63.154
320,Julina,Coughan,jcoughan8v@ehow.com,Female,165.40.209.121
321,Alonso,Hocking,ahocking8w@elpais.com,Male,246.48.30.250
322,Marleah,Clair,mclair8x@stumbleupon.com,Female,4.57.61.185
323,Mela,Planks,mplanks8y@usatoday.com,Female,224.226.164.171
324,Caitrin,Longhirst,clonghirst8z@amazon.com,Female,84.253.237.89
325,Vasilis,Northwood,vnorthwood90@washingtonpost.com,Male,206.44.212.132
326,Mile,Hexter,mhexter91@howstuffworks.com,Male,13.21.186.251
327,Nesta,Attrill,nattrill92@admin.ch,Female,78.106.52.72
328,Phillipp,Southcoat,psouthcoat93@hugedomains.com,Male,240.234.202.4
329,Thorin,Joesbury,tjoesbury94@amazon.co.jp,Male,124.38.160.166
330,Violetta,Queen,vqueen95@skype.com,Female,185.249.40.178
331,Eleen,Gauge,egauge96@free.fr,Female,47.193.56.244
332,Patrizio,Kennermann,pkennermann97@nymag.com,Male,109.250.150.64
333,Cobby,Holton,cholton98@ucsd.edu,Male,234.105.212.30
334,Caro,Rawlyns,crawlyns99@salon.com,Female,208.64.229.119
335,Tandie,Stripp,tstripp9a@weibo.com,Female,84.62.158.248
336,Whitby,Hatchard,whatchard9b@hc360.com,Male,192.41.205.83
337,Jena,Cawdell,jcawdell9c@psu.edu,Female,57.146.251.92
338,Jeane,Jaslem,jjaslem9d@foxnews.com,Female,30.97.248.182
339,Timmy,Denne,tdenne9e@mtv.com,Female,100.89.52.252
340,Kiele,Grayshan,kgrayshan9f@ow.ly,Female,101.143.122.214
341,Conney,Culley,cculley9g@forbes.com,Male,97.77.134.95
342,Brit,Zeplin,bzeplin9h@dmoz.org,Male,125.81.134.127
343,Xenos,Dancer,xdancer9i@samsung.com,Male,110.169.165.54
344,Shurlocke,Bobasch,sbobasch9j@ebay.com,Male,134.52.165.109
345,Teddy,Bravery,tbravery9k@nba.com,Male,195.171.212.42
346,Harlen,Millmore,hmillmore9l@acquirethisname.com,Male,241.229.236.222
347,Park,Witcher,pwitcher9m@upenn.edu,Male,179.10.208.140
348,Fern,Cecely,fcecely9n@e-recht24.de,Female,169.249.247.133
349,Jerri,Telfer,jtelfer9o@symantec.com,Male,6.215.155.236
350,Antony,Heatly,aheatly9p@salon.com,Male,224.115.167.228
351,Janelle,Pennick,jpennick9q@wix.com,Female,239.0.15.109
352,Butch,Kemp,bkemp9r@state.gov,Male,217.100.129.94
353,Doroteya,Fitzroy,dfitzroy9s@hexun.com,Female,143.98.158.66
354,Damita,Hollingsbee,dhollingsbee9t@chron.com,Polygender,235.49.54.214
355,Melicent,Iacomettii,miacomettii9u@gmpg.org,Female,10.53.231.175
356,Byrann,Derkes,bderkes9v@webeden.co.uk,Male,70.188.43.146
357,Lexi,Colwell,lcolwell9w@diigo.com,Female,78.151.67.181
358,Sanford,Macewan,smacewan9x@rambler.ru,Male,28.220.136.108
359,Halsy,Armour,harmour9y@amazon.com,Male,134.217.109.30
360,Karie,Deering,kdeering9z@ucsd.edu,Female,133.6.2.69
361,Kristian,Finley,kfinleya0@china.com.cn,Male,253.171.79.55
362,Eugen,Keppy,ekeppya1@miibeian.gov.cn,Male,187.110.119.67
363,Corby,Bembridge,cbembridgea2@photobucket.com,Male,185.251.55.15
364,Erich,Cumesky,ecumeskya3@apache.org,Polygender,225.34.37.212
365,Randall,Mathey,rmatheya4@wikimedia.org,Male,176.109.182.13
366,Rodrick,Bingall,rbingalla5@hubpages.com,Male,162.71.243.200
367,Albertine,Newberry,anewberrya6@flavors.me,Female,232.78.200.255
368,Elroy,Berr,eberra7@reuters.com,Male,140.245.189.127
369,Kati,Jarvis,kjarvisa8@weather.com,Non-binary,121.79.194.81
370,Quent,Earp,qearpa9@stanford.edu,Male,193.131.154.40
371,Gabriel,Baldry,gbaldryaa@hugedomains.com,Female,217.181.29.226
372,Delphine,Appleby,dapplebyab@wp.com,Female,213.249.60.17
373,Glenn,Jewett,gjewettac@deliciousdays.com,Non-binary,170.214.50.22
374,Rafi,Fowls,rfowlsad@wikispaces.com,Male,67.21.100.68
375,Wilfred,Chowne,wchowneae@sfgate.com,Male,135.204.242.88
376,Rabi,Hann,rhannaf@taobao.com,Male,90.122.207.194
377,Maitilde,Fakeley,mfakeleyag@wordpress.com,Female,40.7.26.145
378,Chevalier,Bradie,cbradieah@shop-pro.jp,Male,54.102.78.183
379,Lynn,Blackbrough,lblackbroughai@si.edu,Male,42.162.69.52
380,Jordan,Branca,jbrancaaj@nymag.com,Genderfluid,225.10.246.29
381,Claudelle,Caulliere,ccaulliereak@mozilla.com,Female,21.196.139.203
382,Ronalda,Stuttman,rstuttmanal@fda.gov,Female,73.55.21.181
383,Germain,Stannus,gstannusam@loc.gov,Female,5.131.120.6
384,Kingsley,Bowie,kbowiean@qq.com,Male,230.192.194.144
385,Erasmus,Astall,eastallao@soup.io,Male,110.138.120.225
386,Alisa,Doll,adollap@hugedomains.com,Genderfluid,50.233.42.12
387,Roy,Stancliffe,rstancliffeaq@nps.gov,Male,137.191.141.224
388,Justinn,Footitt,jfootittar@baidu.com,Female,226.212.166.4
389,Haley,Hearl,hhearlas@chronoengine.com,Female,77.250.191.52
390,Augy,Kinnar,akinnarat@telegraph.co.uk,Male,94.77.70.153
391,Bonni,Sorro,bsorroau@weebly.com,Female,46.48.34.8
392,Reynard,Dellatorre,rdellatorreav@narod.ru,Male,238.139.35.242
393,Jerald,Burberye,jburberyeaw@ihg.com,Male,178.214.163.21
394,Victor,Freckelton,vfreckeltonax@google.com,Male,149.203.62.78
395,Porty,Chaldecott,pchaldecottay@foxnews.com,Male,1.97.124.238
396,Sophey,Crone,scroneaz@npr.org,Female,141.201.244.4
397,Karlee,Gorring,kgorringb0@accuweather.com,Female,13.29.151.217
398,Rosaleen,Batchan,rbatchanb1@skyrock.com,Genderqueer,171.15.248.90
399,Marci,Happer,mhapperb2@fotki.com,Female,223.7.122.29
400,Udale,Yaxley,uyaxleyb3@shareasale.com,Male,178.154.163.220
401,Wilhelm,McNae,wmcnaeb4@slate.com,Male,95.126.136.77
402,Luz,Monsey,lmonseyb5@joomla.org,Female,59.29.108.144
403,Christabella,Benit,cbenitb6@apache.org,Female,8.195.225.195
404,Ashil,Martusewicz,amartusewiczb7@timesonline.co.uk,Polygender,77.90.113.105
405,Whitney,Quaife,wquaifeb8@washingtonpost.com,Agender,156.83.61.151
406,Horton,Collop,hcollopb9@sohu.com,Male,65.190.160.10
407,Ilsa,Cleaves,icleavesba@cocolog-nifty.com,Female,246.65.16.50
408,Shauna,Redemile,sredemilebb@hexun.com,Female,212.105.123.59
409,Rice,Amoore,ramoorebc@admin.ch,Non-binary,141.31.187.25
410,Isadora,Winkworth,iwinkworthbd@yellowbook.com,Female,191.187.90.35
411,Vince,Fiddler,vfiddlerbe@cdbaby.com,Male,5.92.215.180
412,Gay,Satch,gsatchbf@xrea.com,Male,124.38.84.144
413,Briano,Dymick,bdymickbg@ameblo.jp,Non-binary,47.135.122.230
414,Dwain,Summerley,dsummerleybh@bloglines.com,Male,96.62.150.159
415,Vaclav,Benninck,vbenninckbi@microsoft.com,Male,189.78.204.160
416,Kamilah,Kytter,kkytterbj@arizona.edu,Female,16.119.219.184
417,Nikoletta,O'Hallihane,nohallihanebk@wikispaces.com,Female,216.196.129.56
418,Perri,Tomaszczyk,ptomaszczykbl@latimes.com,Female,137.32.229.218
419,Aveline,Ortzen,aortzenbm@dailymotion.com,Female,84.54.83.177
420,Nevile,McGee,nmcgeebn@sbwire.com,Male,197.199.127.109
421,Darrell,Hatje,dhatjebo@arstechnica.com,Male,252.201.49.119
422,Winni,Coleford,wcolefordbp@wired.com,Female,215.160.66.60
423,Pearline,Nineham,pninehambq@hubpages.com,Female,108.0.104.176
424,Christie,Pes,cpesbr@msu.edu,Male,51.184.73.55
425,Whittaker,Egentan,wegentanbs@cafepress.com,Male,91.106.170.18
426,Felice,Le land,flelandbt@tamu.edu,Male,146.23.133.108
427,Des,O' Driscoll,dodriscollbu@rambler.ru,Male,21.28.86.194
428,Farica,Treasure,ftreasurebv@google.co.jp,Female,110.234.37.207
429,Jessee,Bottoms,jbottomsbw@delicious.com,Male,11.15.166.65
430,Christian,Penswick,cpenswickbx@php.net,Genderqueer,183.231.206.135
431,Ester,Kingsnod,ekingsnodby@berkeley.edu,Female,184.192.48.74
432,Conan,Azemar,cazemarbz@kickstarter.com,Male,0.100.59.236
433,Ellsworth,de Zamora,edezamorac0@storify.com,Male,163.42.238.95
434,Gertruda,Stonhewer,gstonhewerc1@baidu.com,Female,121.155.233.212
435,Elsie,Degan,edeganc2@ebay.co.uk,Female,45.229.1.187
436,Sammie,Horbath,shorbathc3@cocolog-nifty.com,Male,129.120.201.0
437,Willa,Glitherow,wglitherowc4@wordpress.org,Female,250.179.14.157
438,Dene,Eadmeads,deadmeadsc5@moonfruit.com,Male,45.178.30.1
439,Carr,Gillooly,cgilloolyc6@cpanel.net,Male,71.243.126.180
440,Thom,Cherryman,tcherrymanc7@ow.ly,Male,191.55.95.177
441,Bartholomew,Dangerfield,bdangerfieldc8@posterous.com,Bigender,104.220.231.99
442,Alyosha,Handke,ahandkec9@uiuc.edu,Male,147.190.184.12
443,Jacenta,Fyndon,jfyndonca@dot.gov,Polygender,42.169.218.113
444,Budd,Brackley,bbrackleycb@imdb.com,Male,186.143.119.83
445,Shannon,MacMenamin,smacmenamincc@wp.com,Female,80.173.217.95
446,Corine,Daggett,cdaggettcd@tamu.edu,Female,176.237.39.71
447,Ara,Masi,amasice@npr.org,Male,206.236.56.204
448,Kendal,Lagadu,klagaducf@zimbio.com,Male,12.113.161.20
449,Jerrie,Donoghue,jdonoghuecg@opera.com,Male,66.16.209.50
450,Agneta,Woodroofe,awoodroofech@aboutads.info,Female,106.176.101.101
451,Gisele,Hazelhurst,ghazelhurstci@yellowbook.com,Female,54.41.10.216
452,Bondy,Ladlow,bladlowcj@addtoany.com,Male,198.182.82.188
453,Johnathan,Haszard,jhaszardck@google.es,Male,166.132.29.250
454,Verney,Ironmonger,vironmongercl@bluehost.com,Male,249.227.219.176
455,Earle,Gaul,egaulcm@wix.com,Male,182.139.254.127
456,Rouvin,Dayley,rdayleycn@cbslocal.com,Male,138.132.155.65
457,Olimpia,Bosworth,obosworthco@ustream.tv,Female,89.121.191.236
458,Robenia,Salaman,rsalamancp@ovh.net,Female,127.145.144.39
459,Boniface,Antonognoli,bantonognolicq@hatena.ne.jp,Male,245.106.34.16
460,Saba,Farrington,sfarringtoncr@bizjournals.com,Female,153.22.19.195
461,Genovera,Poznanski,gpoznanskics@github.com,Female,196.50.234.138
462,Britteny,Hollow,bhollowct@hatena.ne.jp,Genderfluid,34.25.172.123
463,Marrilee,Scotts,mscottscu@goo.gl,Female,74.101.167.229
464,Athene,Roseblade,arosebladecv@netscape.com,Polygender,107.27.84.59
465,Petra,Gosse,pgossecw@answers.com,Female,103.52.49.138
466,Rosalia,Tibb,rtibbcx@cafepress.com,Female,246.255.253.31
467,Vince,Kitteringham,vkitteringhamcy@imgur.com,Male,89.233.192.158
468,Marlin,Gierck,mgierckcz@stumbleupon.com,Male,17.228.51.54
469,Boone,Chaffe,bchaffed0@icq.com,Male,0.223.3.253
470,Lauri,Vaskov,lvaskovd1@accuweather.com,Female,130.124.215.223
471,Izzy,Affron,iaffrond2@china.com.cn,Male,40.71.162.70
472,Cati,Harp,charpd3@infoseek.co.jp,Female,67.109.90.191
473,Alyce,Abella,aabellad4@earthlink.net,Female,30.244.200.215
474,Rafe,Murcutt,rmurcuttd5@go.com,Male,130.22.71.208
475,Philippe,Waything,pwaythingd6@ocn.ne.jp,Female,232.214.23.230
476,Cherin,Whistan,cwhistand7@tinyurl.com,Female,177.187.209.158
477,Dolores,Humby,dhumbyd8@miitbeian.gov.cn,Female,9.224.65.99
478,Darlleen,Tie,dtied9@baidu.com,Female,200.141.213.220
479,Jillane,Cluff,jcluffda@theatlantic.com,Female,152.109.27.207
480,Lelia,Twell,ltwelldb@fastcompany.com,Female,78.41.75.82
481,Iosep,Keel,ikeeldc@youku.com,Male,245.207.100.227
482,Jacquelin,Lomax,jlomaxdd@hp.com,Genderqueer,194.34.93.126
483,Hashim,Swindley,hswindleyde@cam.ac.uk,Male,53.115.202.87
484,Talbert,Bedingfield,tbedingfielddf@indiegogo.com,Male,93.61.42.138
485,Goraud,Moine,gmoinedg@sfgate.com,Male,244.163.164.142
486,Gunner,Kynett,gkynettdh@yandex.ru,Agender,210.231.43.36
487,Shannah,Style,sstyledi@delicious.com,Non-binary,163.205.155.255
488,Foster,Base,fbasedj@blogs.com,Male,247.105.19.207
489,Sandy,Elderkin,selderkindk@google.es,Male,30.209.66.235
490,Rowena,Creggan,rcreggandl@nytimes.com,Female,82.203.87.31
491,Bella,Long,blongdm@angelfire.com,Genderqueer,134.136.3.49
492,Hunfredo,Kinzel,hkinzeldn@apple.com,Male,79.20.132.221
493,Gualterio,Di Bernardo,gdibernardodo@ucoz.com,Genderfluid,132.171.190.184
494,York,Heigho,yheighodp@canalblog.com,Male,7.32.49.169
495,Pinchas,Espadate,pespadatedq@e-recht24.de,Male,164.47.12.56
496,Karel,Crombie,kcrombiedr@ihg.com,Male,30.82.4.204
497,Wendy,Whitworth,wwhitworthds@lycos.com,Female,74.109.226.44
498,Ernst,Durn,edurndt@princeton.edu,Male,255.96.159.225
499,Kitti,Betonia,kbetoniadu@twitter.com,Genderqueer,16.183.165.127
500,Cathrin,Mulles,cmullesdv@dell.com,Female,64.93.83.223
501,Loydie,Sefton,lseftondw@businessinsider.com,Male,43.233.102.6
502,Lyda,Knivett,lknivettdx@plala.or.jp,Non-binary,67.172.240.82
503,Berti,Hoble,bhobledy@apple.com,Male,166.29.226.224
504,Wendell,Wright,wwrightdz@reference.com,Male,249.113.183.98
505,Matt,Rossander,mrossandere0@mtv.com,Male,156.146.104.223
506,Elroy,Maddie,emaddiee1@desdev.cn,Male,133.180.212.209
507,Vance,Cheltnam,vcheltname2@whitehouse.gov,Male,224.205.11.135
508,Blair,Gainsford,bgainsforde3@wufoo.com,Female,124.92.240.4
509,Ashley,Eallis,aeallise4@a8.net,Male,148.135.58.67
510,Lissy,Lawland,llawlande5@bravesites.com,Female,71.95.35.133
511,Eugen,Fansy,efansye6@jugem.jp,Male,90.14.18.39
512,Ryann,Kupec,rkupece7@photobucket.com,Female,132.240.83.78
513,Jerrome,Davidman,jdavidmane8@gov.uk,Genderqueer,249.2.242.221
514,Barrie,Miller,bmillere9@utexas.edu,Bigender,254.179.71.81
515,Barret,Bento,bbentoea@pagesperso-orange.fr,Male,250.14.54.38
516,Shea,Crankshaw,scrankshaweb@prweb.com,Female,173.171.229.124
517,Ara,Del Dello,adeldelloec@goo.ne.jp,Female,133.173.194.166
518,Leelah,Dowle,ldowleed@ameblo.jp,Female,113.217.205.64
519,Wolf,Lerer,wlereree@mtv.com,Male,94.166.233.2
520,Base,Stack,bstackef@tmall.com,Male,22.54.218.69
521,Skelly,Shrimpling,sshrimplingeg@earthlink.net,Male,221.169.150.63
522,Umeko,Taig,utaigeh@uol.com.br,Female,149.34.176.201
523,Lucais,Gallihawk,lgallihawkei@w3.org,Male,190.65.17.169
524,Tomi,Tocknell,ttocknellej@behance.net,Female,38.50.140.43
525,Belicia,Shapcote,bshapcoteek@nytimes.com,Female,86.170.54.149
526,Leyla,Daniells,ldaniellsel@census.gov,Female,189.222.237.56
527,Muffin,Hubbins,mhubbinsem@yellowbook.com,Female,217.58.231.23
528,Claretta,Sallings,csallingsen@businessweek.com,Genderfluid,183.61.193.191
529,Jonie,Marwood,jmarwoodeo@narod.ru,Female,209.177.220.172
530,Oren,Possek,opossekep@mlb.com,Non-binary,161.18.168.39
531,Vachel,Livock,vlivockeq@sina.com.cn,Male,9.183.199.164
532,Newton,Birdwhistell,nbirdwhisteller@shop-pro.jp,Male,218.120.222.117
533,Marylin,Leece,mleecees@abc.net.au,Female,127.167.179.191
534,Ronald,Catherine,rcatherineet@cdc.gov,Genderqueer,137.214.197.11
535,Jarred,Zarb,jzarbeu@reference.com,Male,160.139.142.147
536,Karlene,Elleyne,kelleyneev@jugem.jp,Female,188.203.147.104
537,Myron,Duncan,mduncanew@google.com.hk,Male,56.15.42.243
538,Ruthi,Huot,rhuotex@ning.com,Female,85.50.196.184
539,Sutherlan,Eldredge,seldredgeey@tinyurl.com,Male,123.200.211.120
540,Gina,Lidington,glidingtonez@xinhuanet.com,Female,158.26.87.34
541,Tamera,Hitzschke,thitzschkef0@yale.edu,Female,74.249.130.158
542,Reece,Laneham,rlanehamf1@mac.com,Male,123.144.223.234
543,Vitia,Crawley,vcrawleyf2@scribd.com,Female,126.220.97.176
544,Hakim,Baynard,hbaynardf3@smugmug.com,Male,20.84.182.208
545,Michaela,Llywarch,mllywarchf4@nsw.gov.au,Female,121.133.247.6
546,Lavinia,Lardeux,llardeuxf5@spotify.com,Female,232.158.24.48
547,Patrizius,Rama,pramaf6@usnews.com,Male,185.69.130.7
548,Kyle,Leith-Harvey,kleithharveyf7@imdb.com,Male,148.244.150.133
549,Nichols,Nagle,nnaglef8@loc.gov,Male,239.185.140.78
550,Geoffrey,Jozefiak,gjozefiakf9@wordpress.com,Male,236.134.121.107
551,Ferris,Sollas,fsollasfa@miitbeian.gov.cn,Male,247.106.236.144
552,Gena,Hearmon,ghearmonfb@dion.ne.jp,Female,184.209.128.231
553,Garek,Satyford,gsatyfordfc@examiner.com,Male,9.52.84.35
554,Willy,Maulden,wmauldenfd@yolasite.com,Female,21.219.150.209
555,Alexandros,Seiller,aseillerfe@springer.com,Male,121.124.171.86
556,Nealy,Mose,nmoseff@dell.com,Male,231.241.193.224
557,Alvan,Antonomolii,aantonomoliifg@discovery.com,Male,3.94.40.146
558,Juditha,Gianilli,jgianillifh@illinois.edu,Female,45.98.115.10
559,Magdalen,Albarez,malbarezfi@e-recht24.de,Female,7.13.56.89
560,Leisha,Ransome,lransomefj@omniture.com,Female,71.20.99.225
561,Gualterio,Kordt,gkordtfk@nyu.edu,Male,62.249.160.197
562,Giovanna,Obee,gobeefl@patch.com,Female,82.253.208.60
563,Virginie,Pithie,vpithiefm@webs.com,Female,192.167.229.248
564,Orazio,Samsonsen,osamsonsenfn@pagesperso-orange.fr,Male,106.121.67.32
565,Halsy,Pigny,hpignyfo@e-recht24.de,Male,157.48.30.155
566,Madella,Lesly,mleslyfp@moonfruit.com,Female,182.228.172.120
567,Glyn,Nunns,gnunnsfq@t.co,Male,196.205.175.241
568,Elie,Leaf,eleaffr@geocities.jp,Female,216.195.108.2
569,Xenos,Kaminski,xkaminskifs@usatoday.com,Male,89.232.14.233
570,Mirna,Readhead,mreadheadft@yandex.ru,Female,128.109.45.194
571,Eleen,Harriot,eharriotfu@aboutads.info,Female,166.234.213.192
572,Benny,Comsty,bcomstyfv@t.co,Male,34.60.188.93
573,Conni,Harmant,charmantfw@pbs.org,Female,246.109.152.126
574,Ollie,Joannet,ojoannetfx@howstuffworks.com,Male,204.216.87.60
575,Rolland,Byrd,rbyrdfy@state.tx.us,Male,194.232.125.238
576,Sianna,Shaplin,sshaplinfz@ca.gov,Female,47.50.145.22
577,Atlante,Vowden,avowdeng0@youtube.com,Female,221.203.15.169
578,Julissa,Simondson,jsimondsong1@sfgate.com,Female,71.34.170.211
579,Maureene,Dacres,mdacresg2@house.gov,Female,247.173.44.51
580,Freddy,Keppy,fkeppyg3@live.com,Female,226.63.229.199
581,Barnie,Waison,bwaisong4@yellowbook.com,Male,109.228.89.147
582,Ferrel,Rasor,frasorg5@wordpress.org,Male,1.162.201.233
583,Lowell,Sheahan,lsheahang6@ow.ly,Male,182.118.234.230
584,Davey,Gomery,dgomeryg7@barnesandnoble.com,Male,235.205.168.118
585,Stacia,Scraggs,sscraggsg8@buzzfeed.com,Female,167.183.117.135
586,Wanids,Wattingham,wwattinghamg9@goodreads.com,Female,67.212.7.155
587,Alister,Blonfield,ablonfieldga@vkontakte.ru,Male,245.240.187.29
588,Amelita,Denniston,adennistongb@xrea.com,Female,9.48.127.214
589,Cybill,Knee,ckneegc@hibu.com,Female,150.212.189.32
590,Livy,Bowra,lbowragd@yelp.com,Female,96.109.77.203
591,Quent,Lynock,qlynockge@pbs.org,Male,216.98.186.210
592,Free,Hewes,fhewesgf@fda.gov,Male,57.99.11.114
593,Mathias,Gillebert,mgillebertgg@who.int,Polygender,101.107.204.12
594,Legra,Pharaoh,lpharaohgh@ca.gov,Female,105.118.135.34
595,Tony,MacCosty,tmaccostygi@toplist.cz,Female,121.79.149.214
596,Boyd,Kyttor,bkyttorgj@spiegel.de,Male,223.25.182.10
597,Yvor,Matschek,ymatschekgk@live.com,Male,191.159.195.254
598,Kalvin,Murname,kmurnamegl@google.fr,Male,59.54.231.141
599,Ruy,Sutter,rsuttergm@springer.com,Male,169.191.8.55
600,Christin,Stairmand,cstairmandgn@google.ru,Female,47.88.206.161
601,Jeremy,O'Corren,jocorrengo@ucla.edu,Male,89.250.206.235
602,Guy,Wetherhead,gwetherheadgp@aol.com,Agender,147.117.191.47
603,Martino,Schoales,mschoalesgq@oakley.com,Male,24.35.200.25
604,Eli,Dainton,edaintongr@noaa.gov,Male,127.163.53.209
605,Tully,Kyteley,tkyteleygs@wikipedia.org,Male,120.25.242.87
606,Burty,Jatczak,bjatczakgt@unesco.org,Genderqueer,74.226.158.156
607,Shawnee,Spraggon,sspraggongu@storify.com,Female,67.255.249.109
608,Kit,Frisdick,kfrisdickgv@yahoo.co.jp,Male,193.81.92.102
609,Robena,Strewthers,rstrewthersgw@ftc.gov,Female,238.196.38.120
610,Olivero,Troke,otrokegx@dedecms.com,Male,137.129.134.116
611,Glenn,Alyukin,galyukingy@usgs.gov,Polygender,17.241.70.35
612,Stanford,Adamovich,sadamovichgz@linkedin.com,Male,134.206.141.170
613,Helena,Lowless,hlowlessh0@amazonaws.com,Female,204.116.113.32
614,Lauree,Hayselden,lhayseldenh1@printfriendly.com,Female,139.24.114.183
615,Terry,Benn,tbennh2@ifeng.com,Male,254.168.194.111
616,Jarvis,Luetchford,jluetchfordh3@yandex.ru,Male,16.136.103.57
617,Wait,Gaggen,wgaggenh4@huffingtonpost.com,Male,187.190.161.164
618,Gene,Stoker,gstokerh5@shop-pro.jp,Male,43.16.241.40
619,Adaline,Storrie,astorrieh6@plala.or.jp,Female,240.242.35.176
620,Miof mela,Fowlestone,mfowlestoneh7@howstuffworks.com,Female,21.127.139.40
621,Iolande,Scotson,iscotsonh8@toplist.cz,Female,147.10.30.239
622,Noemi,Sircomb,nsircombh9@whitehouse.gov,Female,10.124.168.50
623,Leonelle,Pirazzi,lpirazziha@ox.ac.uk,Female,193.28.1.229
624,Stephani,Dionisetto,sdionisettohb@nsw.gov.au,Female,37.142.191.93
625,Dulce,Dugmore,ddugmorehc@columbia.edu,Female,204.57.128.159
626,Leone,Orwin,lorwinhd@redcross.org,Female,88.62.99.159
627,Trixie,Corkell,tcorkellhe@hhs.gov,Female,130.149.167.23
628,Joella,MacGlory,jmacgloryhf@japanpost.jp,Female,225.116.209.21
629,Martin,Schoffel,mschoffelhg@netvibes.com,Male,103.204.98.55
630,Orran,Cobleigh,ocobleighhh@cmu.edu,Male,239.242.110.223
631,Fedora,Deavall,fdeavallhi@buzzfeed.com,Female,229.230.31.110
632,Essy,Ciccottio,eciccottiohj@prweb.com,Female,168.48.169.23
633,Malachi,Corner,mcornerhk@theatlantic.com,Male,184.106.137.170
634,Cahra,Maccrae,cmaccraehl@techcrunch.com,Female,60.69.244.220
635,Carri,Giacomasso,cgiacomassohm@barnesandnoble.com,Female,74.0.126.151
636,Mina,Lennarde,mlennardehn@google.fr,Female,177.152.89.6
637,Iggie,Roydon,iroydonho@buzzfeed.com,Male,221.166.15.23
638,Kamila,Greenhowe,kgreenhowehp@google.fr,Female,7.63.122.62
639,Adda,Parkhouse,aparkhousehq@fc2.com,Female,227.58.173.96
640,Ophelia,Whereat,owhereathr@yandex.ru,Non-binary,142.41.24.43
641,Fulvia,Dradey,fdradeyhs@w3.org,Female,19.50.148.58
642,Jenelle,Iglesia,jiglesiaht@nymag.com,Female,84.53.255.45
643,Evered,Brugemann,ebrugemannhu@rakuten.co.jp,Male,30.188.154.224
644,Dallis,Thecham,dthechamhv@nyu.edu,Male,187.209.148.62
645,Elwira,Coda,ecodahw@example.com,Female,178.43.159.71
646,Fenelia,Clerc,fclerchx@twitpic.com,Female,9.238.60.75
647,Helaina,Corneck,hcorneckhy@histats.com,Genderfluid,211.164.229.164
648,Darla,Roseaman,droseamanhz@jalbum.net,Female,223.146.88.156
649,Dorrie,Kordt,dkordti0@java.com,Female,228.240.21.218
650,Thornton,Gerriet,tgerrieti1@usnews.com,Male,58.153.51.229
651,Giselbert,de Bullion,gdebullioni2@github.com,Male,104.79.200.221
652,Elia,Barthelme,ebarthelmei3@geocities.com,Male,237.44.179.0
653,Egbert,Nann,enanni4@phoca.cz,Male,208.236.18.84
654,Berky,Boxer,bboxeri5@mashable.com,Male,69.115.236.67
655,Vilma,Wafer,vwaferi6@forbes.com,Female,17.152.129.131
656,Codee,Walbridge,cwalbridgei7@list-manage.com,Female,33.215.212.133
657,Ryan,Cammocke,rcammockei8@fema.gov,Male,95.132.200.65
658,Boyd,Chettle,bchettlei9@vkontakte.ru,Non-binary,146.207.136.220
659,Kenton,McIlhone,kmcilhoneia@gravatar.com,Male,219.194.212.167
660,Phyllis,Ruselin,pruselinib@wsj.com,Female,95.103.239.67
661,Remy,Boustred,rboustredic@hexun.com,Female,177.200.0.235
662,Joshia,Dawton,jdawtonid@disqus.com,Male,236.153.226.208
663,Thurstan,Palay,tpalayie@seesaa.net,Polygender,76.198.219.89
664,Robers,MacCahey,rmaccaheyif@dion.ne.jp,Male,137.35.242.92
665,Catie,Bordiss,cbordissig@google.ru,Female,88.241.167.59
666,Hertha,Vasnev,hvasnevih@un.org,Female,152.206.6.20
667,Dena,Zimmer,dzimmerii@hhs.gov,Female,49.255.147.142
668,Barty,Farries,bfarriesij@thetimes.co.uk,Male,83.206.208.77
669,Johannah,Aldersea,jalderseaik@va.gov,Female,99.155.47.50
670,Debra,Jackling,djacklingil@spotify.com,Female,115.169.4.231
671,Noel,Packwood,npackwoodim@cocolog-nifty.com,Male,38.254.47.9
672,Arman,Ruberti,arubertiin@hugedomains.com,Male,122.91.16.130
673,Mair,Varney,mvarneyio@samsung.com,Female,79.176.116.232
674,Meris,Cross,mcrossip@hostgator.com,Female,188.204.175.226
675,Ludvig,Bapty,lbaptyiq@china.com.cn,Male,254.150.99.149
676,Noelani,Snashall,nsnashallir@vimeo.com,Female,108.35.144.182
677,Boy,Puckham,bpuckhamis@wix.com,Male,14.254.226.12
678,Matteo,Bolles,mbollesit@ucsd.edu,Male,104.95.10.118
679,Nowell,Yegorshin,nyegorshiniu@java.com,Male,137.252.254.186
680,Orlan,Moat,omoativ@accuweather.com,Male,52.246.197.150
681,Trace,Ralfe,tralfeiw@pagesperso-orange.fr,Male,195.55.18.214
682,Storm,Aulsford,saulsfordix@creativecommons.org,Female,159.130.96.168
683,Bentlee,Akester,bakesteriy@theglobeandmail.com,Male,84.147.149.225
684,Clayton,Kirkland,ckirklandiz@tumblr.com,Male,130.211.52.27
685,Allx,Hards,ahardsj0@example.com,Female,86.152.175.121
686,Minnaminnie,Bendle,mbendlej1@dell.com,Female,242.103.213.214
687,Alida,Endley,aendleyj2@opera.com,Female,26.195.123.202
688,Yancy,Camacke,ycamackej3@webnode.com,Male,0.163.236.155
689,Gray,Flute,gflutej4@ucla.edu,Genderfluid,102.57.79.99
690,Rudiger,Caddy,rcaddyj5@canalblog.com,Male,246.25.206.50
691,Brynne,McMylor,bmcmylorj6@toplist.cz,Female,200.253.235.23
692,Timmie,Kornacki,tkornackij7@arizona.edu,Male,215.49.35.23
693,Earvin,Killingsworth,ekillingsworthj8@princeton.edu,Male,224.249.255.30
694,Audrey,Janout,ajanoutj9@ycombinator.com,Female,252.102.241.160
695,Emmott,De Avenell,edeavenellja@whitehouse.gov,Male,223.96.101.95
696,Bartel,Ronaldson,bronaldsonjb@photobucket.com,Male,193.19.168.43
697,Monah,Pollock,mpollockjc@desdev.cn,Female,119.50.162.67
698,Isac,Murney,imurneyjd@miibeian.gov.cn,Male,211.192.167.95
699,Yvon,Tuberfield,ytuberfieldje@blinklist.com,Male,181.48.126.167
700,Case,Robertazzi,crobertazzijf@is.gd,Male,124.141.205.2
701,Grace,Baudassi,gbaudassijg@fema.gov,Male,46.205.6.254
702,Florida,Guttridge,fguttridgejh@bbc.co.uk,Female,75.189.79.126
703,Mora,Zellmer,mzellmerji@ezinearticles.com,Female,110.165.73.44
704,Georges,Thay,gthayjj@desdev.cn,Male,150.38.177.155
705,Stevy,Priestman,spriestmanjk@cyberchimps.com,Male,157.0.34.17
706,Emanuel,Klulicek,eklulicekjl@google.ru,Male,6.139.5.167
707,Iorgos,Chillcot,ichillcotjm@theatlantic.com,Male,28.65.226.197
708,Barbie,Ready,breadyjn@ehow.com,Female,221.185.200.173
709,Freemon,Waberer,fwabererjo@reuters.com,Male,34.78.199.197
710,Ethe,Palumbo,epalumbojp@odnoklassniki.ru,Male,92.132.107.145
711,Elwin,Mobbs,emobbsjq@4shared.com,Male,242.23.231.233
712,Aksel,Gaither,agaitherjr@ifeng.com,Male,126.206.242.114
713,Dinah,Guppey,dguppeyjs@mozilla.org,Female,56.152.157.237
714,Allyn,Atwel,aatweljt@auda.org.au,Female,169.79.42.49
715,Ainslee,Chaloner,achalonerju@seattletimes.com,Female,201.186.29.196
716,Gavrielle,McKleod,gmckleodjv@pagesperso-orange.fr,Female,96.194.165.38
717,Sherlocke,Pitherick,spitherickjw@npr.org,Male,181.157.74.252
718,Davita,Andreotti,dandreottijx@delicious.com,Female,119.34.113.82
719,Teresita,Rigardeau,trigardeaujy@t-online.de,Female,68.54.50.65
720,Mychal,Brayford,mbrayfordjz@yahoo.com,Male,238.204.91.95
721,Em,Durward,edurwardk0@webmd.com,Male,129.226.21.154
722,Perkin,Bilton,pbiltonk1@e-recht24.de,Male,107.125.142.147
723,Zaneta,Baldin,zbaldink2@ft.com,Polygender,51.155.59.59
724,Guillemette,Cavell,gcavellk3@jimdo.com,Female,125.19.163.169
725,Jeffy,Pipet,jpipetk4@prweb.com,Male,114.255.7.131
726,Glenn,Gorgen,ggorgenk5@theglobeandmail.com,Male,180.36.14.147
727,Anna-diane,Yitzovitz,ayitzovitzk6@cbslocal.com,Female,140.163.189.140
728,Berte,Romaine,bromainek7@seesaa.net,Female,117.82.24.208
729,Berti,Van Halle,bvanhallek8@netscape.com,Female,235.220.178.154
730,Aurel,Somerscales,asomerscalesk9@sbwire.com,Female,160.222.107.222
731,Leena,Dutt,lduttka@tumblr.com,Female,227.140.222.186
732,Britt,Chable,bchablekb@google.cn,Female,39.189.136.195
733,Dorella,Moyes,dmoyeskc@google.es,Female,124.136.12.174
734,Prentiss,Whitticks,pwhittickskd@oakley.com,Polygender,16.153.41.11
735,Krishna,McQuorkel,kmcquorkelke@marketwatch.com,Male,132.215.39.139
736,Samantha,MacNamee,smacnameekf@github.io,Female,21.12.2.251
737,Phebe,Quainton,pquaintonkg@jalbum.net,Female,140.39.28.82
738,Althea,Gilhespy,agilhespykh@tinypic.com,Genderqueer,52.125.98.255
739,Danica,Levin,dlevinki@yahoo.com,Female,159.4.65.39
740,Sly,Rothchild,srothchildkj@unesco.org,Male,253.42.229.12
741,Helen-elizabeth,Whiffen,hwhiffenkk@so-net.ne.jp,Female,46.159.203.218
742,Aida,Mathewes,amatheweskl@reuters.com,Female,69.115.29.178
743,Emma,Dunsmore,edunsmorekm@guardian.co.uk,Female,197.20.25.208
744,Michal,Lamey,mlameykn@sciencedaily.com,Female,233.194.89.118
745,Sig,Dearth,sdearthko@creativecommons.org,Male,99.32.117.5
746,Luce,Yedy,lyedykp@google.ru,Female,233.23.14.23
747,Marilee,Imort,mimortkq@nytimes.com,Female,100.61.104.172
748,Davidde,Dyzart,ddyzartkr@smh.com.au,Male,123.178.189.136
749,Ray,Woolf,rwoolfks@npr.org,Agender,29.43.119.88
750,Leshia,Ambrosio,lambrosiokt@boston.com,Female,250.155.233.34
751,Claudell,Kreutzer,ckreutzerku@bloglovin.com,Male,78.49.85.126
752,Stephen,Grestie,sgrestiekv@goo.gl,Male,206.167.158.210
753,Vasily,Elderidge,velderidgekw@yandex.ru,Male,12.30.215.220
754,Eula,Blofeld,eblofeldkx@indiegogo.com,Female,101.151.165.177
755,Penn,Maryska,pmaryskaky@census.gov,Male,203.194.128.24
756,Osborn,Deedes,odeedeskz@ifeng.com,Male,181.87.165.145
757,Anestassia,Galley,agalleyl0@ed.gov,Female,161.168.241.148
758,Laurice,Rogge,lroggel1@prnewswire.com,Female,111.49.117.149
759,Rance,Redwall,rredwalll2@yellowpages.com,Bigender,22.222.118.19
760,Rahel,Peck,rpeckl3@tuttocitta.it,Female,244.24.208.76
761,Ara,Jozwik,ajozwikl4@youku.com,Male,102.64.110.104
762,Nefen,Crichten,ncrichtenl5@trellian.com,Male,254.76.28.125
763,Cyndi,Brunsden,cbrunsdenl6@mozilla.org,Female,75.178.127.20
764,Dacie,Waddoups,dwaddoupsl7@topsy.com,Female,110.249.37.16
765,Vin,Kurt,vkurtl8@people.com.cn,Female,107.74.216.117
766,Angelita,Renihan,arenihanl9@hc360.com,Female,197.135.28.233
767,Erasmus,Ilyenko,eilyenkola@seattletimes.com,Male,225.117.15.232
768,Annetta,Antrum,aantrumlb@pen.io,Female,131.123.164.57
769,Darrel,Lambal,dlamballc@pagesperso-orange.fr,Male,112.204.211.9
770,Gabi,Preskett,gpreskettld@t.co,Male,135.142.128.135
771,Kamillah,Edlyn,kedlynle@jigsy.com,Female,88.226.254.55
772,Aldous,Gunderson,agundersonlf@blogtalkradio.com,Male,91.119.3.209
773,Katharina,Basset,kbassetlg@wikispaces.com,Female,124.247.99.163
774,Nataniel,Portriss,nportrisslh@hatena.ne.jp,Male,5.24.157.240
775,Herrick,Higgoe,hhiggoeli@mayoclinic.com,Male,56.224.252.247
776,Darlleen,Harrill,dharrilllj@photobucket.com,Female,184.41.131.221
777,Armin,Cornish,acornishlk@histats.com,Male,10.106.134.75
778,Elana,Dommersen,edommersenll@usgs.gov,Female,153.120.73.144
779,Hadria,Oiseau,hoiseaulm@csmonitor.com,Female,15.70.171.52
780,Caitrin,O'Kennedy,cokennedyln@hhs.gov,Female,147.183.233.63
781,Jonathan,Danter,jdanterlo@netscape.com,Male,71.227.236.199
782,Taylor,Samart,tsamartlp@usda.gov,Male,5.173.125.146
783,Carol-jean,Craythorn,ccraythornlq@mysql.com,Female,193.104.162.22
784,Aldric,Pickston,apickstonlr@illinois.edu,Male,186.181.207.188
785,Emmye,Petken,epetkenls@nbcnews.com,Female,118.10.25.62
786,Arin,Spillett,aspillettlt@about.me,Male,39.40.244.185
787,Dill,Fairpool,dfairpoollu@princeton.edu,Male,198.32.120.185
788,Eleanora,Ralphs,eralphslv@elpais.com,Female,226.235.150.151
789,Sherlocke,De Normanville,sdenormanvillelw@ted.com,Polygender,58.29.152.16
790,Buddie,Townend,btownendlx@wunderground.com,Male,181.65.54.111
791,Karisa,Eldrid,keldridly@meetup.com,Female,60.167.133.83
792,Milena,Kybird,mkybirdlz@webeden.co.uk,Female,3.120.89.231
793,Lem,Clerc,lclercm0@google.co.uk,Male,80.111.64.69
794,Clementia,Hurren,churrenm1@google.nl,Female,70.215.41.20
795,Isaak,Winterscale,iwinterscalem2@tuttocitta.it,Agender,212.232.2.162
796,Alexio,Clougher,aclougherm3@indiegogo.com,Male,157.4.184.56
797,Moll,Pitceathly,mpitceathlym4@google.co.uk,Female,171.5.209.69
798,Celestyn,Loche,clochem5@hubpages.com,Female,212.115.122.77
799,Mitchel,Hatherley,mhatherleym6@si.edu,Male,204.234.96.32
800,Mart,Boden,mbodenm7@who.int,Male,169.231.64.110
801,Erin,Donke,edonkem8@ihg.com,Male,144.42.201.13
802,Kalila,Emmer,kemmerm9@chron.com,Non-binary,129.71.54.79
803,Inger,Ferry,iferryma@cbsnews.com,Male,231.131.157.203
804,Marlene,Liveley,mliveleymb@purevolume.com,Female,235.237.198.116
805,Lynelle,Orchart,lorchartmc@wufoo.com,Female,62.218.110.75
806,Gwenni,Bedle,gbedlemd@youtu.be,Non-binary,122.149.24.77
807,Amalea,Murley,amurleyme@fotki.com,Female,110.99.253.56
808,Tabb,Bonifacio,tbonifaciomf@hugedomains.com,Male,229.56.149.61
809,Weider,Owens,wowensmg@va.gov,Male,220.206.79.42
810,Jamill,Gorbell,jgorbellmh@admin.ch,Male,17.160.148.194
811,Oriana,Goatman,ogoatmanmi@cbsnews.com,Female,47.78.134.240
812,Annabell,Brownsell,abrownsellmj@ask.com,Female,195.201.136.209
813,Aloysia,Gerrit,agerritmk@telegraph.co.uk,Female,97.172.17.72
814,Merv,Sarfas,msarfasml@bbb.org,Male,23.4.27.68
815,Delaney,Cobbled,dcobbledmm@bizjournals.com,Male,160.236.249.88
816,Eachelle,Craghead,ecragheadmn@craigslist.org,Female,252.251.59.23
817,Benetta,Sayre,bsayremo@naver.com,Female,190.36.171.58
818,Arielle,Steere,asteeremp@stumbleupon.com,Female,81.184.140.224
819,Lynnell,Griffen,lgriffenmq@shareasale.com,Female,38.122.157.162
820,Aland,Tulley,atulleymr@harvard.edu,Male,117.49.63.176
821,Emanuele,Rown,erownms@wunderground.com,Male,11.237.139.166
822,Joceline,Edbrooke,jedbrookemt@redcross.org,Female,8.91.40.104
823,Gregoire,Longman,glongmanmu@gnu.org,Agender,57.156.7.176
824,Herrick,Kelner,hkelnermv@cornell.edu,Male,159.168.220.115
825,Herbert,Enochsson,henochssonmw@loc.gov,Male,206.75.55.164
826,Mariana,Wookey,mwookeymx@nsw.gov.au,Female,150.26.27.90
827,Zed,Filipychev,zfilipychevmy@google.de,Male,111.247.164.206
828,Leif,Affuso,laffusomz@tripod.com,Genderfluid,9.107.39.246
829,Phedra,Bromont,pbromontn0@ustream.tv,Female,20.90.39.106
830,Griswold,Savil,gsaviln1@google.pl,Genderfluid,6.53.189.71
831,Pieter,Thurlbeck,pthurlbeckn2@hc360.com,Male,105.79.151.97
832,Horacio,Droghan,hdroghann3@nsw.gov.au,Male,164.132.27.62
833,Goraud,Denial,gdenialn4@yahoo.co.jp,Male,133.202.192.146
834,Helene,Jime,hjimen5@nydailynews.com,Female,86.107.108.253
835,Reagen,Heineke,rheineken6@whitehouse.gov,Male,192.104.90.21
836,Jaquelyn,Farquhar,jfarquharn7@gnu.org,Female,147.38.99.102
837,Sydney,Lelliott,slelliottn8@hp.com,Male,3.136.49.80
838,Titus,Kent,tkentn9@deviantart.com,Male,116.107.86.203
839,Dorrie,Shawley,dshawleyna@google.de,Female,3.31.152.239
840,Dyanne,Battershall,dbattershallnb@usatoday.com,Female,133.220.116.25
841,Brandon,Wyss,bwyssnc@w3.org,Male,194.101.204.196
842,Merill,Harrald,mharraldnd@nhs.uk,Male,103.102.183.253
843,Dew,Bliss,dblissne@quantcast.com,Genderfluid,197.66.36.0
844,Hyacinth,Levison,hlevisonnf@spotify.com,Female,139.233.161.90
845,Cliff,Arnowicz,carnowiczng@timesonline.co.uk,Agender,192.86.111.102
846,Forester,Reichartz,freichartznh@ocn.ne.jp,Male,138.43.223.29
847,Arne,Suter,asuterni@omniture.com,Male,175.131.195.36
848,Priscilla,Vellacott,pvellacottnj@ebay.co.uk,Female,87.78.95.235
849,Alasdair,Carder,acardernk@netvibes.com,Male,170.244.244.44
850,Hendrik,Mardall,hmardallnl@fc2.com,Male,248.126.140.143
851,Merlina,Yglesia,myglesianm@quantcast.com,Female,60.59.147.63
852,Ralph,Daleman,rdalemannn@salon.com,Male,15.59.30.223
853,Timmi,McCraw,tmccrawno@china.com.cn,Female,8.3.223.111
854,Carlen,Stephenson,cstephensonnp@wikia.com,Female,153.19.179.50
855,Faythe,Coveny,fcovenynq@umich.edu,Female,99.26.79.198
856,Merridie,Kneale,mknealenr@gravatar.com,Female,14.68.17.237
857,Erinn,Burnham,eburnhamns@businessweek.com,Female,180.89.223.52
858,Heall,Spavins,hspavinsnt@utexas.edu,Male,13.170.238.223
859,Pen,Gatheral,pgatheralnu@businessinsider.com,Male,48.30.154.7
860,Dom,Regelous,dregelousnv@geocities.jp,Agender,60.99.243.12
861,Gunilla,Obee,gobeenw@ovh.net,Female,110.199.201.137
862,Genevieve,Matula,gmatulanx@bloglines.com,Female,213.228.133.241
863,Schuyler,Winterborne,swinterborneny@princeton.edu,Male,213.123.66.235
864,Bentley,Walley,bwalleynz@wordpress.com,Male,176.28.66.240
865,Cory,Stocks,cstockso0@narod.ru,Male,5.173.206.6
866,Phelia,Vescovo,pvescovoo1@edublogs.org,Female,243.172.129.4
867,Cordie,Joiris,cjoiriso2@arstechnica.com,Male,36.233.225.106
868,Bone,Yurevich,byurevicho3@so-net.ne.jp,Male,235.138.227.3
869,Alic,Pretley,apretleyo4@usnews.com,Male,23.199.110.58
870,Athene,Titt,atitto5@state.tx.us,Female,193.217.162.94
871,Tom,Dosedale,tdosedaleo6@boston.com,Male,49.120.168.1
872,Reinold,Drache,rdracheo7@ning.com,Male,131.77.51.142
873,Marybelle,Labadini,mlabadinio8@amazon.co.uk,Female,87.68.176.251
874,Ebony,Doog,edoogo9@purevolume.com,Female,111.161.232.76
875,Devi,Walkingshaw,dwalkingshawoa@linkedin.com,Female,47.99.173.245
876,Querida,Perillo,qperilloob@wired.com,Bigender,161.217.128.211
877,Devin,O'Hagerty,dohagertyoc@sakura.ne.jp,Male,222.49.9.83
878,Sterne,Normaville,snormavilleod@merriam-webster.com,Male,243.185.15.29
879,Ronalda,Tofanelli,rtofanellioe@usda.gov,Female,242.242.69.120
880,Annamarie,Hemshall,ahemshallof@epa.gov,Female,66.193.99.35
881,Jewelle,Wyldbore,jwyldboreog@about.me,Female,142.155.162.179
882,Gloriana,McNeely,gmcneelyoh@shop-pro.jp,Female,10.234.182.5
883,Mavra,St. Pierre,mstpierreoi@ca.gov,Female,182.19.212.189
884,Cynde,Haucke,chauckeoj@cdbaby.com,Female,140.107.232.72
885,Yoshiko,McWard,ymcwardok@auda.org.au,Female,29.56.212.245
886,Gussi,Vedeniktov,gvedeniktovol@google.com.hk,Female,105.40.145.179
887,Brok,Hallex,bhallexom@reddit.com,Agender,47.120.235.29
888,Marietta,Balchen,mbalchenon@oracle.com,Male,130.200.51.215
889,Jodi,Siely,jsielyoo@about.com,Female,88.39.15.105
890,Ailene,Waghorn,awaghornop@theglobeandmail.com,Female,26.1.252.62
891,Daisy,Walsom,dwalsomoq@upenn.edu,Polygender,157.104.142.219
892,Marwin,Tavinor,mtavinoror@craigslist.org,Male,99.17.21.26
893,Catie,McVaugh,cmcvaughos@mit.edu,Female,180.38.60.127
894,Warner,Delacroux,wdelacrouxot@indiatimes.com,Male,190.204.161.112
895,Derick,Brozsset,dbrozssetou@fda.gov,Male,214.33.38.238
896,Elfie,Geeraert,egeeraertov@comcast.net,Polygender,36.86.194.77
897,Clevey,Eacott,ceacottow@tinyurl.com,Male,215.85.206.33
898,Mara,Greaves,mgreavesox@yandex.ru,Female,251.69.92.89
899,Rowen,Artin,rartinoy@examiner.com,Male,75.76.220.229
900,Obed,Calleja,ocallejaoz@shop-pro.jp,Male,125.240.43.135
901,Cynthia,Gell,cgellp0@shinystat.com,Female,231.34.241.73
902,Boyd,Pond-Jones,bpondjonesp1@domainmarket.com,Male,84.16.218.57
903,Roxie,Brevitt,rbrevittp2@domainmarket.com,Female,205.210.144.168
904,Levon,Heinssen,lheinssenp3@tiny.cc,Male,152.217.136.140
905,Natalina,Longina,nlonginap4@moonfruit.com,Female,91.72.147.118
906,Aeriell,Kobpac,akobpacp5@dropbox.com,Non-binary,81.90.140.138
907,Hermon,Squibbes,hsquibbesp6@who.int,Male,70.252.175.187
908,Ashton,Andreolli,aandreollip7@sciencedaily.com,Male,58.56.183.102
909,Shina,Kiltie,skiltiep8@bigcartel.com,Female,64.248.204.242
910,Felicia,Keith,fkeithp9@accuweather.com,Female,222.73.74.121
911,Melisenda,Rodgman,mrodgmanpa@sogou.com,Female,93.195.240.204
912,Codie,Insoll,cinsollpb@abc.net.au,Female,253.1.156.23
913,Sherwynd,Goldberg,sgoldbergpc@scribd.com,Male,220.149.81.72
914,Morganica,Rawlinson,mrawlinsonpd@oaic.gov.au,Genderfluid,204.203.211.124
915,Jard,O'Driscole,jodriscolepe@odnoklassniki.ru,Genderfluid,165.212.64.69
916,Ranna,Libby,rlibbypf@addtoany.com,Female,169.80.57.148
917,Albert,Wadworth,awadworthpg@state.gov,Male,78.180.139.93
918,Hasty,Wearne,hwearneph@live.com,Male,207.209.140.210
919,Cob,Kringe,ckringepi@adobe.com,Male,180.178.7.172
920,Jocelyn,Bawcock,jbawcockpj@ocn.ne.jp,Female,91.238.227.45
921,Elbert,Benettelli,ebenettellipk@multiply.com,Male,82.144.50.40
922,Claudette,McMichan,cmcmichanpl@tmall.com,Non-binary,215.84.138.251
923,Devan,Iron,dironpm@tripod.com,Bigender,5.118.171.140
924,Graham,Alexsandrov,galexsandrovpn@ebay.com,Male,242.8.10.223
925,Baird,Treadgold,btreadgoldpo@free.fr,Genderfluid,234.67.53.157
926,Remington,Luciano,rlucianopp@soup.io,Male,56.5.57.159
927,Clarey,Edmunds,cedmundspq@1688.com,Genderqueer,132.95.0.51
928,Elmo,Yakushkin,eyakushkinpr@umn.edu,Male,188.234.221.6
929,Aristotle,Cudbird,acudbirdps@newsvine.com,Male,75.63.246.119
930,Dav,Spottiswood,dspottiswoodpt@dot.gov,Male,203.52.244.95
931,Torrie,Sainsbury,tsainsburypu@feedburner.com,Female,203.113.168.197
932,Mac,McJury,mmcjurypv@gov.uk,Male,176.245.182.68
933,Meier,Dempsey,mdempseypw@harvard.edu,Male,223.26.22.124
934,Mozelle,Argabrite,margabritepx@cdc.gov,Female,214.204.125.200
935,Harmony,Laydon,hlaydonpy@tinypic.com,Female,35.85.68.248
936,Hastie,Hallybone,hhallybonepz@google.co.jp,Male,227.74.105.236
937,Gaylord,Rushbury,grushburyq0@indiatimes.com,Male,152.21.51.132
938,Tristan,Matthieson,tmatthiesonq1@chronoengine.com,Male,103.210.62.173
939,Fancy,Seldon,fseldonq2@ow.ly,Bigender,206.172.35.165
940,Yard,Edland,yedlandq3@opensource.org,Male,40.82.40.147
941,Natalee,Van den Oord,nvandenoordq4@histats.com,Female,28.188.209.19
942,Grier,Marden,gmardenq5@hubpages.com,Female,53.232.78.47
943,Eran,Goodlet,egoodletq6@hexun.com,Female,71.243.150.17
944,Malchy,Berthe,mbertheq7@phpbb.com,Male,210.175.105.130
945,Jaine,Sheivels,jsheivelsq8@themeforest.net,Female,61.224.184.184
946,Seumas,Bulbeck,sbulbeckq9@ow.ly,Male,46.77.113.133
947,Reggie,Calveley,rcalveleyqa@skyrock.com,Female,73.224.76.79
948,Nalani,Chimenti,nchimentiqb@rambler.ru,Female,133.217.219.25
949,Burlie,Muckleston,bmucklestonqc@joomla.org,Male,201.245.57.114
950,Pauli,Curds,pcurdsqd@mayoclinic.com,Female,25.228.229.166
951,Fabian,O'Flannery,foflanneryqe@comsenz.com,Male,63.15.180.122
952,Alfonse,Mains,amainsqf@zdnet.com,Male,214.138.184.216
953,Guilbert,Crump,gcrumpqg@google.com.br,Male,148.106.127.48
954,Carlotta,Mibourne,cmibourneqh@uol.com.br,Female,119.53.180.150
955,Theresina,Abercromby,tabercrombyqi@slideshare.net,Female,39.119.22.125
956,Wendi,Dew,wdewqj@fotki.com,Female,97.209.238.135
957,Emma,Bowne,ebowneqk@webmd.com,Female,235.206.73.205
958,Kahlil,Olyunin,kolyuninql@w3.org,Male,30.61.149.221
959,Beverie,Doe,bdoeqm@sfgate.com,Female,117.36.152.180
960,Brandy,Spurr,bspurrqn@google.ru,Male,28.253.39.38
961,Birdie,Currm,bcurrmqo@alexa.com,Female,175.19.221.6
962,Donny,Moden,dmodenqp@nsw.gov.au,Female,46.5.228.180
963,Mab,Lillistone,mlillistoneqq@weibo.com,Female,118.52.76.245
964,Gerianne,Bothram,gbothramqr@gnu.org,Female,67.50.219.157
965,Evangeline,D'Ruel,edruelqs@icq.com,Female,98.136.182.182
966,Chen,Boothe,cbootheqt@state.tx.us,Male,156.160.108.92
967,Herminia,Lackie,hlackiequ@skype.com,Female,213.122.251.165
968,Lawry,Britten,lbrittenqv@washingtonpost.com,Genderfluid,189.91.78.219
969,Reed,Houseago,rhouseagoqw@cam.ac.uk,Male,201.199.157.62
970,Hatti,Forster,hforsterqx@xing.com,Female,124.57.84.233
971,Skippie,Jirasek,sjirasekqy@stanford.edu,Male,76.69.66.90
972,Calla,Van Dalen,cvandalenqz@oakley.com,Female,181.174.6.96
973,Jerry,Baitson,jbaitsonr0@yolasite.com,Male,165.3.197.61
974,Zuzana,Ellerington,zelleringtonr1@msu.edu,Female,89.246.137.86
975,Ritchie,Hampe,rhamper2@deliciousdays.com,Male,79.26.37.25
976,Adolpho,Reder,arederr3@behance.net,Male,79.251.125.104
977,Beverie,Matson,bmatsonr4@wikispaces.com,Female,207.59.7.33
978,Sheba,Cearley,scearleyr5@domainmarket.com,Female,219.29.76.7
979,Ari,Gray,agrayr6@timesonline.co.uk,Male,224.123.125.102
980,Danna,Johannesson,djohannessonr7@java.com,Female,91.71.104.101
981,Daphene,Kettel,dkettelr8@utexas.edu,Female,179.116.47.108
982,Ross,Fernandez,rfernandezr9@hexun.com,Male,251.85.134.204
983,Gilberte,Siemons,gsiemonsra@dion.ne.jp,Genderqueer,27.69.65.170
984,Cassaundra,Flower,cflowerrb@a8.net,Female,247.227.180.37
985,Margret,Treece,mtreecerc@w3.org,Female,111.133.55.19
986,Ettore,Ridewood,eridewoodrd@archive.org,Male,65.40.66.239
987,Denys,Korejs,dkorejsre@1und1.de,Female,48.150.217.67
988,Rozanne,Allday,ralldayrf@multiply.com,Female,194.236.101.55
989,Ebonee,Bevir,ebevirrg@gmpg.org,Female,40.73.151.77
990,Cynthia,Rann,crannrh@netlog.com,Female,246.226.6.253
991,Bertie,Wiggall,bwiggallri@jigsy.com,Female,206.206.146.125
992,Gabriel,Jakolevitch,gjakolevitchrj@baidu.com,Female,118.162.63.30
993,Kaspar,Lubomirski,klubomirskirk@trellian.com,Agender,21.182.209.235
994,Trudi,Coushe,tcousherl@adobe.com,Female,178.185.139.181
995,Merrily,Dudliston,mdudlistonrm@hibu.com,Female,49.79.180.144
996,Debora,Origan,doriganrn@miibeian.gov.cn,Female,149.0.154.183
997,Zechariah,Waterman,zwatermanro@gizmodo.com,Male,112.200.81.142
998,Welbie,Philipard,wphilipardrp@diigo.com,Male,227.62.169.81
999,Silvan,Wollacott,swollacottrq@seesaa.net,Male,93.167.215.80
1000,Paddie,Cansdale,pcansdalerr@woothemes.com,Male,78.20.134.27
