id,first_name,last_name,email,gender,ip_address
1,Spenser,Juzek,sjuzek0@ycombinator.com,Male,55.103.78.248
2,Ariela,Earney,aearney1@tripadvisor.com,Female,78.150.161.115
3,Walker,Danahar,wdanahar2@mozilla.org,Male,197.185.164.96
4,Isabel,De Haven,idehaven3@yolasite.com,Female,24.163.83.98
5,Kristan,Oughton,koughton4@amazonaws.com,Female,143.125.127.224
6,Giffard,Jays,gjays5@bizjournals.com,Male,167.154.164.18
7,Ailene,Michelin,amichelin6@topsy.com,Female,8.242.98.231
8,Madelene,Jiras,mjiras7@trellian.com,Female,201.126.168.102
9,Trumann,Threadgill,tthreadgill8@answers.com,Genderqueer,69.160.224.10
10,Aileen,Aizik,aaizik9@a8.net,Female,191.67.161.185
11,Juliet,Ullyott,jullyotta@smh.com.au,Female,209.167.171.72
12,Levi,Abell,labellb@va.gov,Male,238.7.113.8
13,Kendra,Danslow,kdanslowc@e-recht24.de,Female,164.36.25.248
14,Ketti,Naris,knarisd@huffingtonpost.com,Bigender,210.16.29.160
15,Emlen,Irvin,eirvine@reference.com,Male,3.195.179.250
16,Brenna,Geratasch,bgerataschf@earthlink.net,Female,124.174.161.144
17,Oona,Andell,oandellg@dmoz.org,Female,106.21.187.54
18,Katie,Toten,ktotenh@skyrock.com,Agender,67.213.125.32
19,Syd,Eginton,segintoni@forbes.com,Male,135.17.165.0
20,Brion,Abrehart,babrehartj@booking.com,Male,119.235.47.211
21,Genovera,Chevers,gcheversk@miitbeian.gov.cn,Bigender,214.41.192.245
22,Thea,Rannie,tranniel@archive.org,Female,128.50.215.140
23,Deonne,Yakubowicz,dyakubowiczm@nymag.com,Female,24.124.105.151
24,Jakob,Denizet,jdenizetn@scientificamerican.com,Male,218.148.230.202
25,Burty,Chicchelli,bchicchellio@unblog.fr,Male,96.181.29.232
26,Rriocard,Effnert,reffnertp@springer.com,Male,54.14.52.97
27,Egor,Blouet,eblouetq@shinystat.com,Male,132.229.205.23
28,Jessika,Carous,jcarousr@sitemeter.com,Female,138.98.99.24
29,Kesley,Petrello,kpetrellos@so-net.ne.jp,Female,57.213.190.1
30,Cobb,Millar,cmillart@shareasale.com,Male,214.222.249.62
31,Averill,Offord,aoffordu@diigo.com,Male,251.147.104.79
32,Hollyanne,Gunbie,hgunbiev@ucoz.ru,Female,31.142.34.41
33,Ada,Arundale,aarundalew@livejournal.com,Female,51.214.28.162
34,Evelina,Rounsivall,erounsivallx@printfriendly.com,Female,54.198.199.181
35,Noland,Daville,ndavilley@ycombinator.com,Male,159.55.107.138
36,Gertie,Hightown,ghightownz@accuweather.com,Non-binary,160.74.216.196
37,Garry,Carleman,gcarleman10@123-reg.co.uk,Male,251.83.208.46
38,Evered,Pennone,epennone11@technorati.com,Male,124.44.242.111
39,Brigid,Jamson,bjamson12@wikimedia.org,Female,7.78.132.200
40,Netty,Rameau,nrameau13@narod.ru,Female,194.250.44.217
41,Goran,McCrackan,gmccrackan14@accuweather.com,Male,163.108.54.131
42,Emerson,Stuckley,estuckley15@t-online.de,Male,172.87.76.78
43,Win,Hughlin,whughlin16@instagram.com,Male,235.175.99.32
44,Alayne,Dybald,adybald17@mlb.com,Female,236.142.127.136
45,Elfrida,Naris,enaris18@latimes.com,Female,0.182.23.83
46,Jobyna,Crossman,jcrossman19@google.nl,Genderqueer,113.24.247.78
47,Derby,Figgess,dfiggess1a@netlog.com,Male,113.236.143.251
48,Jacquenette,Stag,jstag1b@google.com.br,Female,234.75.166.37
49,Idalina,Czyz,iczyz1c@networksolutions.com,Female,189.40.248.141
50,Bessy,Bassano,bbassano1d@hhs.gov,Female,255.64.83.137
51,Chrystel,Guerreau,cguerreau1e@ihg.com,Female,214.174.13.61
52,Vivien,Polland,vpolland1f@baidu.com,Female,127.217.200.166
53,Andrey,Thomas,athomas1g@t.co,Male,244.139.211.234
54,Jada,Pittway,jpittway1h@t.co,Female,130.38.31.198
55,Daffie,Eblein,deblein1i@trellian.com,Female,215.28.79.160
56,Danielle,Burrett,dburrett1j@printfriendly.com,Female,36.244.0.76
57,Drusie,Zebedee,dzebedee1k@plala.or.jp,Female,0.235.224.253
58,Burl,Henaughan,bhenaughan1l@prweb.com,Male,210.11.199.40
59,Isac,Dean,idean1m@blogger.com,Male,76.163.202.139
60,Libby,Gritten,lgritten1n@usnews.com,Female,187.168.215.86
61,Jesus,McIsaac,jmcisaac1o@hhs.gov,Genderfluid,171.89.102.243
62,Gaspar,Burgise,gburgise1p@yellowpages.com,Male,112.41.58.152
63,Jdavie,Deshorts,jdeshorts1q@smugmug.com,Male,25.151.175.253
64,Ingamar,Pilgrim,ipilgrim1r@shinystat.com,Male,238.13.217.43
65,Bathsheba,Burberry,bburberry1s@bluehost.com,Female,63.3.246.120
66,Hort,Foye,hfoye1t@slideshare.net,Male,122.106.242.203
67,Eugenio,Embling,eembling1u@imageshack.us,Polygender,18.8.63.111
68,Reed,Degenhardt,rdegenhardt1v@google.com.au,Male,71.14.193.57
69,Demetris,Wainer,dwainer1w@digg.com,Male,241.65.41.243
70,Stephenie,Glasspoole,sglasspoole1x@stumbleupon.com,Female,143.251.159.24
71,Sisely,Poad,spoad1y@furl.net,Female,156.54.159.142
72,Trisha,Blowick,tblowick1z@nydailynews.com,Female,219.214.33.121
73,Bent,Gomez,bgomez20@shop-pro.jp,Male,128.29.113.110
74,Desiree,Tuhy,dtuhy21@nih.gov,Female,106.126.182.70
75,Clywd,Monkhouse,cmonkhouse22@fotki.com,Male,96.9.30.60
76,Petrina,Warmisham,pwarmisham23@washington.edu,Bigender,251.215.137.175
77,Hailey,Lackmann,hlackmann24@tripod.com,Male,110.91.39.186
78,Cyrill,Ambrosini,cambrosini25@cnet.com,Male,117.219.106.172
79,Dell,Strover,dstrover26@tripod.com,Female,248.48.139.87
80,Brianna,Smidmor,bsmidmor27@ifeng.com,Female,59.129.41.7
81,Craig,Pulteneye,cpulteneye28@cornell.edu,Male,222.164.99.71
82,Felicdad,Filon,ffilon29@yale.edu,Female,191.113.249.70
83,Brandise,MacCaffery,bmaccaffery2a@ameblo.jp,Bigender,106.107.61.223
84,Phedra,Spurret,pspurret2b@dailymotion.com,Female,145.175.76.116
85,Ransom,Serman,rserman2c@sohu.com,Male,172.224.43.138
86,Alene,Danet,adanet2d@mlb.com,Female,122.150.89.227
87,Paco,Middlemass,pmiddlemass2e@so-net.ne.jp,Male,203.93.183.163
88,Gertie,Pywell,gpywell2f@fc2.com,Female,213.183.205.246
89,Stormie,Satterfitt,ssatterfitt2g@gmpg.org,Female,218.5.155.205
90,Cammy,Spoward,cspoward2h@guardian.co.uk,Male,31.193.164.154
91,Ayn,Sarchwell,asarchwell2i@pcworld.com,Female,195.175.240.1
92,Athena,Tubritt,atubritt2j@mac.com,Female,81.83.217.224
93,Chaunce,Zum Felde,czumfelde2k@marketwatch.com,Male,39.170.205.127
94,August,Mackness,amackness2l@ycombinator.com,Male,94.110.1.113
95,Desiri,Crain,dcrain2m@ycombinator.com,Female,229.25.231.22
96,Edsel,Downer,edowner2n@spotify.com,Male,73.253.143.35
97,Wynny,Mallett,wmallett2o@jugem.jp,Female,100.62.14.149
98,Ruben,Pyatt,rpyatt2p@hatena.ne.jp,Male,102.223.89.230
99,Edan,Noden,enoden2q@cpanel.net,Male,133.237.138.114
100,Marcelia,Mace,mmace2r@about.me,Female,200.249.165.128
101,Araldo,Smissen,asmissen2s@theatlantic.com,Male,245.108.115.155
102,Mala,Clavering,mclavering2t@eventbrite.com,Female,114.42.206.42
103,Gran,Dark,gdark2u@dedecms.com,Male,62.190.149.12
104,Fabian,Twiggins,ftwiggins2v@edublogs.org,Agender,4.52.204.233
105,Hilary,Clempton,hclempton2w@pinterest.com,Male,79.217.75.211
106,Hillel,Halladey,hhalladey2x@topsy.com,Male,85.236.131.212
107,Aggie,Sherburn,asherburn2y@economist.com,Female,119.174.19.229
108,Martelle,Hacking,mhacking2z@1688.com,Female,56.80.251.67
109,Giuditta,De Meis,gdemeis30@redcross.org,Female,38.27.190.42
110,Dewey,Raatz,draatz31@clickbank.net,Male,21.247.39.161
111,Reilly,Broxton,rbroxton32@hatena.ne.jp,Male,55.55.176.98
112,Lianne,Hazeldene,lhazeldene33@dedecms.com,Female,41.47.23.94
113,Natalee,O'Carran,nocarran34@artisteer.com,Female,211.98.150.67
114,Angie,O' Mahony,aomahony35@independent.co.uk,Male,198.33.237.219
115,Goraud,Sydes,gsydes36@nhs.uk,Male,174.196.171.58
116,Ginny,Tixall,gtixall37@paypal.com,Genderqueer,112.225.64.41
117,Darya,Axtonne,daxtonne38@51.la,Female,0.243.178.221
118,Sheffy,Shapcote,sshapcote39@indiatimes.com,Male,181.170.45.170
119,Nada,Hannaway,nhannaway3a@mac.com,Female,163.195.98.251
120,Lisetta,Ruff,lruff3b@domainmarket.com,Female,241.236.57.141
121,Brunhilde,Vondracek,bvondracek3c@qq.com,Bigender,136.244.147.80
122,Gail,Calken,gcalken3d@hugedomains.com,Male,230.82.186.25
123,Anthe,Dunlop,adunlop3e@about.me,Non-binary,18.53.241.174
124,Archer,Chasmor,achasmor3f@irs.gov,Male,72.101.175.184
125,Meredith,Merricks,mmerricks3g@cbc.ca,Male,142.35.151.18
126,Waylen,Alliot,walliot3h@cam.ac.uk,Male,126.67.242.67
127,Esra,Bere,ebere3i@jalbum.net,Male,241.83.249.240
128,Adel,Meller,ameller3j@yellowbook.com,Female,77.10.143.141
129,Vivyanne,Baudone,vbaudone3k@soup.io,Female,87.41.37.221
130,Blakelee,Brighty,bbrighty3l@mail.ru,Female,173.55.11.234
131,Brion,Dunk,bdunk3m@prweb.com,Male,187.148.7.2
132,Ewan,Blackley,eblackley3n@thetimes.co.uk,Male,115.226.158.248
133,Guendolen,Abad,gabad3o@github.com,Female,104.217.107.224
134,Herbie,Benfield,hbenfield3p@reverbnation.com,Male,158.14.204.228
135,Gregorius,Osban,gosban3q@netscape.com,Male,83.168.192.175
136,Ariela,Swansborough,aswansborough3r@cornell.edu,Female,108.133.168.11
137,Grace,Sabine,gsabine3s@columbia.edu,Female,83.125.117.86
138,Esme,Deinhard,edeinhard3t@phoca.cz,Male,188.73.189.169
139,Ethel,Bark,ebark3u@theguardian.com,Female,86.69.106.116
140,Hurlee,Tanman,htanman3v@goodreads.com,Male,130.224.161.22
141,Mitchel,Pullman,mpullman3w@yahoo.com,Male,2.2.189.253
142,Melinda,Turfus,mturfus3x@phpbb.com,Polygender,139.116.86.85
143,Ken,Kinane,kkinane3y@livejournal.com,Male,141.9.150.150
144,Marlena,Addicote,maddicote3z@archive.org,Female,47.42.182.224
145,Lawry,Hourston,lhourston40@omniture.com,Genderqueer,254.186.75.156
146,Anita,Sargeant,asargeant41@photobucket.com,Female,154.17.67.176
147,Martie,Surtees,msurtees42@state.tx.us,Male,86.205.97.150
148,Cathrin,Gilroy,cgilroy43@webnode.com,Female,248.48.210.20
149,Madel,Grinstead,mgrinstead44@umn.edu,Female,20.162.125.130
150,Rudiger,Tuckie,rtuckie45@taobao.com,Male,109.93.86.161
151,Lou,Fant,lfant46@pinterest.com,Agender,67.77.209.248
152,Dorolisa,Klaggeman,dklaggeman47@geocities.com,Female,134.48.4.181
153,Collin,Baudon,cbaudon48@tiny.cc,Male,54.17.12.224
154,Marji,Barton,mbarton49@networkadvertising.org,Female,34.35.60.225
155,Eudora,Tythacott,etythacott4a@squidoo.com,Female,147.252.186.7
156,Raquel,Haskew,rhaskew4b@prweb.com,Female,254.218.215.216
157,Robbie,Whates,rwhates4c@example.com,Male,146.63.187.214
158,Saidee,Joder,sjoder4d@nsw.gov.au,Female,198.248.190.224
159,Care,Collopy,ccollopy4e@latimes.com,Male,33.182.2.248
160,Ripley,Corbridge,rcorbridge4f@cornell.edu,Male,81.125.126.58
161,Nap,Lilliman,nlilliman4g@privacy.gov.au,Male,107.105.145.199
162,Jeremie,Louisot,jlouisot4h@studiopress.com,Male,171.35.201.3
163,Birgitta,Schiesterl,bschiesterl4i@dedecms.com,Female,105.115.154.104
164,Dorthy,Wetherburn,dwetherburn4j@youtu.be,Female,182.53.163.13
165,Tori,Cunah,tcunah4k@furl.net,Female,74.232.160.182
166,Con,Blagden,cblagden4l@sciencedirect.com,Female,100.96.99.55
167,Onfre,Olenchenko,oolenchenko4m@indiatimes.com,Male,109.19.197.240
168,Diarmid,Witsey,dwitsey4n@lycos.com,Male,29.6.165.106
169,Corrinne,Thickens,cthickens4o@ucoz.com,Female,72.102.0.30
170,Jephthah,Khilkov,jkhilkov4p@mit.edu,Male,120.34.52.17
171,Nanon,Fulks,nfulks4q@google.pl,Female,249.47.235.161
172,Nickola,Chamberlen,nchamberlen4r@yahoo.com,Male,26.190.86.183
173,Marcus,Krauss,mkrauss4s@answers.com,Male,126.209.96.8
174,Werner,Cummine,wcummine4t@mysql.com,Male,117.162.60.248
175,Alasteir,Schukraft,aschukraft4u@state.gov,Male,65.128.50.182
176,Ardelle,Flood,aflood4v@hostgator.com,Female,104.56.29.180
177,Haslett,Dearnly,hdearnly4w@google.cn,Male,109.106.85.26
178,Hamid,Jelkes,hjelkes4x@stumbleupon.com,Male,138.233.31.89
179,Miner,Fairey,mfairey4y@free.fr,Male,152.19.176.186
180,Bobbi,Dorken,bdorken4z@va.gov,Female,119.68.168.195
181,Hubey,Enoksson,henoksson50@godaddy.com,Bigender,174.67.16.225
182,Cristian,Hankins,chankins51@creativecommons.org,Male,241.185.190.109
183,Elia,Itter,eitter52@techcrunch.com,Male,157.39.165.255
184,Silvanus,Gitthouse,sgitthouse53@oaic.gov.au,Male,5.80.149.191
185,Danny,Kochel,dkochel54@jiathis.com,Female,32.240.111.79
186,Thor,Furlonge,tfurlonge55@diigo.com,Male,84.62.245.69
187,Mitchel,Edson,medson56@businessweek.com,Male,108.45.229.228
188,Avis,Kilduff,akilduff57@smh.com.au,Female,203.69.118.149
189,Guss,Ashingden,gashingden58@jalbum.net,Male,93.21.163.55
190,Horatia,Philimore,hphilimore59@ed.gov,Female,221.130.167.242
191,Alexander,Pinder,apinder5a@spotify.com,Male,105.124.131.142
192,Yard,Romaines,yromaines5b@umn.edu,Male,193.37.104.124
193,Rebeka,Normand,rnormand5c@aol.com,Female,222.172.181.25
194,Karoline,Pirnie,kpirnie5d@webs.com,Female,83.118.29.3
195,Gypsy,De Fries,gdefries5e@adobe.com,Female,97.53.60.23
196,Debee,Nyssen,dnyssen5f@over-blog.com,Agender,12.46.178.241
197,Perice,Ishak,pishak5g@etsy.com,Male,7.120.24.14
198,Catlee,Gonet,cgonet5h@blogspot.com,Female,155.18.134.201
199,Beryl,Tildesley,btildesley5i@flavors.me,Female,35.147.46.249
200,Trixy,Heymes,theymes5j@washingtonpost.com,Female,8.119.158.184
201,Aloysius,Cleghorn,acleghorn5k@walmart.com,Male,64.59.199.57
202,Harbert,Brumbie,hbrumbie5l@google.com.hk,Male,221.173.175.3
203,Bar,Simak,bsimak5m@ning.com,Male,77.71.49.38
204,Emlynne,Eiler,eeiler5n@nps.gov,Female,62.215.87.129
205,Pearce,Korting,pkorting5o@nasa.gov,Male,89.118.221.67
206,Gerri,Croall,gcroall5p@woothemes.com,Male,149.203.94.64
207,Delbert,Domoney,ddomoney5q@e-recht24.de,Male,30.16.206.74
208,Diena,Ondrak,dondrak5r@purevolume.com,Genderqueer,108.60.115.175
209,Leodora,Elwill,lelwill5s@pinterest.com,Female,52.122.187.218
210,Audra,Pennacci,apennacci5t@ebay.com,Female,196.54.237.204
211,Sibella,Jacobovitz,sjacobovitz5u@mail.ru,Female,102.119.56.132
212,Demetre,Robuchon,drobuchon5v@slideshare.net,Male,49.40.241.198
213,Spence,MacKimm,smackimm5w@ucoz.ru,Male,132.187.229.192
214,Ewen,Goscomb,egoscomb5x@delicious.com,Male,88.125.4.109
215,Teriann,Goggey,tgoggey5y@xing.com,Female,244.164.75.11
216,Broddy,Kick,bkick5z@flickr.com,Male,192.181.142.237
217,Ber,Duhig,bduhig60@adobe.com,Male,224.25.60.158
218,Sigrid,Arbon,sarbon61@sohu.com,Female,185.222.220.122
219,Allayne,Fraanchyonok,afraanchyonok62@hatena.ne.jp,Male,135.93.246.135
220,Lesley,Altimas,laltimas63@princeton.edu,Male,101.95.121.49
221,Eleni,Brahmer,ebrahmer64@zimbio.com,Female,204.51.254.8
222,Wildon,Yushin,wyushin65@wikispaces.com,Male,53.133.29.183
223,Alberta,McLukie,amclukie66@multiply.com,Female,50.217.89.245
224,Bard,Bernade,bbernade67@webmd.com,Male,234.137.229.38
225,Gusti,Ridgley,gridgley68@desdev.cn,Female,139.109.187.245
226,Bevvy,Folger,bfolger69@free.fr,Female,77.38.151.132
227,Filmore,Mc Carroll,fmccarroll6a@biglobe.ne.jp,Male,59.178.153.11
228,Ewart,Wickwarth,ewickwarth6b@spotify.com,Male,108.116.134.151
229,Tandy,Ianniello,tianniello6c@mayoclinic.com,Female,85.195.244.153
230,Alexio,Gilli,agilli6d@microsoft.com,Male,195.188.223.8
231,Andre,Pringle,apringle6e@ovh.net,Male,230.87.182.246
232,Kissiah,Sneaker,ksneaker6f@dot.gov,Female,35.118.11.205
233,Hastie,McColgan,hmccolgan6g@intel.com,Male,141.185.240.242
234,Henrie,Joblin,hjoblin6h@ustream.tv,Genderqueer,235.32.255.228
235,Rudyard,Lattin,rlattin6i@yelp.com,Male,59.138.80.143
236,Ashlie,Pawlik,apawlik6j@ameblo.jp,Female,142.152.36.130
237,Gertrudis,Jerschke,gjerschke6k@paginegialle.it,Female,109.50.215.25
238,Gustavus,Grubb,ggrubb6l@joomla.org,Male,27.15.101.183
239,Frederico,Harvett,fharvett6m@epa.gov,Male,207.220.92.51
240,Kennan,Trelease,ktrelease6n@pagesperso-orange.fr,Male,124.94.235.108
241,Lacey,Boylan,lboylan6o@t.co,Female,137.74.194.163
242,Mario,Coats,mcoats6p@odnoklassniki.ru,Male,187.101.139.103
243,Josephine,Sines,jsines6q@jigsy.com,Female,150.231.134.13
244,Nikolai,Kagan,nkagan6r@apache.org,Male,204.153.215.87
245,Anne,Duigan,aduigan6s@who.int,Female,162.192.91.217
246,Tiertza,Thon,tthon6t@ed.gov,Non-binary,147.243.161.112
247,Ash,Taree,ataree6u@berkeley.edu,Male,168.28.206.136
248,Bryon,Casacchia,bcasacchia6v@earthlink.net,Male,47.89.3.237
249,Brenden,Negal,bnegal6w@wikia.com,Male,28.31.107.5
250,Josephine,Pietrowicz,jpietrowicz6x@photobucket.com,Female,227.146.218.72
251,Della,Tonbye,dtonbye6y@tripod.com,Female,50.194.45.106
252,Harlan,Dorsett,hdorsett6z@tamu.edu,Male,131.10.1.88
253,Walliw,Kettlesting,wkettlesting70@goodreads.com,Female,239.120.3.50
254,Orelle,Wadforth,owadforth71@google.pl,Female,86.164.94.142
255,Garrot,Tordoff,gtordoff72@devhub.com,Male,251.128.191.173
256,Fields,Jurick,fjurick73@123-reg.co.uk,Male,200.104.15.231
257,Sashenka,Gitthouse,sgitthouse74@smh.com.au,Female,128.69.162.219
258,Mason,Pieracci,mpieracci75@fotki.com,Male,39.176.156.97
259,Ethelda,Tubb,etubb76@imdb.com,Female,99.208.144.70
260,Eliza,Pedrozzi,epedrozzi77@ucla.edu,Female,210.139.185.153
261,Martie,Neward,mneward78@ftc.gov,Male,102.19.186.91
262,Velma,Powland,vpowland79@wikipedia.org,Female,142.69.122.54
263,Allen,Arnley,aarnley7a@icio.us,Male,49.200.206.185
264,Shani,McGee,smcgee7b@bravesites.com,Female,243.18.29.140
265,Fabien,Hands,fhands7c@pbs.org,Agender,95.174.181.235
266,Pieter,Wedgwood,pwedgwood7d@cnet.com,Male,233.9.209.108
267,Bryn,Gaishson,bgaishson7e@hc360.com,Female,42.53.35.245
268,Costanza,Knifton,cknifton7f@bloomberg.com,Female,16.24.114.236
269,Darwin,Denzilow,ddenzilow7g@si.edu,Male,76.0.107.218
270,Tommi,Balser,tbalser7h@addthis.com,Female,42.197.170.90
271,Kial,Cranefield,kcranefield7i@friendfeed.com,Female,96.129.194.247
272,Hillyer,Sawood,hsawood7j@fc2.com,Male,85.218.13.226
273,Dagmar,Yesipov,dyesipov7k@linkedin.com,Female,170.228.218.212
274,Burl,Brigstock,bbrigstock7l@archive.org,Male,252.12.181.43
275,Truda,Chisnell,tchisnell7m@xinhuanet.com,Female,156.49.198.140
276,Conan,Johnsson,cjohnsson7n@freewebs.com,Male,32.176.164.93
277,Hewitt,Deek,hdeek7o@newyorker.com,Male,141.46.167.152
278,Hall,Aizikovitch,haizikovitch7p@adobe.com,Male,231.75.248.17
279,Skyler,Clemenzi,sclemenzi7q@blogtalkradio.com,Male,24.66.88.208
280,Tobye,Garretson,tgarretson7r@slideshare.net,Female,55.15.151.28
281,Faydra,McElrea,fmcelrea7s@accuweather.com,Female,33.220.94.76
282,Riordan,Scotcher,rscotcher7t@dedecms.com,Male,49.126.11.251
283,Fernando,Halhead,fhalhead7u@huffingtonpost.com,Male,193.138.7.49
284,Darnall,Glasscoe,dglasscoe7v@cloudflare.com,Male,53.2.46.89
285,Binny,Ellicombe,bellicombe7w@huffingtonpost.com,Female,8.217.248.57
286,Althea,Kaemena,akaemena7x@uiuc.edu,Female,36.54.228.42
287,Tann,Breedy,tbreedy7y@cyberchimps.com,Male,99.76.235.85
288,Cristobal,Knoble,cknoble7z@usnews.com,Male,109.67.210.101
289,Brandy,Treamayne,btreamayne80@linkedin.com,Male,54.239.75.32
290,Dania,Gorrick,dgorrick81@a8.net,Female,214.57.51.239
291,Paxon,Bortolussi,pbortolussi82@vimeo.com,Male,112.31.34.195
292,Maressa,Triebner,mtriebner83@bluehost.com,Female,70.142.94.124
293,Kesley,Ceschini,kceschini84@vkontakte.ru,Female,145.94.105.127
294,Sanson,Spataro,sspataro85@dot.gov,Bigender,23.138.162.37
295,Brent,Claypoole,bclaypoole86@time.com,Male,19.198.38.67
296,Liza,Guiet,lguiet87@youku.com,Female,255.6.222.194
297,Darcy,Tomaskunas,dtomaskunas88@dagondesign.com,Female,150.230.102.241
298,Genni,McCreery,gmccreery89@diigo.com,Female,165.106.47.46
299,Faina,Senechell,fsenechell8a@china.com.cn,Polygender,177.186.202.134
300,Berna,Sywell,bsywell8b@mapquest.com,Female,171.137.17.64
301,Colly,Leadston,cleadston8c@360.cn,Female,61.131.104.23
302,Ninon,Frid,nfrid8d@360.cn,Female,221.155.220.124
303,Edith,Varley,evarley8e@clickbank.net,Female,169.219.30.222
304,Lorilyn,Clotworthy,lclotworthy8f@wordpress.com,Female,84.85.186.197
305,Dyane,Sach,dsach8g@forbes.com,Female,167.174.255.169
306,Jodi,Revie,jrevie8h@istockphoto.com,Male,179.174.213.82
307,Rina,Rookesby,rrookesby8i@hc360.com,Female,194.40.115.218
308,Viole,Fairlem,vfairlem8j@drupal.org,Female,178.165.125.42
309,Sandor,Ridett,sridett8k@ftc.gov,Male,144.114.59.173
310,Delmer,Toffts,dtoffts8l@networksolutions.com,Male,169.11.68.146
311,Orrin,Hayhoe,ohayhoe8m@ftc.gov,Male,133.145.206.85
312,Denis,Brocklebank,dbrocklebank8n@miibeian.gov.cn,Male,30.198.170.240
313,Cleveland,Sacaze,csacaze8o@biblegateway.com,Male,239.43.151.73
314,Aubrie,Gotthard,agotthard8p@smh.com.au,Female,61.202.200.186
315,Sunny,Middiff,smiddiff8q@ft.com,Male,84.130.234.110
316,Rowan,Beneyto,rbeneyto8r@microsoft.com,Male,68.246.98.246
317,Charmaine,Jakoubek,cjakoubek8s@ted.com,Female,227.184.105.205
318,Nadya,Pleasance,npleasance8t@wiley.com,Female,19.189.203.160
319,Ladonna,Cornilli,lcornilli8u@addtoany.com,Female,155.233.25.142
320,Jonell,Lohde,jlohde8v@addtoany.com,Female,248.25.77.210
321,Martina,Perle,mperle8w@shutterfly.com,Female,241.127.160.182
322,Terencio,Knowlman,tknowlman8x@networkadvertising.org,Male,200.6.143.243
323,Amaleta,Palumbo,apalumbo8y@adobe.com,Polygender,149.174.78.29
324,Angelle,Althrope,aalthrope8z@barnesandnoble.com,Female,94.88.55.27
325,Kitty,Snoxall,ksnoxall90@china.com.cn,Female,114.171.188.127
326,Erin,Balleine,eballeine91@oracle.com,Female,15.81.2.231
327,Libbey,Pargiter,lpargiter92@odnoklassniki.ru,Female,224.56.234.129
328,Godfry,Whiteoak,gwhiteoak93@army.mil,Male,5.143.119.218
329,Alleen,Issit,aissit94@mtv.com,Female,70.226.91.243
330,Noak,Rothschild,nrothschild95@kickstarter.com,Male,65.114.55.150
331,Shelton,Adamiec,sadamiec96@tuttocitta.it,Male,244.48.206.213
332,Waldo,Bickardike,wbickardike97@yelp.com,Male,7.255.101.132
333,Tamas,Foggarty,tfoggarty98@washingtonpost.com,Male,199.239.193.189
334,Reba,Andersen,randersen99@nifty.com,Female,58.87.57.152
335,Glenn,Austen,gausten9a@si.edu,Male,112.19.177.39
336,Clementius,Abys,cabys9b@oracle.com,Male,156.117.133.107
337,Tressa,Ronnay,tronnay9c@dion.ne.jp,Female,151.187.176.220
338,Conant,Farryan,cfarryan9d@foxnews.com,Male,210.27.136.17
339,Alic,Holleworth,aholleworth9e@princeton.edu,Male,248.107.132.68
340,Dirk,Kinsey,dkinsey9f@meetup.com,Male,37.117.57.194
341,Hodge,Gaber,hgaber9g@ftc.gov,Male,105.86.106.185
342,Malory,Millott,mmillott9h@newyorker.com,Female,153.81.79.167
343,Christie,Fenning,cfenning9i@seesaa.net,Male,251.133.146.251
344,Neale,Sail,nsail9j@prnewswire.com,Male,102.55.136.57
345,Hubie,Lomas,hlomas9k@stumbleupon.com,Male,170.137.130.86
346,Issie,Iggalden,iiggalden9l@uiuc.edu,Female,131.207.55.99
347,Sheffy,De Pero,sdepero9m@elpais.com,Male,67.20.234.137
348,Abbey,Rigmond,arigmond9n@oakley.com,Female,70.255.49.205
349,Drusy,Ullett,dullett9o@virginia.edu,Female,85.251.188.220
350,Ferrel,Bangham,fbangham9p@gmpg.org,Male,232.114.10.32
351,Samuele,Haston,shaston9q@rakuten.co.jp,Male,25.232.160.229
352,Bealle,Meffen,bmeffen9r@skype.com,Male,40.161.76.46
353,Ev,Lovelady,elovelady9s@hostgator.com,Male,151.217.170.2
354,Lisha,Cuddehy,lcuddehy9t@google.cn,Female,90.70.142.190
355,Julieta,Janisson,jjanisson9u@homestead.com,Female,12.189.54.230
356,Tiphani,Clemow,tclemow9v@google.ru,Female,58.56.236.36
357,Welby,Booy,wbooy9w@blogger.com,Male,140.136.240.195
358,Donna,Bellard,dbellard9x@deliciousdays.com,Female,222.149.243.88
359,Cosmo,Swallow,cswallow9y@elpais.com,Male,19.244.179.172
360,Joeann,Thatcher,jthatcher9z@columbia.edu,Female,218.96.211.249
361,Halette,Joffe,hjoffea0@vimeo.com,Female,58.175.36.93
362,Sibelle,Miroy,smiroya1@yelp.com,Agender,197.208.253.48
363,Elayne,Boultwood,eboultwooda2@google.co.jp,Female,152.221.25.143
364,Gibb,MacCague,gmaccaguea3@wordpress.org,Male,146.232.41.157
365,Terri-jo,McElwee,tmcelweea4@youku.com,Female,228.183.165.162
366,Tremaine,Lethley,tlethleya5@cornell.edu,Male,51.223.171.84
367,Fayina,Cicconettii,fcicconettiia6@cdbaby.com,Female,15.68.65.174
368,Aarika,Hinks,ahinksa7@sciencedirect.com,Female,147.15.207.137
369,Gertrud,Leeuwerink,gleeuwerinka8@tmall.com,Female,46.149.80.215
370,Rog,Rogers,rrogersa9@timesonline.co.uk,Polygender,175.101.100.2
371,Reba,Clemo,rclemoaa@sogou.com,Female,35.88.183.50
372,Gerti,Ridgeway,gridgewayab@wp.com,Female,208.112.48.73
373,Therine,Frickey,tfrickeyac@marriott.com,Female,223.153.45.238
374,Deirdre,Cristol,dcristolad@theguardian.com,Female,161.100.83.150
375,Adair,Toope,atoopeae@time.com,Male,193.142.121.85
376,Trish,Kigelman,tkigelmanaf@so-net.ne.jp,Female,160.14.121.219
377,Lenna,Fardoe,lfardoeag@nifty.com,Female,249.239.220.217
378,Louie,MacNelly,lmacnellyah@xing.com,Agender,209.254.213.180
379,Oberon,Shepperd,oshepperdai@topsy.com,Male,176.248.133.13
380,Mychal,Wallington,mwallingtonaj@bigcartel.com,Male,155.51.162.42
381,Kelvin,Talmadge,ktalmadgeak@loc.gov,Male,71.106.186.166
382,Xenos,Graber,xgraberal@psu.edu,Agender,131.144.240.145
383,Perla,Garahan,pgarahanam@illinois.edu,Female,250.36.38.225
384,Niko,Taffurelli,ntaffurellian@google.ru,Male,47.11.147.11
385,Dorothea,Gleeson,dgleesonao@1und1.de,Female,209.95.74.78
386,Shirley,Kepp,skeppap@over-blog.com,Female,78.140.207.20
387,Tracie,Grint,tgrintaq@mozilla.com,Female,182.29.52.229
388,Aldridge,Dowsett,adowsettar@oaic.gov.au,Male,215.36.246.52
389,Burtie,Shenfish,bshenfishas@nifty.com,Male,48.125.102.119
390,Bernadina,Whitlock,bwhitlockat@usatoday.com,Female,140.24.155.99
391,Jonas,Bastistini,jbastistiniau@hatena.ne.jp,Male,102.197.190.222
392,Sacha,Clemmow,sclemmowav@netscape.com,Female,130.181.108.73
393,Franchot,Beart,fbeartaw@surveymonkey.com,Male,199.243.14.155
394,Scarlet,Eady,seadyax@fema.gov,Female,68.190.101.141
395,Nettle,Tredget,ntredgetay@miibeian.gov.cn,Female,158.19.38.190
396,Eimile,Abrahams,eabrahamsaz@ehow.com,Female,61.196.30.203
397,Gilemette,Casaro,gcasarob0@wordpress.org,Non-binary,62.191.57.220
398,Tobie,Dehmel,tdehmelb1@nationalgeographic.com,Male,77.13.185.71
399,Jennie,Tarrier,jtarrierb2@seattletimes.com,Female,87.231.92.89
400,Katinka,Stukings,kstukingsb3@blog.com,Female,249.139.18.100
401,Farrand,Shillaber,fshillaberb4@yelp.com,Agender,183.88.177.43
402,Gabby,Dockree,gdockreeb5@sciencedaily.com,Male,1.125.18.153
403,Henrietta,Christophe,hchristopheb6@addtoany.com,Female,153.185.221.42
404,Elset,Ferrarini,eferrarinib7@nytimes.com,Female,164.186.131.101
405,Elijah,Spurett,espurettb8@bluehost.com,Male,29.52.177.149
406,Archy,Packwood,apackwoodb9@sun.com,Male,165.108.32.250
407,Colas,Lethbury,clethburyba@jalbum.net,Male,222.231.123.111
408,Christoffer,Lehr,clehrbb@parallels.com,Bigender,153.229.105.99
409,Aurlie,Archbutt,aarchbuttbc@freewebs.com,Female,201.36.167.251
410,Cy,Glover,cgloverbd@jigsy.com,Male,126.239.111.137
411,Mortimer,Berndtsson,mberndtssonbe@soundcloud.com,Male,198.112.85.33
412,Stanley,Lambole,slambolebf@nasa.gov,Male,13.250.193.191
413,Abbot,Flounders,afloundersbg@yelp.com,Male,67.213.238.255
414,Saxon,Bauer,sbauerbh@howstuffworks.com,Male,217.195.74.252
415,Hoyt,Whyteman,hwhytemanbi@ibm.com,Male,104.185.12.201
416,Reena,Alvarado,ralvaradobj@skyrock.com,Female,131.134.119.166
417,Woodman,Fiddy,wfiddybk@rambler.ru,Male,39.66.191.54
418,Reagen,Fakes,rfakesbl@mac.com,Male,55.203.179.49
419,Kippie,Swayte,kswaytebm@ibm.com,Female,10.63.225.163
420,Tracie,Bodega,tbodegabn@sphinn.com,Male,159.221.178.131
421,Cleo,Wippermann,cwippermannbo@360.cn,Female,183.174.248.79
422,Darwin,Seabridge,dseabridgebp@bandcamp.com,Bigender,121.59.107.250
423,Fields,Di Claudio,fdiclaudiobq@wsj.com,Male,123.115.40.183
424,Atlante,Gallihaulk,agallihaulkbr@domainmarket.com,Female,65.43.121.196
425,Desiree,Mate,dmatebs@noaa.gov,Female,206.50.56.221
426,Banky,Jasik,bjasikbt@ucla.edu,Male,76.254.252.152
427,Anthony,Beeres,abeeresbu@live.com,Male,214.249.52.178
428,Legra,Peacham,lpeachambv@cmu.edu,Female,101.38.133.55
429,Tatiania,Gerardeaux,tgerardeauxbw@zimbio.com,Genderqueer,104.112.200.9
430,Remington,Elger,relgerbx@geocities.jp,Male,17.194.27.13
431,Nikolaus,Seemmonds,nseemmondsby@livejournal.com,Male,205.180.60.107
432,Sherwood,Sammons,ssammonsbz@scribd.com,Male,201.207.193.64
433,Gabriela,Ratnege,gratnegec0@reuters.com,Female,120.176.225.254
434,Nathanael,Hyndley,nhyndleyc1@wiley.com,Male,63.13.92.52
435,Betsey,Pasek,bpasekc2@jiathis.com,Female,248.53.124.87
436,Corena,Yeudall,cyeudallc3@fema.gov,Female,108.232.8.76
437,Nikoletta,Holliar,nholliarc4@a8.net,Female,186.21.199.200
438,Parsifal,Alpine,palpinec5@dedecms.com,Male,185.184.156.189
439,Artemis,Seeney,aseeneyc6@ning.com,Male,217.188.51.70
440,Xever,Landsman,xlandsmanc7@senate.gov,Male,136.62.237.23
441,Herbert,Jurges,hjurgesc8@skyrock.com,Male,157.232.244.109
442,Marilyn,Halleybone,mhalleybonec9@qq.com,Female,171.14.76.210
443,Bernardine,Reddan,breddanca@jigsy.com,Female,105.245.88.112
444,Dorri,Dandy,ddandycb@ameblo.jp,Female,194.144.94.55
445,Kearney,Rodenburg,krodenburgcc@posterous.com,Male,101.186.189.143
446,Sayres,Farguhar,sfarguharcd@jigsy.com,Male,108.100.208.193
447,Egor,Ramel,eramelce@shareasale.com,Male,142.86.113.65
448,Kile,Tustin,ktustincf@ebay.com,Male,132.111.195.121
449,Wini,Cultcheth,wcultchethcg@umich.edu,Female,253.210.219.83
450,Peter,Clapham,pclaphamch@privacy.gov.au,Male,118.213.175.210
451,Dre,Locard,dlocardci@mac.com,Female,155.28.59.179
452,Meredith,Bartul,mbartulcj@prlog.org,Female,5.184.202.180
453,Bax,Attwoul,battwoulck@networkadvertising.org,Male,210.2.1.180
454,Jaquenette,Hursthouse,jhursthousecl@wikia.com,Female,182.92.242.214
455,Leonhard,Sentinella,lsentinellacm@yandex.ru,Male,102.195.159.85
456,Alia,Rivelon,ariveloncn@a8.net,Female,144.83.14.40
457,Caro,Straw,cstrawco@tripod.com,Female,114.25.18.228
458,Elissa,Curgenven,ecurgenvencp@plala.or.jp,Female,57.25.24.19
459,Adi,Smale,asmalecq@tuttocitta.it,Female,126.196.164.54
460,Gweneth,Woolcocks,gwoolcockscr@youtube.com,Female,205.219.231.89
461,Nadeen,Aughtie,naughtiecs@w3.org,Female,71.213.203.35
462,Annabel,Broseman,abrosemanct@newsvine.com,Female,144.144.193.88
463,Hobard,Wintle,hwintlecu@creativecommons.org,Male,251.90.188.167
464,Wes,Eskriet,weskrietcv@wsj.com,Male,163.8.221.241
465,Stefa,Follan,sfollancw@yandex.ru,Female,190.148.164.36
466,Jena,Flawn,jflawncx@nytimes.com,Female,243.151.214.194
467,Otis,Albrook,oalbrookcy@yahoo.co.jp,Male,173.235.106.194
468,Kelsy,Fawckner,kfawcknercz@phoca.cz,Female,27.151.118.186
469,Darline,McCutcheon,dmccutcheond0@soundcloud.com,Female,34.39.187.158
470,Melvyn,Ort,mortd1@jimdo.com,Male,146.5.176.157
471,Mohammed,Liquorish,mliquorishd2@archive.org,Male,22.117.4.242
472,Cosetta,Wrankmore,cwrankmored3@theguardian.com,Female,167.60.11.152
473,Aloysia,Golly,agollyd4@sakura.ne.jp,Female,196.246.114.42
474,Feodor,Weeds,fweedsd5@sbwire.com,Male,2.32.164.179
475,Nicholle,Steggles,nstegglesd6@unesco.org,Female,152.253.104.173
476,Constantine,Hagston,chagstond7@opensource.org,Male,150.99.80.181
477,Shawn,Strettle,sstrettled8@fema.gov,Genderqueer,10.226.97.39
478,Udale,Whoston,uwhostond9@narod.ru,Male,227.247.190.111
479,Ainslee,Sobieski,asobieskida@gizmodo.com,Female,179.165.97.39
480,Franni,Cosgreave,fcosgreavedb@google.fr,Female,23.103.95.199
481,Patricio,Trench,ptrenchdc@artisteer.com,Male,125.72.13.19
482,Carlyn,Francois,cfrancoisdd@webnode.com,Female,18.193.196.103
483,Lincoln,Shrubb,lshrubbde@t-online.de,Male,0.207.223.110
484,Rozanne,Simpkins,rsimpkinsdf@irs.gov,Female,38.58.40.114
485,Chane,Matasov,cmatasovdg@wunderground.com,Male,186.214.1.77
486,Tomi,Bohje,tbohjedh@yahoo.co.jp,Female,198.210.118.225
487,Fabien,Burhill,fburhilldi@blogs.com,Male,160.171.196.29
488,Morse,Woolforde,mwoolfordedj@storify.com,Male,44.11.178.238
489,Carmita,Tice,cticedk@seesaa.net,Female,179.15.101.45
490,Wald,Wallhead,wwallheaddl@unblog.fr,Male,132.177.147.61
491,Krystyna,Greader,kgreaderdm@blinklist.com,Female,114.29.176.167
492,Jessalin,Bagenal,jbagenaldn@liveinternet.ru,Female,46.222.70.2
493,Kriste,Douty,kdoutydo@mozilla.com,Female,222.171.236.53
494,Kris,Chastel,kchasteldp@house.gov,Male,130.57.163.117
495,Daune,Janda,djandadq@cocolog-nifty.com,Non-binary,251.38.122.153
496,Evie,Polini,epolinidr@bizjournals.com,Female,163.24.62.51
497,Rebecka,Drysdale,rdrysdaleds@tumblr.com,Female,109.30.126.85
498,Ira,Saunders,isaundersdt@so-net.ne.jp,Male,23.203.90.20
499,Aron,Danbye,adanbyedu@wikia.com,Male,157.112.248.158
500,Ange,Lohmeyer,alohmeyerdv@usa.gov,Bigender,116.92.30.50
501,Field,Loade,floadedw@independent.co.uk,Male,130.123.83.15
502,Corliss,Lethebridge,clethebridgedx@biblegateway.com,Female,146.134.187.90
503,Lauritz,Oke,lokedy@sfgate.com,Male,111.25.219.140
504,Roxine,Cooksey,rcookseydz@google.nl,Female,166.57.23.158
505,Sidoney,Sange,ssangee0@github.com,Female,218.26.134.147
506,Randie,Upfold,rupfolde1@plala.or.jp,Male,246.25.71.201
507,Loralie,Wildin,lwildine2@jiathis.com,Female,173.16.97.109
508,Clare,Marini,cmarinie3@businessweek.com,Bigender,154.219.83.238
509,Franzen,Bortolazzi,fbortolazzie4@columbia.edu,Male,215.195.63.162
510,Kira,Godar,kgodare5@dot.gov,Female,9.149.9.145
511,Justus,Verring,jverringe6@diigo.com,Male,103.180.71.174
512,Shel,Satterfitt,ssatterfitte7@thetimes.co.uk,Female,143.92.19.113
513,Christabel,Shilstone,cshilstonee8@samsung.com,Bigender,180.116.196.136
514,Cecilio,Greenhaugh,cgreenhaughe9@facebook.com,Male,145.233.126.127
515,Alicea,Undrill,aundrillea@mit.edu,Female,140.121.196.128
516,Lettie,Sibille,lsibilleeb@bloomberg.com,Female,177.63.76.17
517,Charleen,Reeder,creederec@bloglines.com,Female,17.38.158.90
518,Rodi,Burdon,rburdoned@nhs.uk,Female,32.8.26.217
519,Kata,Mohan,kmohanee@opensource.org,Female,212.51.72.124
520,Rhonda,Banford,rbanfordef@time.com,Female,200.114.27.203
521,Kennedy,Ducker,kduckereg@comcast.net,Polygender,195.66.166.221
522,Morgen,Beeho,mbeehoeh@usatoday.com,Female,132.175.33.190
523,Quentin,Frederick,qfrederickei@amazonaws.com,Male,35.225.65.176
524,Hana,Tichelaar,htichelaarej@cafepress.com,Female,109.90.16.98
525,Oberon,Kidde,okiddeek@who.int,Male,138.194.189.77
526,Sande,Spohr,sspohrel@foxnews.com,Female,126.165.135.12
527,Samara,Cordery,scorderyem@php.net,Female,166.153.247.198
528,Tamqrah,Bogaert,tbogaerten@chron.com,Female,19.84.246.244
529,Allie,Stribbling,astribblingeo@topsy.com,Male,16.100.159.224
530,Gale,Trimby,gtrimbyep@blinklist.com,Male,164.155.100.65
531,Allard,Philippon,aphilipponeq@homestead.com,Male,232.36.123.252
532,Luelle,Edlyne,ledlyneer@latimes.com,Female,85.150.104.251
533,Marv,Scourgie,mscourgiees@purevolume.com,Male,215.203.160.91
534,Ric,Leap,rleapet@google.fr,Male,113.162.207.207
535,Joell,Bucky,jbuckyeu@google.es,Female,82.36.181.219
536,Reuven,Saynor,rsaynorev@washingtonpost.com,Male,151.161.104.113
537,Tracee,MacTrustrie,tmactrustrieew@nyu.edu,Female,15.36.58.134
538,Lemmy,MacAnellye,lmacanellyeex@slate.com,Male,188.195.195.48
539,Estell,Nelthorp,enelthorpey@yellowpages.com,Female,25.214.78.225
540,Shirleen,Gissop,sgissopez@godaddy.com,Female,13.209.58.61
541,Francene,By,fbyf0@samsung.com,Female,132.190.134.45
542,Audrey,Slamaker,aslamakerf1@sciencedirect.com,Female,105.223.201.90
543,Arni,Pistol,apistolf2@1und1.de,Male,63.51.140.202
544,Berti,Paulton,bpaultonf3@chronoengine.com,Male,168.28.21.169
545,Andrus,Dreamer,adreamerf4@photobucket.com,Male,135.161.175.193
546,Gerta,Goodlatt,ggoodlattf5@so-net.ne.jp,Female,77.71.13.114
547,Valera,Yockley,vyockleyf6@npr.org,Female,182.46.18.247
548,Hortense,Pauel,hpauelf7@sfgate.com,Female,4.65.217.53
549,Kaye,De Bruijn,kdebruijnf8@umn.edu,Female,107.65.115.34
550,Fred,Dalby,fdalbyf9@seattletimes.com,Female,196.1.47.218
551,Amandie,Phelipeaux,aphelipeauxfa@guardian.co.uk,Female,190.227.166.223
552,Danya,Tippett,dtippettfb@skype.com,Bigender,52.115.212.53
553,Marci,Barwise,mbarwisefc@scribd.com,Female,72.156.110.174
554,Reese,Stonhouse,rstonhousefd@narod.ru,Male,154.139.251.134
555,Rinaldo,Greystock,rgreystockfe@geocities.com,Male,61.28.205.51
556,Gilberto,Birchett,gbirchettff@cmu.edu,Male,54.103.183.47
557,Quintilla,Pring,qpringfg@apache.org,Female,201.59.166.173
558,Temp,Tevlin,ttevlinfh@deviantart.com,Male,161.103.186.238
559,Clementine,Northrop,cnorthropfi@stanford.edu,Female,57.144.107.94
560,Bord,Iltchev,biltchevfj@stumbleupon.com,Male,238.209.38.123
561,Gretta,Eastby,geastbyfk@newyorker.com,Female,26.193.80.85
562,Wilfrid,Decourt,wdecourtfl@japanpost.jp,Agender,52.105.167.229
563,Guglielmo,Saurin,gsaurinfm@google.co.jp,Male,188.60.114.115
564,Fairleigh,Pudding,fpuddingfn@twitter.com,Male,48.131.186.86
565,Jewell,Twinbourne,jtwinbournefo@intel.com,Female,193.63.42.145
566,Cecilio,Manssuer,cmanssuerfp@wired.com,Male,99.47.182.120
567,Shay,Oliphard,soliphardfq@uiuc.edu,Male,89.132.189.211
568,Niko,Cona,nconafr@360.cn,Male,16.157.151.137
569,Julio,Papachristophorou,jpapachristophoroufs@fema.gov,Male,15.108.209.4
570,Zeke,Archanbault,zarchanbaultft@sun.com,Male,57.72.227.48
571,Arlen,Punt,apuntfu@moonfruit.com,Female,92.220.96.232
572,Minerva,Breinl,mbreinlfv@cornell.edu,Female,74.227.252.57
573,Artus,Cozens,acozensfw@msn.com,Male,130.169.167.208
574,Kelbee,Wontner,kwontnerfx@businessweek.com,Male,36.20.55.122
575,Bianca,Brady,bbradyfy@army.mil,Female,52.112.74.175
576,Della,Gonsalvo,dgonsalvofz@phoca.cz,Female,120.255.42.39
577,Antoinette,Parade,aparadeg0@i2i.jp,Female,245.138.229.6
578,Ethelind,McMillam,emcmillamg1@technorati.com,Female,136.17.78.226
579,Morten,Synnot,msynnotg2@dell.com,Male,198.95.40.238
580,Arlee,Pryce,apryceg3@dmoz.org,Female,36.196.240.33
581,Bentley,Binyon,bbinyong4@wisc.edu,Male,85.192.238.173
582,Aubrette,Bradnock,abradnockg5@parallels.com,Female,112.23.36.136
583,Tawsha,MacGaughy,tmacgaughyg6@biglobe.ne.jp,Female,89.51.182.141
584,Vail,Pordal,vpordalg7@lulu.com,Male,74.201.26.156
585,Haywood,Ryles,hrylesg8@topsy.com,Male,161.106.210.193
586,Mickie,Doughton,mdoughtong9@paypal.com,Bigender,43.248.143.178
587,Cordey,Matthewes,cmatthewesga@live.com,Female,37.93.213.59
588,Leslie,Bambury,lbamburygb@devhub.com,Female,241.231.177.90
589,Christabella,Lerohan,clerohangc@hexun.com,Female,243.94.92.15
590,Fiann,Banstead,fbansteadgd@accuweather.com,Female,229.50.234.106
591,Alonzo,Cable,acablege@ifeng.com,Male,91.185.58.236
592,Cozmo,Sammes,csammesgf@typepad.com,Male,95.152.26.246
593,Ursola,Linstead,ulinsteadgg@latimes.com,Female,179.77.64.218
594,Sharona,Lettice,sletticegh@kickstarter.com,Female,4.126.50.98
595,Taffy,Aronow,taronowgi@mapy.cz,Female,214.68.215.136
596,Reeva,D'Alessio,rdalessiogj@slideshare.net,Female,92.101.209.36
597,Marco,Rabjohn,mrabjohngk@ebay.co.uk,Male,237.244.232.201
598,Claire,Maxwale,cmaxwalegl@whitehouse.gov,Male,192.236.62.174
599,Fae,Wellington,fwellingtongm@mozilla.org,Female,112.247.143.162
600,Ogdan,Pouton,opoutongn@acquirethisname.com,Male,22.156.26.154
601,Arlen,Oddey,aoddeygo@photobucket.com,Male,196.86.102.196
602,Daria,Faichney,dfaichneygp@state.gov,Female,16.194.224.174
603,Prent,Gorden,pgordengq@si.edu,Male,35.104.246.57
604,Killian,Enderby,kenderbygr@is.gd,Male,1.131.243.76
605,Chet,Provis,cprovisgs@state.gov,Male,136.95.61.142
606,Vivyanne,Girth,vgirthgt@disqus.com,Female,26.42.101.205
607,Fifi,Abbess,fabbessgu@nbcnews.com,Female,98.164.244.149
608,Aymer,Sayton,asaytongv@wordpress.com,Male,111.5.170.211
609,Britteny,Folliss,bfollissgw@aboutads.info,Female,236.232.166.121
610,Kare,Roll,krollgx@macromedia.com,Non-binary,183.52.95.176
611,Casandra,Castelot,ccastelotgy@barnesandnoble.com,Female,20.191.236.122
612,Adaline,Clift,acliftgz@jiathis.com,Female,229.253.31.50
613,Jefferson,Linke,jlinkeh0@fda.gov,Male,66.224.19.185
614,Michal,Fogt,mfogth1@goo.ne.jp,Female,35.69.87.84
615,Kathleen,Messenbird,kmessenbirdh2@rambler.ru,Female,105.176.40.253
616,Tam,Field,tfieldh3@netlog.com,Male,58.47.46.201
617,Rick,Lebarree,rlebarreeh4@marriott.com,Male,189.176.172.186
618,Shandra,Rupke,srupkeh5@wunderground.com,Female,211.66.16.23
619,Quinn,Leheude,qleheudeh6@earthlink.net,Female,98.243.112.35
620,Mara,Cheine,mcheineh7@marketwatch.com,Female,150.156.254.63
621,Lanni,Taggett,ltaggetth8@blogs.com,Female,123.67.198.98
622,Nicholas,Couves,ncouvesh9@skyrock.com,Male,201.162.163.57
623,Angus,Burness,aburnessha@sogou.com,Male,176.249.132.66
624,Miran,Le feaver,mlefeaverhb@1und1.de,Female,163.58.10.210
625,Caroljean,Momery,cmomeryhc@smugmug.com,Female,136.82.73.182
626,Sully,Tidmas,stidmashd@examiner.com,Male,201.55.124.70
627,Claudetta,Sibbson,csibbsonhe@vk.com,Female,231.100.98.148
628,Garret,Ireland,girelandhf@wufoo.com,Male,116.245.29.16
629,Adriano,Cossell,acossellhg@1und1.de,Male,160.20.3.35
630,Ryan,Rowbottom,rrowbottomhh@bravesites.com,Bigender,37.58.108.155
631,Martino,Covell,mcovellhi@huffingtonpost.com,Male,101.10.181.199
632,Kimbell,Alldis,kalldishj@yahoo.co.jp,Male,212.252.85.82
633,Rozalin,Fontin,rfontinhk@china.com.cn,Female,92.70.98.80
634,Malanie,Gourdon,mgourdonhl@buzzfeed.com,Female,241.165.123.177
635,Nataline,Scotchmur,nscotchmurhm@sfgate.com,Female,122.164.250.184
636,Carlota,Greser,cgreserhn@hibu.com,Female,254.223.215.17
637,Cara,Kinder,ckinderho@list-manage.com,Female,224.99.218.69
638,Ellwood,Lincey,elinceyhp@yolasite.com,Polygender,179.99.214.181
639,Esmeralda,Ovid,eovidhq@cdbaby.com,Female,140.63.108.42
640,Fremont,Logg,flogghr@umich.edu,Male,133.153.98.102
641,Sergei,Babbage,sbabbagehs@artisteer.com,Male,184.193.84.16
642,Daveen,Cann,dcannht@google.ca,Female,202.101.32.79
643,Cecilla,Garraway,cgarrawayhu@vimeo.com,Bigender,83.232.54.83
644,Parsifal,Veighey,pveigheyhv@comcast.net,Male,68.40.74.139
645,Logan,McElrea,lmcelreahw@buzzfeed.com,Male,176.189.1.203
646,Nalani,Waeland,nwaelandhx@theatlantic.com,Female,237.212.21.132
647,Wilma,Sterley,wsterleyhy@disqus.com,Female,139.250.207.166
648,Karyl,Ruseworth,kruseworthhz@abc.net.au,Female,151.209.72.130
649,Daryle,Guislin,dguislini0@thetimes.co.uk,Male,90.14.134.172
650,Theressa,Hegdonne,thegdonnei1@wix.com,Female,113.156.250.74
651,Mikkel,Flacke,mflackei2@edublogs.org,Male,229.234.129.254
652,Bertie,Moxstead,bmoxsteadi3@admin.ch,Male,126.6.252.121
653,Corene,Fibbit,cfibbiti4@paypal.com,Female,118.135.164.133
654,Imogene,Sandeson,isandesoni5@myspace.com,Female,102.106.4.147
655,Ruperta,Belsey,rbelseyi6@utexas.edu,Female,133.39.30.190
656,Catha,Philliskirk,cphilliskirki7@yahoo.com,Female,56.129.52.10
657,Lilias,Borman,lbormani8@booking.com,Female,56.59.178.31
658,Karole,Oldroyde,koldroydei9@nytimes.com,Female,23.126.77.21
659,Erasmus,Cleynman,ecleynmania@opera.com,Male,222.99.226.53
660,Hayyim,Issacson,hissacsonib@ihg.com,Male,248.135.132.142
661,Ellen,Gullifant,egullifantic@reference.com,Female,58.99.227.91
662,Osgood,Farre,ofarreid@rambler.ru,Male,32.34.182.109
663,Orelia,Caghan,ocaghanie@example.com,Female,172.200.8.109
664,Chet,Jakubovics,cjakubovicsif@ted.com,Non-binary,176.207.189.123
665,Will,Kierans,wkieransig@businessweek.com,Male,68.88.168.125
666,Balduin,Mandre,bmandreih@elegantthemes.com,Male,255.40.145.66
667,Wenona,Cudmore,wcudmoreii@wiley.com,Female,225.127.223.33
668,Darn,Pimbley,dpimbleyij@yellowbook.com,Male,92.194.177.64
669,Wells,Bohey,wboheyik@dailymotion.com,Male,129.125.73.160
670,Sande,O'Noland,sonolandil@yandex.ru,Female,251.80.29.113
671,Vin,Ivakhnov,vivakhnovim@omniture.com,Male,133.77.55.84
672,Pippy,Mussotti,pmussottiin@hugedomains.com,Genderfluid,255.63.43.158
673,Gillian,Moorhouse,gmoorhouseio@macromedia.com,Female,101.64.3.19
674,Urbain,Docharty,udochartyip@army.mil,Male,233.24.206.194
675,Smith,Sultana,ssultanaiq@is.gd,Non-binary,123.171.160.126
676,Hilary,Netley,hnetleyir@google.com.au,Female,206.76.95.12
677,Rourke,Cockayme,rcockaymeis@umich.edu,Male,240.247.225.47
678,Raina,Flasby,rflasbyit@cornell.edu,Female,146.147.177.54
679,Lutero,Ogus,logusiu@amazon.com,Male,222.86.41.83
680,Amie,Gwilym,agwilymiv@issuu.com,Female,181.29.28.221
681,Melony,Guerriero,mguerrieroiw@list-manage.com,Female,149.118.203.230
682,Griz,Marcussen,gmarcussenix@imgur.com,Male,169.178.148.113
683,Dukey,Vigurs,dvigursiy@google.pl,Male,12.207.193.247
684,Johanna,Lofts,jloftsiz@theguardian.com,Genderqueer,214.75.152.237
685,Shea,O' Mulderrig,somulderrigj0@ifeng.com,Female,80.0.155.130
686,Yance,Willacot,ywillacotj1@loc.gov,Male,17.249.158.65
687,Lemmy,Bee,lbeej2@hexun.com,Male,206.105.240.5
688,Roslyn,Deport,rdeportj3@google.com,Female,177.74.3.31
689,Ranice,Tradewell,rtradewellj4@tuttocitta.it,Female,7.124.84.82
690,Hermie,Broadstock,hbroadstockj5@stanford.edu,Male,65.49.255.54
691,Lucky,Fearnley,lfearnleyj6@163.com,Female,59.7.191.129
692,Clarice,Dee,cdeej7@gov.uk,Female,197.69.84.225
693,Chance,Canario,ccanarioj8@geocities.com,Male,183.74.23.138
694,Nana,Silvers,nsilversj9@rakuten.co.jp,Female,34.76.245.124
695,Reine,Rogger,rroggerja@twitpic.com,Female,39.202.57.184
696,Frazer,Markel,fmarkeljb@com.com,Male,6.214.50.20
697,Hilario,Walasik,hwalasikjc@livejournal.com,Male,213.114.128.137
698,Dunn,Kubiczek,dkubiczekjd@privacy.gov.au,Male,88.6.209.236
699,Merle,Wingar,mwingarje@hexun.com,Male,193.205.172.216
700,Lisle,Roskam,lroskamjf@stanford.edu,Male,224.63.117.23
701,Jeniece,Brendish,jbrendishjg@cnn.com,Female,122.55.192.120
702,Roshelle,Cawson,rcawsonjh@jalbum.net,Female,127.140.25.34
703,Meryl,Kalkofen,mkalkofenji@nymag.com,Female,139.111.201.200
704,Lucho,Conkling,lconklingjj@storify.com,Genderqueer,212.119.156.255
705,Claudette,Cumbers,ccumbersjk@mayoclinic.com,Female,157.76.171.35
706,Padriac,Keppel,pkeppeljl@about.me,Male,187.17.131.228
707,Ephrayim,Gauson,egausonjm@uiuc.edu,Male,76.25.161.192
708,Jilli,McSporrin,jmcsporrinjn@flickr.com,Female,99.140.223.106
709,Gabie,Pickerell,gpickerelljo@ustream.tv,Male,219.53.146.56
710,Giffie,Goatman,ggoatmanjp@deviantart.com,Male,34.93.178.102
711,Tiena,Kubica,tkubicajq@stumbleupon.com,Female,26.27.94.124
712,Sigismund,Kender,skenderjr@archive.org,Male,151.220.214.176
713,Miof mela,Goford,mgofordjs@wordpress.org,Female,43.169.135.25
714,Elisa,Jakubovicz,ejakuboviczjt@skyrock.com,Female,86.242.151.11
715,Ximenes,Dumbleton,xdumbletonju@privacy.gov.au,Male,1.3.148.170
716,Nicol,Boom,nboomjv@geocities.com,Male,21.188.217.22
717,Kenton,Collumbine,kcollumbinejw@sphinn.com,Male,120.229.129.163
718,Reinhard,Cisneros,rcisnerosjx@ask.com,Male,180.203.204.241
719,Christoforo,Hollow,chollowjy@ezinearticles.com,Male,116.254.38.193
720,Aurilia,Ewins,aewinsjz@archive.org,Female,152.148.247.97
721,Cecilio,Kuschel,ckuschelk0@foxnews.com,Male,178.121.185.13
722,Ronny,Summons,rsummonsk1@liveinternet.ru,Non-binary,24.114.148.126
723,Donavon,Kubicek,dkubicekk2@yahoo.com,Male,163.123.88.64
724,Bren,Tebbutt,btebbuttk3@hao123.com,Male,45.35.55.162
725,Jaclin,Hollingsbee,jhollingsbeek4@webmd.com,Female,193.91.221.125
726,Vittorio,Odde,voddek5@discovery.com,Male,148.102.161.140
727,Sergent,McDermot,smcdermotk6@home.pl,Non-binary,136.27.60.152
728,Malvin,Milstead,mmilsteadk7@flickr.com,Male,147.22.139.215
729,Neddy,Llewhellin,nllewhellink8@nsw.gov.au,Male,224.75.181.181
730,Karla,Beauvais,kbeauvaisk9@scientificamerican.com,Female,90.132.127.164
731,Harlie,Jiles,hjileska@tinypic.com,Female,14.26.21.230
732,Myron,Van Zon,mvanzonkb@nifty.com,Male,126.211.120.73
733,Nathalia,Tolcher,ntolcherkc@nba.com,Female,133.233.103.222
734,Adorne,Sprague,aspraguekd@ezinearticles.com,Female,150.171.61.155
735,Gipsy,Leverich,gleverichke@google.com.au,Female,53.23.239.233
736,Meriel,Whistlecroft,mwhistlecroftkf@ihg.com,Female,176.103.33.91
737,Berkie,Rabjohns,brabjohnskg@illinois.edu,Male,67.166.177.218
738,Natal,Reddick,nreddickkh@kickstarter.com,Male,64.187.196.0
739,Erv,Blakeley,eblakeleyki@blogtalkradio.com,Male,203.216.243.110
740,Edyth,Flescher,eflescherkj@discuz.net,Female,90.162.218.45
741,Denni,Hearthfield,dhearthfieldkk@163.com,Female,191.187.160.117
742,Dasi,Caroll,dcarollkl@vimeo.com,Female,213.61.11.50
743,Gilberte,Simounet,gsimounetkm@flavors.me,Female,40.156.152.133
744,Opalina,Rosenbloom,orosenbloomkn@discuz.net,Female,80.159.165.59
745,Esra,Schimon,eschimonko@jigsy.com,Male,0.183.68.25
746,Arnaldo,Petrichat,apetrichatkp@wunderground.com,Male,179.146.229.102
747,Petunia,Calcutt,pcalcuttkq@sphinn.com,Female,218.241.12.7
748,Amelita,Handforth,ahandforthkr@exblog.jp,Female,173.64.213.203
749,Arney,Woodburn,awoodburnks@scientificamerican.com,Male,107.100.162.105
750,Elvira,Tyrwhitt,etyrwhittkt@typepad.com,Female,54.224.168.199
751,Hannis,Raven,hravenku@va.gov,Female,41.12.39.22
752,Karole,Ratke,kratkekv@surveymonkey.com,Female,88.19.207.127
753,Domini,Letchmore,dletchmorekw@diigo.com,Genderqueer,84.186.140.143
754,Kimball,Yesson,kyessonkx@fastcompany.com,Male,86.106.62.114
755,Prince,Napleton,pnapletonky@arstechnica.com,Agender,22.191.118.165
756,Carine,Slogrove,cslogrovekz@godaddy.com,Female,16.36.88.46
757,Early,Telling,etellingl0@pbs.org,Male,204.159.138.230
758,Trueman,Bellringer,tbellringerl1@wordpress.com,Male,194.136.224.234
759,Halsy,Cowey,hcoweyl2@mozilla.org,Male,99.88.172.66
760,Lona,Gulliford,lgullifordl3@hud.gov,Female,216.161.205.94
761,Milicent,Banishevitz,mbanishevitzl4@symantec.com,Female,80.106.221.224
762,Thaxter,O'Teague,toteaguel5@twitter.com,Male,67.235.206.158
763,Milicent,Iacobucci,miacobuccil6@mac.com,Female,25.8.233.56
764,Marielle,Goeff,mgoeffl7@de.vu,Female,176.87.103.177
765,Nikolaos,Dansken,ndanskenl8@huffingtonpost.com,Male,222.42.23.174
766,Ame,Coling,acolingl9@xing.com,Female,114.209.55.127
767,Gabi,Swenson,gswensonla@admin.ch,Female,8.62.193.63
768,Orson,Almeida,oalmeidalb@sakura.ne.jp,Male,52.85.29.208
769,Trevar,Duly,tdulylc@unicef.org,Genderqueer,73.63.34.89
770,Frankie,Wiles,fwilesld@squarespace.com,Male,118.222.20.237
771,Dino,Barnet,dbarnetle@friendfeed.com,Male,37.17.117.55
772,Traci,Harnott,tharnottlf@flickr.com,Female,205.47.112.55
773,Sissy,Epple,sepplelg@mapy.cz,Female,79.66.175.22
774,Cristian,Barrett,cbarrettlh@house.gov,Male,172.119.45.175
775,Marion,Roo,mrooli@bloglovin.com,Bigender,243.141.171.21
776,Giraud,Sabati,gsabatilj@ucoz.ru,Male,248.247.79.94
777,Lacie,Phillpotts,lphillpottslk@mediafire.com,Female,128.245.28.163
778,Caril,Wimbury,cwimburyll@angelfire.com,Polygender,23.94.154.194
779,Pippy,Kohring,pkohringlm@tmall.com,Female,106.45.249.245
780,Sylas,Goodrum,sgoodrumln@irs.gov,Male,17.64.179.10
781,Woodrow,Ciccottini,wciccottinilo@google.fr,Male,42.18.65.167
782,Brooke,Cherry,bcherrylp@e-recht24.de,Female,180.73.236.65
783,Bertina,Fouracre,bfouracrelq@networksolutions.com,Female,207.86.165.153
784,Nollie,Sharram,nsharramlr@buzzfeed.com,Bigender,141.243.197.212
785,Edsel,Merrison,emerrisonls@example.com,Male,40.116.84.210
786,Neysa,Devey,ndeveylt@guardian.co.uk,Female,224.66.158.7
787,Caressa,Lankford,clankfordlu@reddit.com,Female,7.109.207.40
788,Nixie,Slater,nslaterlv@newyorker.com,Female,173.207.52.126
789,Emmalynne,Jillitt,ejillittlw@technorati.com,Female,65.52.8.222
790,Charmane,Pieroni,cpieronilx@cbsnews.com,Female,135.59.210.88
791,Jany,Nettle,jnettlely@ucoz.ru,Female,26.25.112.193
792,Janeva,Willshere,jwillsherelz@abc.net.au,Female,217.148.136.229
793,Maryjo,Matteini,mmatteinim0@myspace.com,Female,146.150.166.244
794,Ryan,Silkston,rsilkstonm1@a8.net,Male,75.88.40.36
795,Christi,Chazelle,cchazellem2@arstechnica.com,Female,121.76.124.127
796,Amabelle,Swiffen,aswiffenm3@acquirethisname.com,Female,148.37.239.84
797,Idalina,Charlin,icharlinm4@aol.com,Female,86.30.170.168
798,Stephanus,Baroch,sbarochm5@jimdo.com,Male,119.82.20.189
799,Aldrich,Jancey,ajanceym6@usa.gov,Male,199.105.205.34
800,Nye,Cantos,ncantosm7@csmonitor.com,Male,26.240.126.244
801,Nicola,Petzolt,npetzoltm8@usnews.com,Male,226.22.56.41
802,Mikel,Sotheby,msothebym9@google.ru,Male,92.1.14.184
803,Forest,McGivena,fmcgivenama@twitpic.com,Male,27.12.57.211
804,Carmencita,Stegel,cstegelmb@artisteer.com,Female,11.250.131.21
805,Kippie,Lisimore,klisimoremc@themeforest.net,Male,181.30.160.254
806,Isabelita,Dickerline,idickerlinemd@alexa.com,Female,250.54.221.71
807,Boone,Folbige,bfolbigeme@whitehouse.gov,Male,167.41.211.15
808,Charles,Domenget,cdomengetmf@aol.com,Male,93.12.102.126
809,Pinchas,Dalziel,pdalzielmg@vimeo.com,Non-binary,166.28.146.180
810,Pate,Beeck,pbeeckmh@wufoo.com,Male,255.250.66.253
811,Aubrey,Just,ajustmi@tripadvisor.com,Polygender,143.151.206.96
812,Shawna,Feilden,sfeildenmj@reuters.com,Female,151.116.177.115
813,Doris,Casham,dcashammk@unc.edu,Genderqueer,189.131.76.146
814,Gretel,Gaynes,ggaynesml@cargocollective.com,Bigender,220.223.148.252
815,Willdon,Moreside,wmoresidemm@xing.com,Male,14.115.224.15
816,Layla,Doers,ldoersmn@google.nl,Female,64.19.221.103
817,Brandyn,Brownsmith,bbrownsmithmo@pen.io,Male,18.156.81.90
818,Brad,Wink,bwinkmp@youtube.com,Male,181.219.161.253
819,Lonnie,Martland,lmartlandmq@techcrunch.com,Male,28.177.179.0
820,Barry,Bollom,bbollommr@typepad.com,Male,99.139.96.88
821,Barry,Younge,byoungems@sphinn.com,Male,126.43.253.153
822,Garner,Hinkens,ghinkensmt@comcast.net,Male,214.48.239.100
823,Ibrahim,Witch,iwitchmu@vimeo.com,Male,103.103.176.98
824,Deck,Decayette,ddecayettemv@studiopress.com,Male,73.186.179.124
825,Wakefield,Stodit,wstoditmw@loc.gov,Male,150.24.200.58
826,Olag,Leetham,oleethammx@livejournal.com,Male,211.249.180.24
827,Heath,Hurll,hhurllmy@dropbox.com,Female,171.100.247.104
828,Symon,Forsard,sforsardmz@bloomberg.com,Bigender,177.214.66.143
829,Padraig,Comelini,pcomelinin0@tumblr.com,Male,154.191.91.85
830,Tom,Vickerman,tvickermann1@123-reg.co.uk,Male,139.232.27.110
831,Jakie,Jean,jjeann2@nytimes.com,Male,203.140.91.46
832,Lari,Sinderland,lsinderlandn3@fc2.com,Female,59.193.178.159
833,Pennie,Jossel,pjosseln4@themeforest.net,Female,179.92.80.43
834,Paten,Suerz,psuerzn5@altervista.org,Male,10.127.100.177
835,Carrol,Hellings,chellingsn6@census.gov,Male,247.181.241.187
836,Anna-maria,Mattin,amattinn7@myspace.com,Female,5.39.238.50
837,Harley,Pengelly,hpengellyn8@domainmarket.com,Female,176.181.119.248
838,Jocko,Maffezzoli,jmaffezzolin9@gizmodo.com,Male,33.159.253.250
839,Lindsy,Dell Casa,ldellcasana@utexas.edu,Female,242.14.190.134
840,Elysee,Burmaster,eburmasternb@bloglines.com,Genderfluid,7.246.99.52
841,Libbey,Jaeggi,ljaegginc@ning.com,Genderfluid,139.243.136.85
842,Lynsey,Jauncey,ljaunceynd@redcross.org,Genderfluid,137.136.223.75
843,Leland,Dougal,ldougalne@reference.com,Male,93.240.8.195
844,Sonny,Wraighte,swraightenf@theatlantic.com,Male,191.108.144.133
845,Joanie,Leal,jlealng@unicef.org,Female,127.128.218.203
846,Jaclyn,Giffon,jgiffonnh@jigsy.com,Female,239.72.4.181
847,Ricki,Doog,rdoogni@joomla.org,Female,40.230.112.189
848,Marita,Oscroft,moscroftnj@home.pl,Female,175.75.151.242
849,Olivier,Kroger,okrogernk@tinyurl.com,Male,87.174.5.120
850,Margette,Abramino,mabraminonl@state.gov,Female,170.8.13.239
851,Kennett,Elkins,kelkinsnm@guardian.co.uk,Male,247.178.118.227
852,Philipa,Langfitt,plangfittnn@addtoany.com,Female,123.179.146.66
853,Kenon,Sictornes,ksictornesno@ox.ac.uk,Male,244.55.28.0
854,Bradney,Tankin,btankinnp@vinaora.com,Male,66.32.5.47
855,Karoly,Asif,kasifnq@prweb.com,Female,9.136.93.102
856,Barbaraanne,Sterte,bstertenr@tmall.com,Female,40.117.137.173
857,Darrell,Dabernott,ddabernottns@intel.com,Male,244.56.157.90
858,Marshall,Lensch,mlenschnt@addthis.com,Male,68.168.3.85
859,Letta,MacDougal,lmacdougalnu@yellowbook.com,Female,82.72.183.90
860,Cyb,Zienkiewicz,czienkiewicznv@hp.com,Female,238.89.139.171
861,Gwyneth,Cullivan,gcullivannw@vistaprint.com,Agender,120.2.85.7
862,Fletch,Stone Fewings,fstonefewingsnx@slideshare.net,Male,125.180.92.148
863,Jerrome,Byram,jbyramny@tuttocitta.it,Genderfluid,202.186.73.154
864,Mirilla,Cabotto,mcabottonz@unesco.org,Female,80.157.100.45
865,Barbey,Kinsell,bkinsello0@auda.org.au,Female,13.12.52.135
866,Egon,Traher,etrahero1@marketwatch.com,Male,2.181.22.101
867,Rona,Braham,rbrahamo2@marketwatch.com,Female,252.140.46.12
868,Devland,Sconce,dsconceo3@guardian.co.uk,Male,124.230.49.240
869,Edie,Flexman,eflexmano4@weibo.com,Female,209.61.233.216
870,Stern,Sexcey,ssexceyo5@canalblog.com,Male,119.250.59.29
871,Barclay,Jude,bjudeo6@wordpress.com,Male,116.218.17.96
872,Sephira,Jessard,sjessardo7@accuweather.com,Female,253.128.36.28
873,Fidelio,Fishly,ffishlyo8@diigo.com,Male,52.233.226.21
874,Mordecai,Ivanitsa,mivanitsao9@ask.com,Male,129.235.17.1
875,Monah,Rostron,mrostronoa@auda.org.au,Female,201.38.219.2
876,Christalle,Gowdie,cgowdieob@netvibes.com,Female,218.187.221.81
877,Angel,Kermit,akermitoc@cdbaby.com,Female,125.23.91.32
878,Wiley,Ramble,wrambleod@squidoo.com,Male,96.208.166.215
879,Lionel,Philipot,lphilipotoe@twitter.com,Male,106.172.1.102
880,Emlyn,Dreger,edregerof@friendfeed.com,Male,47.225.65.79
881,Sebastian,Marrow,smarrowog@people.com.cn,Male,177.8.131.91
882,Marieann,De Normanville,mdenormanvilleoh@about.com,Polygender,161.180.25.116
883,Jae,Gregr,jgregroi@apache.org,Male,91.122.159.232
884,Devlen,Carass,dcarassoj@phpbb.com,Male,66.246.128.17
885,Nelie,Waymont,nwaymontok@1und1.de,Female,27.79.217.234
886,Siouxie,Readings,sreadingsol@linkedin.com,Female,126.54.215.243
887,Karrie,Wheelwright,kwheelwrightom@reverbnation.com,Female,49.138.15.181
888,Dana,Sigfrid,dsigfridon@theguardian.com,Female,194.148.121.155
889,Erastus,Daye,edayeoo@mac.com,Male,122.48.224.27
890,Darb,Hassent,dhassentop@blogspot.com,Male,203.56.243.84
891,Gabrila,Mattiato,gmattiatooq@latimes.com,Female,62.123.169.55
892,Kirsten,Yearby,kyearbyor@rediff.com,Agender,219.70.169.250
893,Cristie,Tomaschke,ctomaschkeos@nifty.com,Genderfluid,21.6.99.62
894,Bordy,Rowlinson,browlinsonot@dedecms.com,Male,37.233.25.114
895,Marion,Imort,mimortou@spotify.com,Male,221.249.90.85
896,Devy,Vedeshkin,dvedeshkinov@usa.gov,Male,204.107.93.107
897,Eziechiele,Clancey,eclanceyow@zdnet.com,Male,54.123.17.214
898,Simeon,Glyssanne,sglyssanneox@army.mil,Male,14.242.134.150
899,Bendick,Luker,blukeroy@wikipedia.org,Male,100.236.103.129
900,Lindon,Pingston,lpingstonoz@bbc.co.uk,Male,33.72.109.242
901,Gran,Mingaud,gmingaudp0@4shared.com,Male,192.36.211.200
902,Leeanne,Colliard,lcolliardp1@go.com,Female,127.151.81.97
903,Ralph,Clubley,rclubleyp2@istockphoto.com,Male,21.166.107.179
904,Chad,Gaythor,cgaythorp3@arizona.edu,Female,20.105.146.165
905,Pedro,Mourbey,pmourbeyp4@vinaora.com,Male,119.106.200.242
906,Ailbert,Scotchmoor,ascotchmoorp5@yelp.com,Male,103.27.188.42
907,Arnuad,Goundsy,agoundsyp6@php.net,Male,78.26.197.65
908,Izabel,Markwell,imarkwellp7@archive.org,Female,155.252.24.106
909,Simone,Hadny,shadnyp8@foxnews.com,Female,182.133.222.232
910,Matt,Humber,mhumberp9@usnews.com,Male,250.33.7.58
911,Alejoa,Mullan,amullanpa@merriam-webster.com,Bigender,253.162.223.181
912,Klarrisa,Livick,klivickpb@dropbox.com,Non-binary,10.131.179.161
913,Lizbeth,Motion,lmotionpc@linkedin.com,Female,111.243.174.148
914,Onofredo,Sheilds,osheildspd@tamu.edu,Male,1.52.5.246
915,Reece,Dagwell,rdagwellpe@topsy.com,Male,103.215.116.155
916,Sidoney,Dobell,sdobellpf@loc.gov,Female,202.155.71.145
917,Emelyne,Eykelbosch,eeykelboschpg@google.com.br,Female,116.216.166.112
918,Paula,Cuddy,pcuddyph@smugmug.com,Female,93.231.252.81
919,Sherman,Capes,scapespi@tinypic.com,Male,185.18.16.248
920,Hailey,Brampton,hbramptonpj@upenn.edu,Male,49.244.209.176
921,Phaidra,Hawley,phawleypk@yahoo.co.jp,Female,24.109.162.242
922,Park,De Freyne,pdefreynepl@gizmodo.com,Genderqueer,50.41.230.90
923,Kort,Japp,kjapppm@ocn.ne.jp,Male,205.214.150.216
924,Willabella,Sarjent,wsarjentpn@engadget.com,Female,123.235.103.50
925,Gaelan,Haines,ghainespo@newsvine.com,Male,172.179.222.84
926,Kelci,Croson,kcrosonpp@newyorker.com,Female,190.91.76.120
927,Grace,Cardinale,gcardinalepq@typepad.com,Male,237.36.171.109
928,Remus,Scorthorne,rscorthornepr@deliciousdays.com,Male,222.229.8.155
929,Dynah,Chilver,dchilverps@zimbio.com,Female,187.119.114.133
930,Harwell,McKoy,hmckoypt@wunderground.com,Male,253.12.84.168
931,Yuma,Titcumb,ytitcumbpu@taobao.com,Male,144.171.161.137
932,Shay,Crummy,scrummypv@businessweek.com,Female,176.182.159.241
933,Zaneta,Strass,zstrasspw@ftc.gov,Female,144.153.57.132
934,Alice,Stilly,astillypx@bing.com,Female,18.132.63.6
935,Romona,Naisbitt,rnaisbittpy@google.it,Non-binary,165.57.93.125
936,Nicko,McSkin,nmcskinpz@uol.com.br,Male,159.170.43.126
937,Ronnie,Bosse,rbosseq0@constantcontact.com,Male,132.212.80.173
938,Nalani,Lassells,nlassellsq1@disqus.com,Female,72.25.88.61
939,Casie,Schellig,cschelligq2@narod.ru,Female,75.222.32.139
940,Ax,Pulbrook,apulbrookq3@zimbio.com,Male,78.141.110.37
941,Lief,Keelinge,lkeelingeq4@shutterfly.com,Male,76.185.13.238
942,Lamont,Casol,lcasolq5@sbwire.com,Male,212.0.146.104
943,Torrin,Ronaldson,tronaldsonq6@exblog.jp,Male,6.54.220.163
944,Reinold,Riden,rridenq7@thetimes.co.uk,Male,69.103.21.140
945,Freddi,Adelman,fadelmanq8@loc.gov,Female,161.24.50.166
946,Isaac,Showl,ishowlq9@census.gov,Polygender,171.142.86.191
947,Stacy,Luff,sluffqa@squidoo.com,Female,178.70.142.5
948,Dwight,Kix,dkixqb@cornell.edu,Male,108.152.220.67
949,Kiley,Oxby,koxbyqc@google.com.br,Female,7.11.121.71
950,Korrie,Tubb,ktubbqd@telegraph.co.uk,Female,94.229.31.234
951,Ody,Whorton,owhortonqe@google.com.hk,Male,103.89.209.43
952,Maggi,Vicent,mvicentqf@alibaba.com,Female,88.191.12.168
953,Ana,Warde,awardeqg@flavors.me,Female,179.103.64.181
954,Alexandre,Robuchon,arobuchonqh@amazon.com,Male,230.37.81.60
955,Emmalynne,Solesbury,esolesburyqi@miibeian.gov.cn,Female,186.95.194.249
956,Robena,Frusher,rfrusherqj@buzzfeed.com,Genderfluid,26.195.248.165
957,Tressa,Hauck,thauckqk@people.com.cn,Female,25.67.2.108
958,Lorin,Fettis,lfettisql@cpanel.net,Male,240.218.154.171
959,Barthel,Rottcher,brottcherqm@abc.net.au,Male,193.178.122.87
960,Allsun,Gianiello,agianielloqn@gnu.org,Female,153.21.54.16
961,Terrill,Monteath,tmonteathqo@cbc.ca,Male,225.5.250.147
962,Alden,Landrick,alandrickqp@squidoo.com,Male,13.10.14.174
963,Ignatius,Lardnar,ilardnarqq@nhs.uk,Male,183.97.84.243
964,Sam,Antwis,santwisqr@discovery.com,Male,167.11.23.214
965,Jere,Aldwick,jaldwickqs@boston.com,Female,133.12.35.94
966,Constantine,Bernaldo,cbernaldoqt@studiopress.com,Male,155.136.108.139
967,Annamarie,Whiteland,awhitelandqu@washingtonpost.com,Female,135.30.181.23
968,Parsifal,Finnimore,pfinnimoreqv@apple.com,Male,177.16.40.204
969,Kinna,Dommersen,kdommersenqw@icio.us,Female,142.245.170.190
970,Cass,Duker,cdukerqx@addthis.com,Female,75.245.251.142
971,Carmina,Dudny,cdudnyqy@senate.gov,Polygender,5.104.227.17
972,Stavros,Sandison,ssandisonqz@issuu.com,Bigender,175.127.69.78
973,Walker,Waylett,wwaylettr0@sun.com,Male,54.163.142.142
974,Judon,Reimers,jreimersr1@twitter.com,Genderfluid,28.224.161.152
975,Horatius,McAdam,hmcadamr2@prweb.com,Polygender,131.163.15.30
976,Husain,Twigger,htwiggerr3@cdc.gov,Male,20.48.97.226
977,Daron,Brabben,dbrabbenr4@nhs.uk,Male,183.242.114.224
978,Clovis,Rannigan,cranniganr5@nifty.com,Female,143.2.224.68
979,Bayard,Morville,bmorviller6@joomla.org,Male,218.222.223.81
980,Terrijo,Towriss,ttowrissr7@examiner.com,Female,88.67.24.84
981,Conway,Duggon,cduggonr8@instagram.com,Male,240.96.120.181
982,Judas,Chessun,jchessunr9@ihg.com,Male,165.139.139.93
983,Daron,Brayne,dbraynera@163.com,Male,232.21.229.252
984,Dar,Porker,dporkerrb@webeden.co.uk,Genderfluid,113.26.51.200
985,Amandy,Braundt,abraundtrc@parallels.com,Female,26.163.86.17
986,Sayers,Archdeacon,sarchdeaconrd@xrea.com,Male,161.184.23.205
987,Giavani,Whitfeld,gwhitfeldre@themeforest.net,Male,66.116.111.175
988,Cristionna,Atlee,catleerf@rediff.com,Female,109.240.74.87
989,Salem,McKirton,smckirtonrg@google.co.jp,Male,151.150.24.159
990,Hadria,Chittenden,hchittendenrh@boston.com,Female,84.92.12.122
991,Mirna,Gartery,mgarteryri@jiathis.com,Female,92.134.232.173
992,Dietrich,Cowherd,dcowherdrj@imgur.com,Male,29.142.187.14
993,Carry,Kinzel,ckinzelrk@goo.ne.jp,Female,38.222.126.248
994,Quent,Ygoe,qygoerl@livejournal.com,Male,48.176.111.13
995,Daffi,Lemmen,dlemmenrm@princeton.edu,Female,170.205.189.3
996,Rockwell,Zamora,rzamorarn@hibu.com,Male,89.234.212.19
997,Bram,Pearmine,bpearminero@bravesites.com,Male,109.52.243.7
998,Julianne,Rulf,jrulfrp@bbb.org,Female,191.123.176.58
999,Rourke,McCardle,rmccardlerq@mac.com,Male,70.249.116.134
1000,Alistair,Mellem,amellemrr@amazon.co.uk,Male,172.238.250.137
