first_name,last_name,age,email,phone_number,address,city,state,country,postal_code
Stacee,Parres,59,sparres0@businessinsider.com,191-349-4527,24067 Main Crossing,Yangdian,,China,
Emmit,Spendlove,44,espendlove1@google.fr,377-486-0586,500 Mayfield Crossing,Carlos Casares,,Argentina,6530
Lillian,Juckes,35,ljuckes2@epa.gov,358-534-9520,568 Dapin Drive,Shuangqiao,,China,
Leandra,Basill,83,lbasill3@sfgate.com,585-261-5611,0 Kings Lane,Bijeli,,Indonesia,
Horacio,Haggus,53,hhaggus4@about.me,235-103-7486,96 Ridge Oak Center,Bontoc,,Philippines,6604
Quentin,Stow,82,qstow5@alibaba.com,282-768-8414,908 Grasskamp Plaza,Drezdenko,,Poland,66-530
Barbara-anne,Stanway,65,bstanway6@princeton.edu,545-726-5031,073 Crownhardt Park,Kastornoye,,Russia,306700
Abbie,Rubinowicz,80,arubinowicz7@photobucket.com,170-910-9391,11 Truax Circle,Monte Redondo,Lisboa,Portugal,2565-522
Gilberto,Housiaux,73,ghousiaux8@dedecms.com,265-704-9154,03902 South Hill,Sinarwangi,,Indonesia,
Waylan,Bakhrushin,23,wbakhrushin9@ca.gov,255-561-5836,8 Prairieview Plaza,Wāling,,Nepal,
Leoline,Aisthorpe,41,laisthorpea@macromedia.com,846-413-3180,303 Coleman Crossing,Krasnovishersk,,Russia,618593
Wynnie,Foyle,46,wfoyleb@bloomberg.com,737-885-5963,83 7th Plaza,Honghuatao,,China,
Coretta,Gouldstone,82,cgouldstonec@canalblog.com,594-459-3292,4 Reindahl Drive,Kigoma,,Tanzania,
Cilka,McAlees,74,cmcaleesd@ebay.com,135-311-2617,280 Sutherland Avenue,Hikkaduwa,,Sri Lanka,80240
Stephannie,Coneybeer,77,sconeybeere@technorati.com,916-653-9697,956 Hauk Hill,Guachetá,,Colombia,250618
John,Kellet,53,jkelletf@wordpress.com,449-892-4465,00416 Anderson Crossing,Surin,,Thailand,58110
Burnard,Mor,38,bmorg@businessweek.com,488-183-5491,7496 Lillian Hill,Varadero,,Cuba,
Reagen,Robertot,37,rrobertoth@geocities.jp,922-279-1050,3786 Redwing Road,Muḩradah,,Syria,
Inglis,Barnardo,51,ibarnardoi@go.com,306-246-6549,0 Sunfield Way,Dushan,,China,
Tomlin,Colyer,72,tcolyerj@homestead.com,704-705-2925,83184 Pepper Wood Point,Charlotte,North Carolina,United States,28210
Garek,Mitchenson,71,gmitchensonk@answers.com,651-948-1268,602 Sutherland Hill,Vilque Chico,,Peru,
Suzette,Blew,41,sblewl@sun.com,231-841-5249,3 Memorial Drive,Tegalgede,,Indonesia,
Jonathon,Swaisland,26,jswaislandm@unblog.fr,301-721-7922,09904 Glendale Crossing,Qingban,,China,
Laverna,Mattholie,58,lmattholien@w3.org,618-182-0277,511 Florence Pass,Murça,Vila Real,Portugal,5090-105
Marthe,Penman,66,mpenmano@vistaprint.com,289-444-5672,378 Coleman Pass,Poli,,Indonesia,
Cecilia,Noulton,44,cnoultonp@people.com.cn,867-525-5816,8880 Grim Street,Banho e Carvalhosa,Porto,Portugal,4635-005
Leroi,Ansett,27,lansettq@amazon.de,702-215-3927,398 Glendale Way,Gunungkoneng,,Indonesia,
Tabby,Simecek,27,tsimecekr@msn.com,404-948-1801,0 Sutteridge Circle,Atlanta,Georgia,United States,30358
Marco,Alflatt,24,malflatts@furl.net,916-771-2244,74970 Center Avenue,Sukacai Tengah,,Indonesia,
Elfrieda,Beamiss,22,ebeamisst@jalbum.net,270-401-7585,097 Elmside Hill,Jiuxian,,China,
Agathe,Barstow,47,abarstowu@phpbb.com,518-548-2742,34 Lunder Circle,Binitinan,,Philippines,9005
Aubree,Baynham,85,abaynhamv@weather.com,903-437-5904,91 Talisman Parkway,Laifang,,China,
Cass,Kubiak,34,ckubiakw@hc360.com,658-573-1684,77 Hauk Court,Longjie,,China,
Wakefield,McCosker,39,wmccoskerx@bloomberg.com,974-109-3833,8623 Darwin Pass,Nałęczów,,Poland,24-150
Zared,Bourgourd,28,zbourgourdy@g.co,405-342-0956,12532 Fuller Circle,Mairinque,,Brazil,18120-000
Rodney,Mackerness,32,rmackernessz@lycos.com,689-150-2788,943 Pennsylvania Junction,Nuevo Amanecer,,Nicaragua,
Fayina,Lucius,48,flucius10@blogtalkradio.com,756-385-2398,7 Killdeer Point,Orléans,Centre,France,45032 CEDEX 1
Aaren,Sloane,20,asloane11@marriott.com,224-986-2184,0 Kingsford Plaza,Cavadas,Aveiro,Portugal,4505-569
Stanfield,Arnould,24,sarnould12@loc.gov,158-710-5585,5013 Fulton Place,Batasan,,Philippines,9401
Deny,Wadworth,39,dwadworth13@ifeng.com,652-675-0446,66020 Westerfield Way,Semboropasar,,Indonesia,
Becky,Clapison,78,bclapison14@mac.com,928-316-4684,2272 Cardinal Trail,Luoping,,China,
Anatole,Flowerden,65,aflowerden15@histats.com,446-460-3335,8 Talmadge Street,Lamalewo,,Indonesia,
Constantino,Cowdroy,24,ccowdroy16@craigslist.org,823-836-3267,47033 Almo Circle,Ormož,,Slovenia,2270
Dov,Labeuil,23,dlabeuil17@seattletimes.com,828-101-9801,55 Rockefeller Park,Suwaru,,Indonesia,
Debor,Landy,47,dlandy18@npr.org,637-954-8229,38 Commercial Park,Dan Sadau,,Nigeria,
Theodor,Marriott,40,tmarriott19@cloudflare.com,386-318-0406,54931 Norway Maple Court,Daytona Beach,Florida,United States,32128
Jackie,Greenman,54,jgreenman1a@seattletimes.com,873-363-9649,1318 Leroy Hill,Karuri,,Kenya,
Eben,Capps,84,ecapps1b@scientificamerican.com,139-296-9070,4201 John Wall Pass,Velká Bíteš,,Czech Republic,595 01
Christan,Yvens,19,cyvens1c@rambler.ru,558-288-1198,15403 Vernon Trail,Yiqi,,China,
Latrena,Crampsey,59,lcrampsey1d@pbs.org,393-631-2748,9 Laurel Junction,Amboise,Centre,France,37404 CEDEX
Augustina,Stendell,48,astendell1e@php.net,544-249-8311,9 Brickson Park Way,Tawau,Sabah,Malaysia,91010
Deck,Seel,43,dseel1f@state.gov,924-514-9633,69 Magdeline Center,Mbumi,,Tanzania,
Blondell,Blanche,64,bblanche1g@nytimes.com,503-197-8132,06 Basil Road,Bunder,,Indonesia,
Kelli,Whyard,48,kwhyard1h@berkeley.edu,669-587-4329,570 Schiller Junction,Vreshtas,,Albania,
Pavel,Oakeshott,40,poakeshott1i@hao123.com,320-873-4460,9 Coolidge Pass,Hanji,,China,
Lalo,Frizell,42,lfrizell1j@domainmarket.com,389-240-2321,4 Del Sol Pass,Tengger,,Indonesia,
Lilian,Ferrant,72,lferrant1k@hhs.gov,940-789-9404,9030 Sundown Trail,Vänersborg,Västra Götaland,Sweden,462 73
Bordie,Mattiato,43,bmattiato1l@nih.gov,958-293-0299,55201 Oneill Hill,San Ricardo,,Philippines,6617
Leshia,Danbi,42,ldanbi1m@whitehouse.gov,201-845-8707,725 Hoepker Avenue,Cayna,,Peru,
Calhoun,Nortunen,19,cnortunen1n@cdc.gov,230-472-0850,0383 Cambridge Circle,Zhangjia,,China,
Kelsey,Niemiec,37,kniemiec1o@purevolume.com,765-591-0746,36776 Dryden Junction,Indianapolis,Indiana,United States,46202
Pieter,Osgerby,80,posgerby1p@thetimes.co.uk,158-159-1190,61 Gina Trail,Useldange,,Luxembourg,L-8708
Alphonse,Thomerson,54,athomerson1q@walmart.com,538-514-2083,1804 Maryland Street,Ballina,,Ireland,F26
Fan,Joblin,22,fjoblin1r@google.pl,217-471-1540,771 Bunting Pass,Kujang-ŭp,,North Korea,
Tore,Bebbington,38,tbebbington1s@domainmarket.com,763-842-7266,954 Dexter Road,Beixiaoying,,China,
Michaella,Herley,32,mherley1t@umich.edu,539-654-0688,8076 Lerdahl Lane,General Alvear,,Argentina,3361
Wren,Balkwill,33,wbalkwill1u@fc2.com,812-951-4367,4 Jackson Hill,Jeffersonville,Indiana,United States,47134
Constance,Arbuckel,68,carbuckel1v@upenn.edu,201-969-4733,40444 Elgar Parkway,Fifi,,Morocco,
Aldis,Harly,82,aharly1w@twitter.com,148-881-1484,4 Ramsey Terrace,Neiba,,Dominican Republic,11102
Merv,Borles,23,mborles1x@yelp.com,746-179-0068,33589 Twin Pines Road,Dovhe,,Ukraine,
Hasheem,Blair,28,hblair1y@desdev.cn,477-359-1257,2 Grover Alley,Ficksburg,,South Africa,9732
Fiann,Hartop,70,fhartop1z@unicef.org,707-757-2196,164 Wayridge Crossing,Irricana,Alberta,Canada,B3T
Reid,Lown,41,rlown20@who.int,345-903-0068,7996 Eagle Crest Pass,Louis Trichardt,,South Africa,0960
Julieta,Stanney,67,jstanney21@com.com,190-784-0790,2 Browning Crossing,Suwaduk,,Indonesia,
Forster,Dargie,77,fdargie22@hud.gov,431-930-6812,70468 Dottie Lane,Alzamay,,Russia,665161
Nannie,Ivanyushkin,27,nivanyushkin23@sfgate.com,805-204-1994,83 Ohio Road,Sexiong,,China,
Wildon,Follen,39,wfollen24@goo.gl,476-710-6212,26884 Bunting Point,Sanshui,,China,
Crystie,McAline,29,cmcaline25@boston.com,577-341-7166,00 Birchwood Place,Xinbao,,China,
Dionis,Duquesnay,44,dduquesnay26@constantcontact.com,928-888-3579,35417 Clyde Gallagher Alley,Jiangluo,,China,
Jenifer,Thompson,68,jthompson27@bravesites.com,104-746-4640,1 Carey Avenue,Léo,,Burkina Faso,
Yevette,Clarkson,35,yclarkson28@eventbrite.com,380-367-0846,07 Green Ridge Hill,Oefau,,Indonesia,
Jaymee,Knowling,56,jknowling29@tinypic.com,578-290-7541,9 Dakota Street,Karanganyar,,Indonesia,
Waverley,Frowen,26,wfrowen2a@cisco.com,986-204-9437,56134 Golden Leaf Plaza,Narbonne,Languedoc-Roussillon,France,11104 CEDEX
Worden,Iannuzzi,69,wiannuzzi2b@yolasite.com,785-632-8266,270 Lien Road,Liushun,,China,
Truman,Smogur,26,tsmogur2c@booking.com,511-208-7386,8 Anhalt Plaza,Yessentukskaya,,Russia,357637
Devondra,Berre,58,dberre2d@latimes.com,310-612-1265,16747 Jenifer Street,Huagu,,China,
Marshal,Ireland,47,mireland2e@example.com,490-237-9445,543 Burning Wood Street,Opatowiec,,Poland,28-520
Lula,Geroldo,73,lgeroldo2f@microsoft.com,259-275-2984,922 Hallows Crossing,Itapissuma,,Brazil,53700-000
Georgie,Barr,19,gbarr2g@rediff.com,793-506-4551,89 Upham Crossing,Malaryta,,Belarus,
Florenza,Begley,57,fbegley2h@google.com.hk,586-963-2556,36968 Talisman Plaza,Paraisópolis,,Brazil,37660-000
Meggy,Menary,40,mmenary2i@soup.io,382-410-6638,96537 Northport Center,Hitoyoshi,,Japan,868-0825
Nicolai,Stiff,49,nstiff2j@mail.ru,534-452-0836,3226 Hagan Pass,Rosh Ha‘Ayin,,Israel,
Leyla,Hopkyns,65,lhopkyns2k@meetup.com,604-673-0687,4 Pawling Terrace,Novo Cruzeiro,,Brazil,39820-000
Lexi,Landreth,19,llandreth2l@salon.com,264-553-7784,026 Tennyson Road,Kalutara,,Sri Lanka,12000
Monroe,Cutmare,71,mcutmare2m@ameblo.jp,553-531-1265,26 Loftsgordon Drive,Sanchahe,,China,
Fabien,Collison,84,fcollison2n@sohu.com,568-838-5102,7885 Autumn Leaf Alley,Getung,,Indonesia,
Sheelagh,Abbis,49,sabbis2o@hhs.gov,462-382-1551,835 Nevada Trail,Motala,Östergötland,Sweden,591 71
Rodd,McQuarrie,56,rmcquarrie2p@rakuten.co.jp,231-211-3853,051 Jenifer Drive,Jiufeng,,China,
Miran,Willstrop,60,mwillstrop2q@soundcloud.com,821-946-3134,512 Burning Wood Park,Alberton,Prince Edward Island,Canada,P7K
Tracy,Jacmard,51,tjacmard2r@mlb.com,583-156-7419,52173 Utah Avenue,Dimitrov,,Armenia,
Tony,Slocomb,65,tslocomb2s@unc.edu,118-871-5615,8890 Goodland Circle,Yorosso,,Mali,
Phip,Parrington,75,pparrington2t@hugedomains.com,180-654-1276,54473 John Wall Lane,Puerto Rico,,Peru,
Eugenie,Millea,65,emillea2u@digg.com,663-408-9845,58470 1st Terrace,Lecong,,China,
Morly,Oleszczak,46,moleszczak2v@histats.com,942-537-8721,6884 Eagle Crest Park,Adiaké,,Ivory Coast,
Alaine,Castagne,38,acastagne2w@sfgate.com,163-306-0878,39 3rd Alley,Presnenskiy,,Russia,901993
Pinchas,Spenclay,72,pspenclay2x@nytimes.com,184-906-0297,926 Arapahoe Circle,Joutseno,,Finland,54101
Ashlie,Sehorsch,37,asehorsch2y@ed.gov,655-293-8103,87998 Graedel Plaza,Divača,,Slovenia,6215
Marcello,Acuna,41,macuna2z@smh.com.au,341-945-3183,052 Petterle Road,Duisburg,Nordrhein-Westfalen,Germany,47139
Hilary,Rosel,18,hrosel30@free.fr,390-729-7903,059 Everett Center,Xiapu,,China,
Doralyn,Bingell,73,dbingell31@pbs.org,270-331-4243,4163 8th Plaza,Noyelles-sous-Lens,Nord-Pas-de-Calais,France,62247 CEDEX
Dorri,Conradsen,67,dconradsen32@goodreads.com,120-912-1768,5411 Clove Avenue,Lokoja,,Nigeria,
Sol,Pichan,77,spichan33@google.fr,175-726-8762,8972 Dennis Crossing,Rzozów,,Poland,32-060
Ashly,Bess,54,abess34@mysql.com,517-850-4713,10 Graceland Point,Dundee,,South Africa,3081
Cristy,Azemar,62,cazemar35@yelp.com,354-460-6469,43 Carioca Parkway,La Guadalupe,Veracruz Llave,Mexico,95600
Bruis,Gawith,64,bgawith36@1688.com,915-633-4546,3595 Sutteridge Avenue,Marcala,,Honduras,
Lazar,Hulstrom,43,lhulstrom37@prnewswire.com,632-153-4229,66880 Talmadge Drive,Sindang,,Indonesia,
Franky,Kitto,81,fkitto38@people.com.cn,173-245-5434,3331 Banding Junction,Viraco,,Peru,
Gilburt,Bloodworthe,65,gbloodworthe39@yahoo.com,717-847-1523,81550 Montana Street,Pasirnangka,,Indonesia,
Elyssa,Lordon,29,elordon3a@dailymail.co.uk,145-515-1024,9 Victoria Center,Quzi,,China,
Pierre,Casaro,56,pcasaro3b@examiner.com,794-316-5239,35063 Commercial Circle,Longfengshan,,China,
Bridgette,Grimolbie,38,bgrimolbie3c@netscape.com,171-265-5723,234 Old Gate Way,Rassvet,,Russia,140482
Myrna,Albers,40,malbers3d@wikipedia.org,323-243-8273,990 Manitowish Junction,Carapelhos,Coimbra,Portugal,3070-605
Philis,Orneles,20,porneles3e@multiply.com,183-654-0600,994 Autumn Leaf Plaza,Mbongawani,,Indonesia,
Merry,Domerq,25,mdomerq3f@latimes.com,296-596-8746,00 Russell Plaza,Dingjiaqiao,,China,
Livy,Allsup,47,lallsup3g@etsy.com,797-386-4425,4 Esch Parkway,Tangjiapo,,China,
Brenna,Bellson,72,bbellson3h@weather.com,150-856-8233,8675 Trailsway Way,Lianghe,,China,
Brigitta,Feaveryear,46,bfeaveryear3i@bizjournals.com,838-970-3295,2 Everett Avenue,Saratak,,Armenia,
Reggi,Silver,51,rsilver3j@mysql.com,633-208-6739,7680 Roth Junction,Suhe,,China,
Ricca,Haslin,55,rhaslin3k@newyorker.com,878-704-1339,696 Warner Trail,Korfovskiy,,Russia,601423
Jacqueline,Margiotta,50,jmargiotta3l@rediff.com,749-808-5754,7 Monica Avenue,Cúcuta,,Colombia,540019
Windham,Zink,32,wzink3m@shop-pro.jp,982-206-7865,513 Ludington Plaza,Hawassa,,Ethiopia,
Eimile,Esp,52,eesp3n@hao123.com,277-466-6719,82498 Darwin Lane,Nihaona,,Indonesia,
Ettore,Dutteridge,39,edutteridge3o@newyorker.com,858-481-2845,7927 Old Gate Alley,Ārifwāla,,Pakistan,50770
Vikki,Cavnor,53,vcavnor3p@tripod.com,716-851-9284,587 Mcbride Junction,Askersund,Örebro,Sweden,696 30
Gordan,Lambdean,75,glambdean3q@amazonaws.com,750-632-4432,2558 Drewry Parkway,Pergamos,,Cyprus,
Humfried,Snelgrove,49,hsnelgrove3r@123-reg.co.uk,307-439-4940,4023 Jenifer Court,Santiago de las Vegas,,Cuba,
Benny,Bartolomieu,24,bbartolomieu3s@opera.com,869-437-4124,3 Memorial Street,Baiyang,,China,
Nickolas,Stancliffe,72,nstancliffe3t@tuttocitta.it,322-159-6471,18674 Petterle Place,Lalauigan,,Philippines,2900
Demetra,Rozier,20,drozier3u@usatoday.com,834-900-2369,78 Evergreen Center,Dordrecht,Provincie Zuid-Holland,Netherlands,3309
Boony,Shilvock,50,bshilvock3v@cornell.edu,802-958-2128,2023 Larry Park,Santander,Cantabria,Spain,39005
Hedwig,Fluck,43,hfluck3w@opensource.org,838-244-4889,7 Farwell Place,Stavanger,Rogaland,Norway,4005
Ganny,Maben,75,gmaben3x@acquirethisname.com,350-111-6025,38371 Clarendon Plaza,Likasi,,Democratic Republic of the Congo,
Heinrik,Stuck,41,hstuck3y@seattletimes.com,812-394-0600,388 Warner Trail,Tengah,,Indonesia,
Luigi,Aicheson,67,laicheson3z@etsy.com,804-808-4466,20245 Hoffman Hill,Richmond,Virginia,United States,23242
Delmar,Elland,62,delland40@ed.gov,132-795-2706,22 Park Meadow Trail,Lazaro Cardenas,Michoacan De Ocampo,Mexico,61150
Gilly,Rowly,27,growly41@so-net.ne.jp,665-772-5743,4271 5th Place,Novopokrovskaya,,Russia,353029
Westbrook,Scarborough,45,wscarborough42@shinystat.com,483-232-2165,3792 Anniversary Parkway,Xiaoshi,,China,
Adlai,Boodell,48,aboodell43@kickstarter.com,784-229-7301,5475 Dixon Terrace,Baima,,China,
Israel,Matijasevic,45,imatijasevic44@is.gd,555-308-1712,810 Carberry Crossing,Sadar Bazar,Uttar Pradesh,India,281002
Lock,O'Shiel,56,loshiel45@dagondesign.com,107-881-6448,15 Nova Avenue,Bošovice,,Czech Republic,683 54
Araldo,Pettendrich,40,apettendrich46@gnu.org,736-226-9985,9 Arkansas Point,Ţahţā,,Egypt,
King,Emanulsson,64,kemanulsson47@amazon.de,367-298-4248,0061 Reinke Crossing,Dukuhsia,,Indonesia,
Janela,Haymes,77,jhaymes48@npr.org,295-738-7756,39803 Derek Trail,Dusun Tengah Cihaurbeuti,,Indonesia,
Henriette,Brackley,79,hbrackley49@oakley.com,639-697-3419,1451 Manufacturers Point,Gondanglegi Wetan,,Indonesia,
Benedetto,Lockney,46,blockney4a@lulu.com,484-648-3934,979 Erie Road,Alcanhões,Santarém,Portugal,2000-355
Hamnet,Sacase,25,hsacase4b@free.fr,209-398-2562,6 Loftsgordon Avenue,Del Pilar,,Philippines,5513
Aurelea,Merner,51,amerner4c@wp.com,402-373-0699,5 Mariners Cove Plaza,Barcelona,,Philippines,4712
Lamont,Rupke,74,lrupke4d@vkontakte.ru,767-610-3869,385 La Follette Drive,Czernice Borowe,,Poland,06-415
Mathias,Ollis,39,mollis4e@instagram.com,169-401-2907,6497 Holmberg Road,Punta de Piedra,,Venezuela,
Casie,Fuggles,70,cfuggles4f@examiner.com,790-499-0110,5441 Johnson Circle,Ngepoh Kidul,,Indonesia,
Shirline,Chishull,35,schishull4g@guardian.co.uk,666-133-6219,4107 Gale Terrace,Moryń,,Poland,74-503
Addie,Panyer,75,apanyer4h@latimes.com,258-152-8223,902 Walton Hill,Tuopu,,China,
Leighton,Iredale,81,liredale4i@irs.gov,159-276-3445,53 Crownhardt Parkway,Opinogóra Górna,,Poland,06-406
Eustace,Bennitt,37,ebennitt4j@go.com,617-939-3522,3 Duke Park,Boston,Massachusetts,United States,02216
Vidovic,Treversh,69,vtreversh4k@lulu.com,694-893-8302,5576 Waubesa Drive,Genet,,Ethiopia,
Josefa,Clarae,49,jclarae4l@homestead.com,744-968-0852,434 Marquette Drive,Sipoholon,,Indonesia,
Levon,Guy,74,lguy4m@4shared.com,210-385-0522,3 Marquette Way,Kandahār,,Afghanistan,
Glad,Fullick,33,gfullick4n@wikispaces.com,933-817-1391,5 Everett Parkway,Cawayan,,Philippines,5409
Kingsly,Pulsford,30,kpulsford4o@ucoz.ru,160-224-1620,15647 Coolidge Plaza,Sakharovo,,Russia,613840
Joshuah,Espinola,18,jespinola4p@aboutads.info,582-454-3098,85262 Meadow Ridge Point,Sionogan,,Philippines,1104
Colene,Grimsley,81,cgrimsley4q@toplist.cz,235-657-0701,4194 Sauthoff Avenue,Lescar,Aquitaine,France,64234 CEDEX
Evan,Volage,61,evolage4r@examiner.com,126-823-0110,7714 Anderson Alley,Wenbi,,China,
Ty,Apple,33,tapple4s@sbwire.com,811-303-0256,72231 Northfield Point,Judita,,Jordan,
Mercy,Brenard,79,mbrenard4t@buzzfeed.com,931-433-5019,0 Schlimgen Terrace,Salerno,Campania,Italy,84124
Maighdiln,Oneil,24,moneil4u@desdev.cn,347-167-9048,61 Oak Center,Hostavice,,Czech Republic,198 00
Cathyleen,Spacy,52,cspacy4v@zimbio.com,543-956-0164,053 Farmco Way,Dongyuan,,China,
Iver,Loade,61,iloade4w@cafepress.com,777-379-1951,78105 Mandrake Circle,Petřvald,,Czech Republic,735 41
Calli,Rathjen,54,crathjen4x@reddit.com,888-542-4920,6 Memorial Junction,Ponta Grossa,,Brazil,84000-000
Sheree,McCarly,20,smccarly4y@creativecommons.org,827-872-5764,69025 Mesta Lane,Mbaké,,Senegal,
Jeanie,Middler,57,jmiddler4z@timesonline.co.uk,598-176-5134,54937 Mendota Place,Den Haag,Provincie Zuid-Holland,Netherlands,2578
Thea,Arblaster,35,tarblaster50@yahoo.co.jp,570-528-6417,08393 Forest Dale Pass,Wilkes Barre,Pennsylvania,United States,18706
Madalyn,McVeagh,79,mmcveagh51@gov.uk,805-146-3734,81752 Ronald Regan Street,Şirrīn ash Shamālīyah,,Syria,
Dela,Wiggett,31,dwiggett52@cmu.edu,512-224-3622,6 Bellgrove Pass,Tuanjie,,China,
Ag,Cheer,60,acheer53@mapquest.com,359-402-2466,27 Moose Center,Weizheng,,China,
Maribelle,Wrathmall,53,mwrathmall54@wufoo.com,282-735-8945,19474 Summerview Plaza,Shuangxikou,,China,
Christean,Braisher,18,cbraisher55@fda.gov,817-192-2060,43034 Corry Alley,Pakapasan Girang,,Indonesia,
Jeffy,Cullington,54,jcullington56@hp.com,592-676-3772,3 Oxford Park,Sidaharja,,Indonesia,
Charlotta,Gilluley,84,cgilluley57@answers.com,419-793-9670,65197 Gerald Way,Quiriquire,,Venezuela,
Heriberto,Shemming,54,hshemming58@google.nl,769-995-9599,2 Michigan Park,Borūjerd,,Iran,
Briggs,Jeavons,55,bjeavons59@desdev.cn,913-468-1233,8 Bashford Drive,Xiabao,,China,
Leena,Cartwright,58,lcartwright5a@pbs.org,385-373-1715,140 Esker Parkway,Jinshan,,China,
Randy,Dolbey,70,rdolbey5b@ask.com,853-791-8190,21 Nelson Point,Ostrožská Lhota,,Czech Republic,687 23
Bax,Watkiss,32,bwatkiss5c@netscape.com,739-370-4943,0 Forest Point,As Sayyānī,,Yemen,
Charissa,Gratrex,29,cgratrex5d@last.fm,871-981-2394,73054 Porter Hill,El Tablón,,Honduras,
Dionis,Wenman,28,dwenman5e@fc2.com,523-137-5294,6432 Briar Crest Plaza,Retiro,,Argentina,4162
Devondra,Wills,33,dwills5f@mac.com,564-776-9954,34 Lawn Road,Vilhena,,Brazil,78995-000
Jacqui,Gorrissen,82,jgorrissen5g@rambler.ru,474-903-6422,71 Sutteridge Pass,Tilamuta,,Indonesia,
Quinlan,O'Hara,80,qohara5h@sakura.ne.jp,178-655-4729,210 Marquette Center,Xiongji,,China,
Donnie,Orriss,56,dorriss5i@java.com,369-914-7648,0 Artisan Point,Xiangqiao,,China,
Frank,Spraberry,59,fspraberry5j@huffingtonpost.com,769-156-4224,190 Bunting Plaza,Sishilichengzi,,China,
Janot,Edgler,25,jedgler5k@sohu.com,922-551-5251,891 Alpine Terrace,Montbéliard,Franche-Comté,France,25204 CEDEX
Rabbi,Bernardo,20,rbernardo5l@typepad.com,435-573-0676,2797 Stuart Pass,Novikovo,,Russia,659518
Ilsa,Grinsdale,38,igrinsdale5m@fc2.com,930-840-6559,6 Packers Circle,Alor Setar,Kedah,Malaysia,05460
Aurore,Marsden,39,amarsden5n@dyndns.org,793-767-4573,1 Southridge Trail,Independencia,Oaxaca,Mexico,70630
Karrie,Dougan,77,kdougan5o@mit.edu,948-385-6215,3 Lukken Street,São Sebastião do Paraíso,,Brazil,37950-000
Carlyn,Wilsey,50,cwilsey5p@jugem.jp,732-749-5981,054 Spenser Terrace,Xiahan,,China,
Silvana,Killock,44,skillock5q@jigsy.com,424-682-8217,3 Kim Hill,Mliwang,,Indonesia,
Faun,Heistermann,58,fheistermann5r@guardian.co.uk,306-253-2245,0978 Springview Avenue,Semamung,,Indonesia,
Marybelle,Olkowicz,49,molkowicz5s@yale.edu,421-969-5282,1982 Hovde Hill,Lirang,,China,
Leonhard,Demeter,19,ldemeter5t@usnews.com,721-865-9833,1 Basil Point,Žacléř,,Czech Republic,542 01
Emlyn,Calam,36,ecalam5u@desdev.cn,186-411-4916,826 Donald Way,Sechenovo,,Russia,607580
Rurik,O'Lahy,22,rolahy5v@theatlantic.com,560-226-4551,05777 Debra Circle,Figueira,Faro,Portugal,8650-153
Meghann,Marquet,80,mmarquet5w@feedburner.com,948-254-1031,748 Homewood Point,Guanjiabao,,China,
Maddy,Harm,78,mharm5x@sciencedirect.com,361-413-0165,36093 Center Center,Corpus Christi,Texas,United States,78410
Fanechka,O'Crigan,36,focrigan5y@tripod.com,120-312-7571,273 Clyde Gallagher Lane,Rustāq,,Afghanistan,
Emelia,Stemson,33,estemson5z@ibm.com,473-404-3144,71458 Crowley Hill,Osoyoos,British Columbia,Canada,N9V
Laurens,Driussi,74,ldriussi60@census.gov,225-323-8143,97 Red Cloud Place,Baton Rouge,Louisiana,United States,70836
Amity,Kundt,67,akundt61@joomla.org,259-308-8967,2 Clemons Alley,Titab,,Indonesia,
Cecilia,Chasier,27,cchasier62@alexa.com,368-620-6220,2342 Banding Way,São João del Rei,,Brazil,36300-000
Lilllie,O'dell,47,lodell63@live.com,253-352-0312,7 Grover Crossing,Balyaga,,Russia,673020
Ida,Vasichev,82,ivasichev64@bandcamp.com,159-739-3558,319 Gale Avenue,Huacheng,,China,
Ashlen,Kempshall,72,akempshall65@icq.com,523-877-8658,6959 Randy Avenue,Massy,Île-de-France,France,91881 CEDEX
Allys,Neller,22,aneller66@ifeng.com,432-669-7622,38682 Straubel Avenue,Xinjian,,China,
Violet,Warstall,43,vwarstall67@ning.com,844-338-1634,060 Pond Pass,Sastöbe,,Kazakhstan,
Haydon,Cattrell,27,hcattrell68@t-online.de,340-988-7773,538 Messerschmidt Street,Las Matas de Farfán,,Dominican Republic,11809
Sandro,Gillopp,42,sgillopp69@php.net,238-703-7129,3 Mcguire Center,Mokotów,,Poland,05-090
Roland,Olyff,85,rolyff6a@google.es,485-947-6761,6940 Ridge Oak Junction,Xinglong,,China,
Gregoor,Deakes,70,gdeakes6b@livejournal.com,292-601-2140,65261 Parkside Alley,Ramadi,,Iraq,
Margi,Oakland,45,moakland6c@amazon.co.uk,101-704-1813,17 Merrick Place,Koror Town,,Palau,
Nariko,Renney,31,nrenney6d@yahoo.com,715-126-8154,854 Schlimgen Avenue,Budënnovsk,,Russia,356825
Nikki,Dresser,44,ndresser6e@deliciousdays.com,105-144-4984,9481 Schurz Junction,Gobojango,,Botswana,
Davita,Organer,78,dorganer6f@uol.com.br,635-366-0691,826 Bunker Hill Lane,Amirabad,,Pakistan,22761
Andee,Rough,29,arough6g@t-online.de,627-264-5077,779 Lakewood Gardens Road,Kolambugan,,Philippines,2100
Derril,Blowfelde,62,dblowfelde6h@huffingtonpost.com,401-281-9397,161 Thackeray Road,Järfälla,Stockholm,Sweden,175 54
Mackenzie,Ourry,80,mourry6i@alibaba.com,179-141-0620,4 Sauthoff Court,Dartang,,China,
Jens,Fitzjohn,43,jfitzjohn6j@umich.edu,228-566-6128,3035 Helena Junction,La Gi,,Vietnam,
Renault,Durante,68,rdurante6k@cnn.com,866-871-2068,96325 Grasskamp Way,Ntoum,,Gabon,
Ealasaid,Life,73,elife6l@t-online.de,857-594-7872,26841 Kedzie Terrace,Nunsena,,Indonesia,
Maxine,Belk,65,mbelk6m@yellowbook.com,515-140-6320,8078 2nd Alley,Três Pontas,,Brazil,37190-000
Ingrid,McCory,58,imccory6n@examiner.com,766-120-2799,8 Badeau Way,Magutian,,China,
Marv,Caddies,84,mcaddies6o@miibeian.gov.cn,827-155-1114,52861 Old Shore Center,Bansalan,,Philippines,8005
Stavro,Gerkens,68,sgerkens6p@cnn.com,351-990-3211,75 Swallow Street,Nay Pyi Taw,,Myanmar,
Raquel,Marley,80,rmarley6q@github.com,691-392-0731,5 Hooker Street,San Fabian,,Philippines,2433
Jeniffer,Virgin,78,jvirgin6r@vinaora.com,508-684-2135,773 Bayside Circle,Lidköping,Västra Götaland,Sweden,531 93
Caitrin,Vaggs,25,cvaggs6s@fastcompany.com,102-541-8524,01690 Jenifer Court,Rado,,Indonesia,
Robinet,Abson,22,rabson6t@posterous.com,917-598-4648,838 Prentice Point,Capão da Canoa,,Brazil,95555-000
Elene,Orable,33,eorable6u@mayoclinic.com,840-798-2359,93 Oak Valley Street,Dingchang,,China,
Cassius,Cranna,37,ccranna6v@shutterfly.com,407-933-4173,29919 Harper Lane,Gowurdak,,Turkmenistan,
Alexandre,Hyett,46,ahyett6w@bigcartel.com,864-167-7820,6749 Maple Street,Waru,,Indonesia,
Washington,Ingraham,50,wingraham6x@godaddy.com,468-496-5709,7 Schlimgen Park,Helixi,,China,
Jory,Matus,48,jmatus6y@histats.com,873-359-2464,33898 Ridgeway Alley,Pampa de los Guanacos,,Argentina,3181
Wright,Branscombe,76,wbranscombe6z@over-blog.com,500-432-6135,896 Red Cloud Center,Nanganumba,,Indonesia,
Town,Lush,84,tlush70@trellian.com,447-172-9766,692 Aberg Drive,Oyabe,,Japan,932-0056
Michail,Puttergill,28,mputtergill71@mail.ru,105-269-2169,512 Alpine Alley,Pallisa,,Uganda,
Lorain,MacFayden,79,lmacfayden72@ebay.co.uk,854-776-6434,57 Dahle Way,Jin’an,,China,
Devonne,Doerren,47,ddoerren73@a8.net,724-694-9989,229 Thierer Crossing,Bedayu,,Indonesia,
Cissy,Blythin,77,cblythin74@house.gov,335-689-1558,4 Shelley Pass,Chernyakhovsk,,Russia,238158
Lynette,Lathy,33,llathy75@gov.uk,436-572-4233,999 Magdeline Avenue,Nggambel,,Indonesia,
Davin,McAuslan,20,dmcauslan76@sogou.com,142-914-9650,3 Larry Pass,Telaga,,Indonesia,
Stacy,Pietrzyk,35,spietrzyk77@ibm.com,232-497-9789,82650 6th Street,Alikalia,,Sierra Leone,
Ase,Bercher,79,abercher78@huffingtonpost.com,706-320-2039,77027 Gerald Avenue,Bogojevo,,Serbia,
Torrance,Antrim,57,tantrim79@cocolog-nifty.com,391-232-7993,4 Becker Crossing,Le Hochet,,Mauritius,
Susana,Gostage,66,sgostage7a@senate.gov,615-422-5756,660 Sundown Hill,Tangwāni,,Pakistan,79151
Delila,Tregiddo,65,dtregiddo7b@apache.org,177-891-6181,69020 Carioca Drive,Deep River,Ontario,Canada,M4J
Halli,Derobert,60,hderobert7c@msu.edu,970-460-9223,04430 Manley Parkway,Guadalupe Victoria,Veracruz Llave,Mexico,93856
Gertruda,Crix,74,gcrix7d@typepad.com,674-981-5672,96211 Red Cloud Place,Sens,Bourgogne,France,89102 CEDEX
Corly,Dobbison,30,cdobbison7e@flavors.me,515-170-1605,23412 Buena Vista Place,Mat-i,,Philippines,9024
Graehme,MacConneely,28,gmacconneely7f@merriam-webster.com,836-181-3666,8 Beilfuss Court,Kastrat,,Albania,
Osgood,Tizard,41,otizard7g@ucoz.ru,212-792-7818,3 Prairie Rose Pass,Provatás,,Greece,
Shermie,Whibley,73,swhibley7h@multiply.com,441-356-4477,98082 American Ash Terrace,Ishkhoy-Yurt,,Russia,368164
Tiffani,Swaite,70,tswaite7i@4shared.com,785-786-1357,1 Annamark Junction,Ogod,,Philippines,4715
Carolina,Hammett,61,chammett7j@msn.com,500-690-7636,2 Hudson Drive,Cuauhtemoc,Tamaulipas,Mexico,87426
Daffi,Crehan,28,dcrehan7k@state.tx.us,407-766-5497,3493 Eastlawn Circle,Miracema,,Brazil,28460-000
Laughton,Feld,24,lfeld7l@shareasale.com,461-962-5871,45 Everett Trail,Lisičani,,Macedonia,6539
Justinn,Mattiassi,27,jmattiassi7m@hexun.com,643-301-2423,276 Carberry Center,Babagan,,Indonesia,
Goldie,Clabburn,45,gclabburn7n@youtu.be,703-101-9837,62 Lunder Crossing,Fangxian,,China,
Pepita,Cater,51,pcater7o@sun.com,960-743-5967,221 Sauthoff Street,Azaruja,Évora,Portugal,7005-104
Sherm,Molson,56,smolson7p@networkadvertising.org,301-605-3428,384 Eastwood Road,Minna,,Nigeria,
Kathryne,Peiser,63,kpeiser7q@hatena.ne.jp,133-585-9857,48 Del Sol Drive,Catac,,Peru,
Elie,Kochs,70,ekochs7r@bing.com,998-332-3687,5694 3rd Street,Jovellar,,Philippines,4515
Selene,Swyer-Sexey,43,sswyersexey7s@ebay.com,291-594-8250,520 Farwell Street,Rizári,,Greece,
Lina,Dederick,43,ldederick7t@barnesandnoble.com,933-503-0179,74245 Bartelt Park,Nevers,Bourgogne,France,58004 CEDEX
Rad,Sargood,45,rsargood7u@123-reg.co.uk,260-998-2561,89 Bunting Plaza,Rudziczka,,Poland,43-267
Artus,Bailiss,54,abailiss7v@ask.com,713-524-9395,30736 Gulseth Terrace,Houston,Texas,United States,77228
Lise,Ernke,47,lernke7w@nsw.gov.au,106-267-7773,19351 Grover Trail,Ipojuca,,Brazil,55590-000
Diann,Bonsall,64,dbonsall7x@clickbank.net,661-592-6925,90 Stone Corner Pass,Krajan Alasdowo,,Indonesia,
Richy,Hinckes,24,rhinckes7y@wordpress.com,241-913-3565,39 Fairfield Crossing,Jabinyānah,,Tunisia,
Buck,Rawet,56,brawet7z@simplemachines.org,298-317-7056,01802 Cascade Avenue,Fabianki,,Poland,87-811
Tye,Dispencer,59,tdispencer80@blinklist.com,538-528-9790,81 Russell Place,Pułtusk,,Poland,06-102
Lockwood,Soames,34,lsoames81@whitehouse.gov,302-471-7867,08 Ryan Road,Mende,Languedoc-Roussillon,France,48005 CEDEX
Roman,O'Reagan,84,roreagan82@wikimedia.org,303-451-4197,167 Autumn Leaf Pass,Pasirreungit,,Indonesia,
Jania,Viney,73,jviney83@delicious.com,229-782-7553,927 Messerschmidt Center,München,Bayern,Germany,80686
Mollee,Blondin,57,mblondin84@cpanel.net,741-477-9277,5110 Pine View Point,Banaran,,Indonesia,
Eveleen,Mardoll,72,emardoll85@pbs.org,310-810-0232,0915 Melody Center,Lame,,Nigeria,
Leonard,Fairbrass,84,lfairbrass86@army.mil,657-205-0312,0 Esch Trail,Purbalingga,,Indonesia,
Alverta,Rein,49,arein87@techcrunch.com,562-581-5690,011 Buell Drive,São Miguel do Rio Torto,Santarém,Portugal,2205-554
Silva,Sancho,58,ssancho88@livejournal.com,570-501-3599,9 Sullivan Way,Nazyvayevsk,,Russia,646100
Rebeca,Aitchinson,83,raitchinson89@nih.gov,242-887-2436,12154 Dunning Lane,Chacabuco,,Argentina,2670
Iormina,Gaggen,33,igaggen8a@php.net,739-257-8895,7986 Algoma Place,Debre Mark’os,,Ethiopia,
Roberto,Lang,40,rlang8b@so-net.ne.jp,730-681-3570,26 Arkansas Parkway,San Isidro,,Argentina,4124
Aline,Markie,51,amarkie8c@hubpages.com,684-263-4042,07799 Red Cloud Lane,Fezna,,Morocco,
Devinne,Gaskin,52,dgaskin8d@irs.gov,765-329-4961,05 Fordem Drive,Solna,Stockholm,Sweden,169 65
Gifford,Andrioletti,19,gandrioletti8e@qq.com,737-467-4672,539 Briar Crest Court,Bāndarban,,Bangladesh,3863
Piotr,Vittel,29,pvittel8f@businessweek.com,802-882-4727,2893 Lighthouse Bay Terrace,Hongjiaguan,,China,
Napoleon,Gorling,77,ngorling8g@pbs.org,508-708-9408,653 Farragut Road,Zambujal,Lisboa,Portugal,2785-549
Maurine,Nind,32,mnind8h@pbs.org,944-384-6533,748 Mayfield Street,Tandzut,,Armenia,
Leland,Agge,44,lagge8i@hatena.ne.jp,137-602-1728,682 Coolidge Point,Erling,,China,
Theodoric,Pirt,56,tpirt8j@answers.com,761-745-9079,73 Manitowish Hill,Estrada,Leiria,Portugal,2525-474
Nollie,Pordall,74,npordall8k@lycos.com,226-299-3442,7 Farmco Lane,La Jagua de Ibirico,,Colombia,203027
Consuela,Thirlwall,47,cthirlwall8l@shop-pro.jp,647-750-0748,5 Brown Park,Marang,,Indonesia,
Vivi,Berceros,40,vberceros8m@merriam-webster.com,363-730-4572,18299 Mandrake Road,Selikhino,,Russia,398032
Ram,Yanez,79,ryanez8n@springer.com,684-321-6551,3 Iowa Hill,La Quiaca,,Argentina,3461
Jesus,Sussans,59,jsussans8o@berkeley.edu,322-175-7447,96177 Merry Trail,Tayum,,Philippines,2803
Lindy,Dumbrell,19,ldumbrell8p@timesonline.co.uk,800-806-1339,262 Vera Alley,Kuala Lumpur,Kuala Lumpur,Malaysia,55100
Corbet,Zuann,63,czuann8q@ning.com,678-667-5721,522 Ohio Terrace,Dibba Al-Fujairah,,United Arab Emirates,
Ingmar,Dryden,65,idryden8r@qq.com,893-102-5148,83 Village Green Lane,Huaihe,,China,
Winnie,Elan,19,welan8s@timesonline.co.uk,482-465-0502,636 Hanson Park,Ibiúna,,Brazil,18150-000
Iago,Aizikowitz,64,iaizikowitz8t@dyndns.org,640-388-8322,5 John Wall Pass,Đắk Song,,Vietnam,
Rachelle,McParland,54,rmcparland8u@chronoengine.com,890-335-9795,80799 Dixon Point,Dnestrovsc,,Moldova,MD-3352
Murvyn,Lammers,39,mlammers8v@comsenz.com,263-173-1558,11 Schiller Road,Gällivare,Norrbotten,Sweden,982 81
Dayle,Pudden,55,dpudden8w@businesswire.com,428-112-0073,7 Donald Park,Lastoursville,,Gabon,
Nickie,Maclaine,61,nmaclaine8x@gnu.org,434-988-5737,55 Butterfield Road,Buyant,,Mongolia,
Felice,Kienlein,59,fkienlein8y@ifeng.com,308-114-4707,927 Weeping Birch Crossing,Ruzhany,,Belarus,
Thaddus,Clementet,41,tclementet8z@unc.edu,155-224-0568,280 Burning Wood Road,Miłosław,,Poland,62-320
Leonidas,Inchboard,24,linchboard90@webeden.co.uk,979-443-6860,50 Claremont Park,Xicheng,,China,
Ricki,Whittek,85,rwhittek91@acquirethisname.com,130-772-2555,875 Grayhawk Plaza,Skuratovskiy,,Russia,301070
Irita,Boswood,40,iboswood92@accuweather.com,253-716-7263,864 Columbus Alley,Laironja,,Indonesia,
Tanney,Dengel,79,tdengel93@latimes.com,202-358-3975,62115 Moulton Alley,Aseri,,Estonia,
Toiboid,Poznanski,83,tpoznanski94@japanpost.jp,873-418-4093,8 Waxwing Parkway,Leixlip,,Ireland,A86
Rhodie,Routledge,46,rroutledge95@live.com,250-143-8140,9259 Arizona Crossing,Sabugueiro,Évora,Portugal,7040-704
Maryjo,Josefowicz,60,mjosefowicz96@fda.gov,101-451-8029,6106 Manley Circle,San Isidro,,Peru,
Charlot,Diamond,30,cdiamond97@craigslist.org,716-706-7911,23 Jay Way,Valença,,Brazil,27600-000
Margy,Pelling,43,mpelling98@cdbaby.com,116-710-0945,8 Messerschmidt Hill,Radnice,,Czech Republic,789 85
Vidovik,Surgen,48,vsurgen99@sourceforge.net,786-419-9992,020 Saint Paul Plaza,Miami,Florida,United States,33233
Crista,Bramelt,72,cbramelt9a@netlog.com,765-810-4804,6 Hooker Pass,Nāḩīyat Saddat al Hindīyah,,Iraq,
Carola,Skett,24,cskett9b@apple.com,488-316-0400,04 South Court,Buyun,,China,
Eleni,Shere,33,eshere9c@usgs.gov,742-809-7199,14554 Saint Paul Trail,Skellefteå,Västerbotten,Sweden,931 77
Lynnett,Phoebe,24,lphoebe9d@weebly.com,379-633-6464,0179 Shoshone Parkway,Sŭngho 1-tong,,North Korea,
Kenton,Roome,74,kroome9e@cisco.com,305-493-9282,61 Corben Circle,Trieste,Friuli-Venezia Giulia,Italy,34129
Candra,Grogono,81,cgrogono9f@house.gov,593-734-4363,1 Browning Hill,Chixi,,China,
Philippe,Buglass,52,pbuglass9g@w3.org,889-849-3037,6861 Service Center,Sarmanovo,,Russia,423371
Nicol,Southers,85,nsouthers9h@china.com.cn,952-670-1815,4 Mccormick Drive,Gaofeng,,China,
Gabe,Mockford,31,gmockford9i@army.mil,448-453-2335,6592 Ludington Point,Paris 19,Île-de-France,France,75929 CEDEX 19
Roman,Rosenbarg,42,rrosenbarg9j@ucoz.com,820-508-7637,8 Hollow Ridge Parkway,Roissy Charles-de-Gaulle,Île-de-France,France,95761 CEDEX 1
Carlynn,Waters,48,cwaters9k@reuters.com,699-251-9921,35 Forest Run Terrace,Lyaskovets,,Bulgaria,5145
Micky,Maplestone,81,mmaplestone9l@dyndns.org,481-542-0400,8 Maple Wood Parkway,Nampula,,Mozambique,
Noreen,Hinksen,36,nhinksen9m@1und1.de,301-599-0658,1 Reinke Plaza,Vohibinany,,Madagascar,
Cesya,Arndt,73,carndt9n@cisco.com,649-938-7114,62 Harbort Road,Ural,,Russia,663974
Whitney,Rubinlicht,61,wrubinlicht9o@vinaora.com,499-487-4821,5 Donald Terrace,Lebedyan’,,Russia,623511
Jacklyn,Gamlen,68,jgamlen9p@elpais.com,897-528-5577,2137 Texas Parkway,Karangasem Laok,,Indonesia,
Gabbie,Tammadge,31,gtammadge9q@sfgate.com,211-666-2467,4262 Melvin Park,Ḩajjah,,Yemen,
Ashlan,Folke,50,afolke9r@drupal.org,164-626-1378,21135 Sunfield Point,Idanre,,Nigeria,
Bartram,Salandino,56,bsalandino9s@reddit.com,464-799-1001,5 Scoville Crossing,Paris 13,Île-de-France,France,75638 CEDEX 13
Krishna,Bricknell,41,kbricknell9t@merriam-webster.com,551-820-8255,7389 Katie Trail,Virje,,Croatia,48326
Saba,Masurel,44,smasurel9u@canalblog.com,622-336-2424,8983 Pawling Street,Caidian,,China,
Evvy,Gomm,32,egomm9v@blinklist.com,351-574-0266,66 Mifflin Court,Panjgūr,,Pakistan,93000
Gerta,Stallon,48,gstallon9w@cafepress.com,662-332-9840,864 Fallview Place,Takedamachi,,Japan,670-0013
Dene,Voisey,29,dvoisey9x@networksolutions.com,142-758-7466,36509 Lake View Point,Isla Pucú,,Paraguay,
Sigrid,Betteridge,82,sbetteridge9y@bloomberg.com,732-101-1502,4120 Browning Point,Chittagong,,Bangladesh,4000
Carline,Sowood,25,csowood9z@wp.com,159-400-0768,56189 Eliot Crossing,Kota Kinabalu,Sabah,Malaysia,88837
Halsy,Pellant,79,hpellanta0@indiegogo.com,725-538-9122,7887 8th Trail,Potou,,China,
Rici,McUre,70,rmcurea1@loc.gov,302-783-7467,306 Red Cloud Park,Bern,Kanton Bern,Switzerland,3011
Leoline,Lukasik,34,llukasika2@bbb.org,122-826-9292,2707 Paget Court,Mogotes,,Colombia,682509
Bradford,Dyers,84,bdyersa3@reuters.com,582-186-6120,77622 Acker Place,Tallinn,,Estonia,
Raynell,Metcalf,80,rmetcalfa4@yale.edu,948-720-7695,0201 Dawn Center,Villa Las Rosas,,Argentina,5875
Maitilde,Mendoza,46,mmendozaa5@globo.com,101-307-4676,942 Lotheville Place,Brka,,Bosnia and Herzegovina,
Eden,Asser,51,eassera6@pcworld.com,187-589-3998,0 Jackson Court,Caicara,,Venezuela,
Nate,Degli Antoni,64,ndegliantonia7@shop-pro.jp,695-509-0297,13854 Arapahoe Street,Tokyo,,Japan,176-0014
Rhianna,Birchner,71,rbirchnera8@indiegogo.com,341-129-1166,35 Truax Avenue,Ar Rahad,,Sudan,
Marline,Nana,71,mnanaa9@wikispaces.com,591-283-0940,087 Packers Junction,Bol’shaya Setun’,,Russia,249028
Enriqueta,Hurring,25,ehurringaa@behance.net,942-836-0322,596 Maryland Place,Lumatil,,Philippines,7012
Lucinda,Meaker,29,lmeakerab@who.int,769-176-7549,563 Dexter Lane,Zhuxi Chengguanzhen,,China,
Jorry,Wrightson,18,jwrightsonac@goo.gl,755-390-8467,70561 Utah Crossing,São João dos Inhamuns,,Brazil,29550-000
Cindi,Malletratt,55,cmalletrattad@homestead.com,105-333-5712,61636 Pennsylvania Street,Oymak,,China,
Hilarius,Spellacy,53,hspellacyae@cpanel.net,838-492-1124,32 Grim Terrace,Horvati,,Croatia,10436
Adelice,Gaiter,33,agaiteraf@baidu.com,134-228-6125,94 Saint Paul Way,Lávara,,Greece,
Teador,Mayoral,66,tmayoralag@dyndns.org,271-573-6619,1150 Tony Hill,Zárate,,Argentina,3423
Fancy,Arnholtz,30,farnholtzah@homestead.com,607-204-5409,635 Hazelcrest Junction,Krasne,,Ukraine,
Karina,Goolding,18,kgooldingai@narod.ru,750-375-9282,695 Bartillon Lane,Jiqu,,China,
Sutherlan,Aspin,24,saspinaj@loc.gov,114-595-7979,46 Crest Line Street,Linjiang,,China,
Dahlia,Ygou,28,dygouak@360.cn,650-598-4742,4219 Di Loreto Center,Jungkat Selatan,,Indonesia,
Petronilla,Ramplee,27,prampleeal@gnu.org,871-132-7675,460 1st Pass,Strängnäs,Södermanland,Sweden,645 51
Eldredge,Fenn,74,efennam@ucsd.edu,949-282-8278,9 Summer Ridge Point,Mistrató,,Colombia,664028
Phoebe,Starmont,30,pstarmontan@amazonaws.com,794-801-8546,5 Canary Drive,Maloma,,Philippines,3110
Tabor,Dartan,21,tdartanao@mail.ru,847-991-7348,003 Hagan Road,Sankeng,,China,
Consolata,Massinger,50,cmassingerap@about.me,169-461-3444,0167 Cambridge Terrace,San Jose,Guerrero,Mexico,39266
Dickie,Wauchope,44,dwauchopeaq@google.com.br,608-986-2862,66310 Johnson Circle,Bojongloa,,Indonesia,
Vanya,Arstall,41,varstallar@sohu.com,254-895-8758,98 Shasta Park,Saint-Rémy-de-Provence,Provence-Alpes-Côte d'Azur,France,13538 CEDEX
Ally,Crothers,72,acrothersas@usnews.com,488-133-7639,5084 Prairieview Parkway,Rudnogorsk,,Russia,665689
Everett,Gateley,79,egateleyat@bloglovin.com,441-462-4823,5 Goodland Lane,Ô Môn,,Vietnam,
Cicely,Gavin,63,cgavinau@slideshare.net,755-220-6938,69 Westport Pass,Mihara,,Japan,905-2264
Manya,Badham,80,mbadhamav@slate.com,864-222-6579,78430 Milwaukee Circle,Cholargós,,Greece,
Glenine,Espinas,29,gespinasaw@china.com.cn,687-542-2037,923 Grover Point,Azacualpa,,Honduras,
Lee,Lanceter,62,llanceterax@nasa.gov,660-610-1352,297 Rieder Park,At-Bashi,,Kyrgyzstan,
Andree,Kither,38,akitheray@shareasale.com,692-531-2136,37876 Hallows Terrace,Ad Darbāsīyah,,Syria,
Lavina,Redsull,80,lredsullaz@economist.com,923-434-6177,863 Veith Avenue,Nazaré,,Brazil,77895-000
Elyssa,Conrad,65,econradb0@wp.com,961-271-6776,925 Kennedy Avenue,Umm as Summāq,,Jordan,
Dora,Wethey,59,dwetheyb1@clickbank.net,473-675-4826,628 Menomonie Parkway,Casal Galego,Leiria,Portugal,2430-084
Dory,Bentote,22,dbentoteb2@behance.net,408-462-0247,81 Washington Terrace,Moscow,,Russia,901993
Bernardine,Neumann,71,bneumannb3@illinois.edu,640-543-8511,8166 Dakota Parkway,Storuman,Västerbotten,Sweden,923 24
Renaldo,Tonna,75,rtonnab4@multiply.com,884-446-5440,3 5th Circle,Alingsås,Västra Götaland,Sweden,441 38
Dexter,Kinkead,78,dkinkeadb5@ycombinator.com,270-833-6770,98 Briar Crest Park,Delft,Provincie Zuid-Holland,Netherlands,2614
Langsdon,Flatte,19,lflatteb6@nps.gov,417-606-0621,47 Division Parkway,Uwelini,,Tanzania,
Ada,Sentinella,43,asentinellab7@scientificamerican.com,956-663-3508,91 Chive Lane,Kawengan,,Indonesia,
Aloysia,Copeland,56,acopelandb8@fda.gov,537-996-3053,89 Atwood Court,Outokumpu,,Finland,83501
Tito,McNabb,62,tmcnabbb9@amazon.com,481-148-1816,372 Shoshone Pass,Laotai,,China,
Belia,Poschel,29,bposchelba@ning.com,578-243-1932,278 Pawling Point,Nuwara Eliya,,Sri Lanka,22200
Helaina,Larham,66,hlarhambb@i2i.jp,627-176-2700,78 Rowland Park,Xiayunling,,China,
Ruthe,Schachter,83,rschachterbc@example.com,411-317-3200,3 Warbler Lane,Norrköping,Östergötland,Sweden,601 81
Frieda,Lanceter,46,flanceterbd@thetimes.co.uk,409-325-9910,3 Lakewood Gardens Park,Pamatang,,Indonesia,
Margi,Fairfoot,46,mfairfootbe@t-online.de,373-496-0609,9 Summerview Lane,Cavaillon,Provence-Alpes-Côte d'Azur,France,84309 CEDEX
Leshia,Sheach,33,lsheachbf@cmu.edu,215-937-6971,073 Maywood Alley,Pujocucho,,Peru,
Delaney,Winward,46,dwinwardbg@paginegialle.it,596-346-0311,4 Schiller Way,Repentigny,Québec,Canada,J6V
Freddy,McKinley,76,fmckinleybh@i2i.jp,723-755-9391,69168 Knutson Terrace,Shaghat,,Armenia,
Phylis,Gagen,48,pgagenbi@blogger.com,698-535-2716,5 Mendota Terrace,Quibal,,Philippines,5103
Jerrilee,Sandeland,74,jsandelandbj@wiley.com,327-490-6223,87 Fallview Road,Camp Flora,,Philippines,6529
Celestine,O'Hern,61,cohernbk@discovery.com,197-302-8420,71096 Stuart Lane,Manevychi,,Ukraine,
Fan,Forsey,69,fforseybl@clickbank.net,731-537-8422,95 Heffernan Pass,Shuangqiao,,China,
Uri,Sabate,55,usabatebm@over-blog.com,349-274-2313,25093 Schurz Hill,Sindou,,Burkina Faso,
Louie,Jonke,59,ljonkebn@sun.com,550-951-1417,803 Mandrake Trail,Malesína,,Greece,
Nessie,Baiss,51,nbaissbo@nytimes.com,565-634-9289,6 Portage Circle,Bang Krathum,,Thailand,65110
Nolly,Fernley,80,nfernleybp@canalblog.com,126-170-4067,0 Longview Court,Muncar,,Indonesia,
Fawne,Mawne,25,fmawnebq@photobucket.com,484-875-3506,45492 Mcbride Center,Chiba,,Japan,427-0001
Kimbra,Beckley,37,kbeckleybr@biglobe.ne.jp,374-753-9191,9202 Ridge Oak Circle,Hidalgo,Coahuila De Zaragoza,Mexico,26060
Avie,Payle,76,apaylebs@istockphoto.com,672-386-7092,97 Southridge Road,Kuching,Sarawak,Malaysia,93916
Roanna,Evetts,70,revettsbt@census.gov,538-657-4809,776 Duke Pass,Ollachea,,Peru,
Jonell,Woolrich,69,jwoolrichbu@51.la,974-896-0770,1 Arkansas Parkway,Bubullimë,,Albania,
Barry,Fanshawe,57,bfanshawebv@mtv.com,167-659-4681,1 Ridgeview Crossing,Kuzhorskaya,,Russia,385765
Lou,Mandel,51,lmandelbw@zimbio.com,282-863-4477,129 Valley Edge Crossing,Russkaya Polyana,,Russia,646780
Gifford,Lusher,78,glusherbx@thetimes.co.uk,796-124-2688,52 Arkansas Road,Iţsā,,Egypt,
Diarmid,Slimm,33,dslimmby@noaa.gov,202-433-1963,082 Transport Parkway,Washington,District of Columbia,United States,20520
Lezley,Leacy,58,lleacybz@virginia.edu,149-952-0839,6 Lunder Way,Qintang,,China,
Inez,Heck,36,iheckc0@bbc.co.uk,168-486-0229,3 Spaight Center,Margasari,,Indonesia,
Talia,Milmith,61,tmilmithc1@sbwire.com,784-195-1922,8 Thompson Avenue,North Side,,Cayman Islands,
Constantia,Deek,20,cdeekc2@yale.edu,425-124-2010,10 Scoville Court,San Enrique,,Philippines,6104
Amble,Storek,66,astorekc3@dot.gov,591-198-3477,45 7th Hill,Hacıqabul,,Azerbaijan,
Shepherd,Sherrocks,27,ssherrocksc4@uiuc.edu,150-799-5099,2 Onsgard Parkway,Balingoan,,Philippines,6534
Rowan,Vere,47,rverec5@chron.com,740-915-9078,555 Bobwhite Alley,Walnut Grove,British Columbia,Canada,V2X
Desi,Ascrofte,23,dascroftec6@usda.gov,652-101-1702,0846 Duke Lane,Sena Madureira,,Brazil,69940-000
Marlow,Behnen,31,mbehnenc7@google.com.hk,484-702-7460,8 Ilene Plaza,Cabatang,,Philippines,5508
Monte,Pughe,31,mpughec8@w3.org,957-126-9025,4 Montana Plaza,Huangshi,,China,
Devan,Losseljong,40,dlosseljongc9@blogspot.com,869-964-1032,3 Shopko Road,Taiyigong,,China,
Husein,Growcott,84,hgrowcottca@prnewswire.com,323-437-1520,8 Pond Center,Kamenica,,Serbia,
Der,Gulland,27,dgullandcb@wordpress.org,157-575-1034,1 Dawn Junction,Trzemeszno,,Poland,62-240
Bird,Molfino,37,bmolfinocc@berkeley.edu,686-566-5423,16100 Columbus Avenue,Agkathiá,,Greece,
Adelaide,Barczynski,27,abarczynskicd@abc.net.au,430-251-1325,2390 Twin Pines Place,Kadyy,,Russia,157980
Reinhard,Sharvill,31,rsharvillce@gizmodo.com,764-788-4495,98 Sloan Trail,Yijing,,China,
Mabel,Wigley,74,mwigleycf@delicious.com,864-888-5493,8 Ramsey Terrace,Kryvichy,,Belarus,
Gertrudis,Reuble,85,greublecg@dailymail.co.uk,575-532-3277,50451 Ronald Regan Road,Klenovyy,,Ukraine,
Lars,Stilling,76,lstillingch@a8.net,914-881-2615,58 Scofield Crossing,Abashiri,,Japan,336-0926
Jolie,Hincks,47,jhincksci@gizmodo.com,484-433-6992,767 Del Mar Terrace,Sukamaju,,Indonesia,
Thain,Lakenden,66,tlakendencj@sphinn.com,737-618-7026,89 Green Pass,Xincheng,,China,
Arlen,Hafner,56,ahafnerck@gmpg.org,805-161-2220,1 Eagan Center,Guangshun,,China,
Dario,Jedrychowski,75,djedrychowskicl@issuu.com,537-268-5230,3 Rigney Parkway,Maracay,,Venezuela,
Powell,Clixby,62,pclixbycm@ovh.net,325-638-8084,1 Straubel Hill,West End,England,United Kingdom,DN36
Nial,McClintock,34,nmcclintockcn@fc2.com,784-227-7934,05591 Crowley Pass,Pereleshino,,Russia,396180
Scarlet,Westfield,34,swestfieldco@earthlink.net,233-197-2541,77987 Donald Drive,Neofbaun,,Indonesia,
Guilbert,Sagrott,44,gsagrottcp@bloomberg.com,199-632-5213,2857 Ramsey Trail,El Monte,,Chile,
Gothart,Merwe,55,gmerwecq@paypal.com,897-608-5328,27 Farmco Lane,Makuyuni,,Tanzania,
Cody,Djekovic,48,cdjekoviccr@lulu.com,443-841-7573,2572 Arkansas Park,Paka,,Indonesia,
Tracee,MacFarland,34,tmacfarlandcs@independent.co.uk,678-223-8510,15250 Logan Hill,Mikhaylovskoye,,Russia,363121
Kaila,Tressler,33,ktresslerct@macromedia.com,250-638-7820,6739 Moulton Circle,Abengourou,,Ivory Coast,
Dav,Fearneley,85,dfearneleycu@wikipedia.org,387-532-4663,0 Evergreen Center,Pantai,,Indonesia,
Royal,Venning,85,rvenningcv@slate.com,586-793-7325,94 Russell Place,Xiaji,,China,
Gerti,Colin,34,gcolincw@opensource.org,915-133-5294,7058 Warrior Center,El Paso,Texas,United States,88541
Alexia,Kleynen,81,akleynencx@themeforest.net,773-121-7823,375 Hanover Pass,Fenglu,,China,
Horton,Davidou,54,hdavidoucy@ebay.com,858-227-4098,27926 Haas Trail,Ruma,,Serbia,
Wayne,Tilbrook,29,wtilbrookcz@jalbum.net,914-679-1330,6899 Rieder Trail,Madjeouéni,,Comoros,
Tommi,Trytsman,49,ttrytsmand0@smugmug.com,316-110-1361,0 Kedzie Street,Songshan,,China,
Zak,Culleton,66,zculletond1@opera.com,835-314-6918,5 Ludington Center,Kota Kinabalu,Sabah,Malaysia,88872
Oralee,Klezmski,20,oklezmskid2@digg.com,524-486-5183,4 Badeau Terrace,Bolinao,,Philippines,2406
Denis,Dreinan,81,ddreinand3@gov.uk,376-845-1251,0 Waywood Alley,Arcos de Valdevez,Viana do Castelo,Portugal,4970-434
Nicholas,Luscombe,77,nluscombed4@ovh.net,690-844-0498,74 Glacier Hill Road,Puputan,,Indonesia,
Patience,Aubert,77,paubertd5@ox.ac.uk,749-694-0798,94014 Barby Avenue,Pecna,,Poland,64-020
Cyb,Llewellen,35,cllewellend6@cocolog-nifty.com,330-977-3221,25 Ruskin Alley,Tanashichō,,Japan,203-0044
Bab,Tampling,23,btamplingd7@sphinn.com,776-933-4576,8986 Sachtjen Crossing,Vailoatai,,American Samoa,96799
Dorree,Ferenc,66,dferencd8@goodreads.com,812-191-2023,2 Tennyson Hill,São Miguel do Araguaia,,Brazil,76590-000
Cy,Fitch,59,cfitchd9@tuttocitta.it,323-541-7810,05 Union Center,Puerto Morazán,,Nicaragua,
Aldric,Bradder,25,abradderda@prnewswire.com,817-615-8201,7843 Warner Avenue,Nytva,,Russia,617000
Mace,Croom,67,mcroomdb@sina.com.cn,895-802-8914,04888 Petterle Court,Taipingxi,,China,
Tamra,Schusterl,56,tschusterldc@economist.com,414-781-9788,2 Clemons Place,Medellín,,Colombia,051059
Nerita,Eisold,21,neisolddd@dailymotion.com,538-470-1387,61354 Thompson Road,Mielec,,Poland,39-323
Janice,Folks,74,jfolksde@homestead.com,544-638-1429,441 Express Alley,Heping,,China,
Hewie,Crannach,65,hcrannachdf@abc.net.au,825-342-9433,969 Prairieview Street,Szeged,Csongrád,Hungary,6748
Charisse,Gogie,82,cgogiedg@miitbeian.gov.cn,784-339-3821,1913 Anhalt Park,Ngaoundéré,,Cameroon,
Judye,Gracewood,45,jgracewooddh@jalbum.net,881-753-7565,04 Fair Oaks Crossing,Kaliasin,,Indonesia,
Ivy,Tucknutt,27,itucknuttdi@plala.or.jp,793-339-1914,3 Columbus Hill,Przybiernów,,Poland,72-110
Rayna,Wilderspoon,34,rwilderspoondj@walmart.com,331-432-6906,5 Golf Course Road,Kiiminki,,Finland,90901
Darci,Gainfort,67,dgainfortdk@about.com,372-457-3194,81863 Bobwhite Lane,Changqi,,China,
Linus,Hunnybun,65,lhunnybundl@google.nl,785-654-8083,60 8th Lane,Xiaomenjia,,China,
Hallie,Ivshin,63,hivshindm@networkadvertising.org,961-267-2226,8 Jay Terrace,Mieścisko,,Poland,62-290
Eba,Rubenczyk,26,erubenczykdn@twitter.com,747-493-1983,2150 Raven Drive,Waru Selatan,,Indonesia,
Gerardo,Cracknell,22,gcracknelldo@thetimes.co.uk,212-249-2847,3136 Lawn Road,Songfeng,,China,
Raynor,Seaman,76,rseamandp@fda.gov,592-898-2212,7205 Prairieview Court,Santa Quitéria,,Brazil,62280-000
Codie,Rounds,77,croundsdq@seesaa.net,615-444-9412,41101 Judy Lane,Kunjāh,,Pakistan,55151
Esma,Hort,66,ehortdr@gov.uk,557-256-7427,106 Sunbrook Center,Pedreira,Ilha de São Miguel,Portugal,9630-189
Kandace,Dennison,38,kdennisonds@cyberchimps.com,372-420-4871,0660 Duke Alley,Poste du Lac,,Vietnam,
Chet,Whellans,79,cwhellansdt@networksolutions.com,285-120-4599,895 Gina Drive,Černelavci,,Slovenia,9265
Ettore,Jorioz,66,ejoriozdu@newsvine.com,149-362-4777,12913 Pine View Trail,Al Qāmishlī,,Syria,
Tarra,Greenly,27,tgreenlydv@tripadvisor.com,383-398-4947,0826 Scofield Drive,Bhalwāl,,Pakistan,24011
Dennie,Mulcaster,66,dmulcasterdw@addthis.com,884-119-5791,58 Killdeer Court,Yanji,,China,
Candice,Salliere,27,csallieredx@guardian.co.uk,711-440-9445,3 Banding Parkway,Hingatungan,,Philippines,2500
Ted,Abramowsky,31,tabramowskydy@chicagotribune.com,466-988-6093,845 Clemons Court,Kandahār,,Afghanistan,
Hewitt,Bradly,50,hbradlydz@dedecms.com,832-139-9174,596 Annamark Lane,Obertyn,,Ukraine,
Hubie,Delaprelle,37,hdelaprellee0@newyorker.com,883-203-2380,19 Evergreen Plaza,Esil,,Kazakhstan,
Brigid,Ennor,54,bennore1@deviantart.com,281-716-5882,84 Fair Oaks Crossing,"Palmas De Gran Canaria, Las",Canarias,Spain,35070
Hector,Dunstan,83,hdunstane2@phoca.cz,552-460-7552,5052 Crowley Road,Luzern,Kanton Luzern,Switzerland,6015
Maryrose,Laraway,49,mlarawaye3@mozilla.com,847-238-5494,7596 Anzinger Plaza,Glugu,,Indonesia,
Garnet,Klagges,56,gklaggese4@telegraph.co.uk,251-875-8250,7 Bashford Road,Hebu,,China,
Margarete,Adami,59,madamie5@twitpic.com,668-624-6929,5 Brown Road,Cilolongokan,,Indonesia,
Bear,Lamblin,84,blambline6@gnu.org,403-501-5386,96386 Banding Alley,Fangtang,,China,
Deanne,Veltmann,68,dveltmanne7@abc.net.au,309-887-8943,053 Bay Point,Luleå,Norrbotten,Sweden,974 42
Roanna,Heritege,74,rheritegee8@scientificamerican.com,774-633-1459,70449 Chinook Plaza,Wangzuizi,,China,
Lacey,Spratt,59,lspratte9@naver.com,947-241-2925,14351 Tony Drive,Sedatigede,,Indonesia,
Percy,Triebner,43,ptriebnerea@is.gd,197-274-8566,2 Loomis Place,Lípa,,Czech Republic,763 11
Reider,Hover,24,rhovereb@etsy.com,808-477-4132,3149 Katie Point,Manila,,Philippines,1699
Ker,Killby,81,kkillbyec@123-reg.co.uk,763-208-2410,09 Shoshone Park,Trá Mhór,,Ireland,R93
Phil,Fullwood,25,pfullwooded@histats.com,815-778-5270,371 Parkside Junction,Onsala,Halland,Sweden,439 24
Deva,Lohan,81,dlohanee@bing.com,988-162-3149,86 Laurel Alley,Serzedo,Porto,Portugal,4410-013
Rafe,Aronovitz,62,raronovitzef@usa.gov,407-213-7037,3897 Rusk Road,Padangpanjang,,Indonesia,
Thorvald,Lening,79,tleningeg@imgur.com,446-808-6115,179 Nelson Plaza,Lunik,,Albania,
Ramon,Occleshaw,50,roccleshaweh@sourceforge.net,644-768-0956,243 American Ash Trail,Merdeka,,Indonesia,
Alvis,Klimushev,20,aklimushevei@fastcompany.com,567-382-2065,15021 Pearson Junction,Cibatu,,Indonesia,
Shandeigh,Ault,37,saultej@issuu.com,526-108-6325,972 Canary Junction,Tumaco,,Colombia,528539
Gustie,Broadberrie,39,gbroadberrieek@foxnews.com,357-321-9924,55573 Northridge Point,Mirandela,Bragança,Portugal,5370-182
Annetta,Losemann,72,alosemannel@thetimes.co.uk,687-123-3708,5 Marquette Center,Āwash,,Ethiopia,
Dael,Pioch,31,dpiochem@bluehost.com,681-788-6298,09 Debs Parkway,Beiqiao,,China,
Willem,Blaisdale,41,wblaisdaleen@xinhuanet.com,687-312-6303,7 Milwaukee Alley,Bélabo,,Cameroon,
Kissee,Woodnutt,45,kwoodnutteo@sina.com.cn,115-574-1729,7 Express Center,Sutton,England,United Kingdom,RH5
Randene,Leel,18,rleelep@typepad.com,252-234-3784,05 Everett Park,Thị Trấn Quế,,Vietnam,
Gerhard,Galland,48,ggallandeq@shutterfly.com,616-460-2572,20 Del Mar Point,Huangcun,,China,
Abran,De Freitas,33,adefreitaser@surveymonkey.com,164-229-7592,4 Maple Wood Lane,Yongning,,China,
Rosamund,Sisselot,70,rsisselotes@psu.edu,699-155-2266,7 Eagan Trail,Makoko,,Nigeria,
Odessa,Midford,65,omidfordet@nyu.edu,168-652-9187,0283 Cordelia Alley,Tromsø,Troms,Norway,9297
Nikos,Cocking,85,ncockingeu@weather.com,113-902-1382,48597 Sutteridge Avenue,Masuda,,Japan,999-8201
Angel,Keoghane,62,akeoghaneev@cornell.edu,629-970-7897,9 Clove Hill,Mokwa,,Nigeria,
Merilee,McAllan,54,mmcallanew@instagram.com,928-528-8417,3 Caliangt Point,Chã Grande,,Brazil,55636-000
Kellina,Chagg,69,kchaggex@moonfruit.com,226-377-0818,5524 Kropf Center,Huyu,,China,
Cameron,Dessaur,76,cdessaurey@over-blog.com,818-888-4864,43 Sutherland Center,Boro,,Indonesia,
Leopold,Schimek,49,lschimekez@quantcast.com,943-868-7334,7682 Claremont Lane,Jiayi,,China,
Bram,Kynnd,37,bkynndf0@wikipedia.org,315-574-7394,378 Sunnyside Trail,Kalutara,,Sri Lanka,12000
Joshuah,Gasparro,45,jgasparrof1@ihg.com,119-553-3457,13308 Reinke Parkway,Seget,,Indonesia,
Bald,Gawke,49,bgawkef2@lulu.com,927-654-3177,6931 Little Fleur Terrace,Chelbasskaya,,Russia,353715
Humbert,Ziemke,64,hziemkef3@adobe.com,902-727-7383,2 Oakridge Drive,Kogon,,Uzbekistan,
Torr,Dionsetti,54,tdionsettif4@pinterest.com,984-951-8797,5 Bunker Hill Alley,Cambará,,Brazil,86390-000
Aubrie,Strettle,44,astrettlef5@ft.com,109-255-5739,646 Clarendon Park,Nara-shi,,Japan,639-1169
Avie,Shelp,76,ashelpf6@meetup.com,901-618-7832,795 Washington Way,Xique Xique,,Brazil,93950-000
Danny,Baugh,38,dbaughf7@constantcontact.com,988-746-1832,713 Cascade Hill,Magisterial,Chiapas,Mexico,29223
Kendra,Caldaro,82,kcaldarof8@msn.com,511-904-2178,13 Florence Trail,Telhado,Braga,Portugal,4850-162
Chery,Sommerville,50,csommervillef9@meetup.com,280-325-4927,7 Orin Hill,Xiejiatan,,China,
Clem,Barzen,66,cbarzenfa@wikimedia.org,997-933-3828,01 Orin Road,Bao’an,,China,
Tye,Nazer,67,tnazerfb@sun.com,297-550-1537,65589 Homewood Avenue,Lesuhe,,China,
Miranda,Noton,40,mnotonfc@mac.com,306-217-4808,0 Lillian Plaza,Meylan,Rhône-Alpes,France,38944 CEDEX
Kermit,Legon,52,klegonfd@jiathis.com,250-381-5254,6 Farragut Road,Pakuwon,,Indonesia,
Gloriane,Kayley,52,gkayleyfe@exblog.jp,944-204-5412,5196 Arrowood Pass,Bell Ville,,Argentina,2550
Berkley,Thulborn,49,bthulbornff@qq.com,575-339-9474,4098 Main Road,Bishan,,China,
Moses,Kener,45,mkenerfg@tripadvisor.com,658-475-8417,0434 Maple Wood Court,Lajeosa,Coimbra,Portugal,3405-305
Carmella,Grocock,27,cgrocockfh@freewebs.com,150-345-5440,2 Daystar Pass,Salinas,,Ecuador,
Norman,Pibworth,63,npibworthfi@ftc.gov,685-978-4732,764 Hauk Park,Río Blanco,,Nicaragua,
Ally,O'Lyhane,69,aolyhanefj@goo.ne.jp,479-646-2693,3 Veith Avenue,Skënderbegas,,Albania,
Ted,Eastcott,25,teastcottfk@theglobeandmail.com,692-487-6170,796 Burrows Center,Morioka-shi,,Japan,839-1404
Nariko,Bridie,67,nbridiefl@last.fm,586-199-7735,1 Hanson Place,Lupane,,Zimbabwe,
Alwin,Andries,64,aandriesfm@pinterest.com,302-489-5679,206 Towne Drive,Yichun,,China,
Cassandry,Matthiesen,55,cmatthiesenfn@exblog.jp,516-751-5484,6187 Continental Point,Nynäshamn,Stockholm,Sweden,149 81
Gannie,Frape,50,gfrapefo@typepad.com,843-352-6439,7 Gerald Lane,Cumba,,Peru,
Kissee,Scothorne,26,kscothornefp@telegraph.co.uk,142-385-9627,58 Manitowish Alley,Palopat,,Indonesia,
Cos,Tidcombe,55,ctidcombefq@acquirethisname.com,377-779-2902,2 Kenwood Court,Cúa,,Venezuela,
Zeb,Stollsteiner,73,zstollsteinerfr@fastcompany.com,790-297-6016,35 Carey Hill,Swellendam,,South Africa,6743
Clarice,Shann,70,cshannfs@moonfruit.com,313-179-5576,2554 Kipling Point,Ljungby,Kronoberg,Sweden,341 31
Alberik,Mattusov,20,amattusovft@soundcloud.com,161-369-6448,05946 Green Circle,Ono,,Japan,989-1505
Patton,Tiltman,49,ptiltmanfu@mediafire.com,876-952-7563,45 Manley Way,Zhongshan,,China,
Henri,Scarrisbrick,65,hscarrisbrickfv@addtoany.com,463-470-8666,270 Ramsey Plaza,Perovo,,Russia,453002
Willie,Tydeman,30,wtydemanfw@gnu.org,954-369-2353,1 Hansons Drive,Hova,Västra Götaland,Sweden,548 32
Talbert,Ratt,79,trattfx@free.fr,407-143-6925,178 Rutledge Circle,Ozerne,,Ukraine,
Arman,Ather,31,aatherfy@e-recht24.de,416-251-8154,00 Kingsford Drive,Gabasumdo,,China,
Roxine,Hazelton,21,rhazeltonfz@opera.com,652-902-3234,63816 Cardinal Trail,Dayong,,China,
Johnath,Rennison,62,jrennisong0@businessinsider.com,275-234-5746,11 Scofield Circle,Krajan Jabungcandi,,Indonesia,
Cyndia,Hurkett,77,churkettg1@smh.com.au,170-889-8210,349 Park Meadow Hill,Karangpocok,,Indonesia,
Daryl,Tunnacliffe,33,dtunnacliffeg2@adobe.com,387-948-3161,70 Buena Vista Parkway,Ventersburg,,South Africa,9450
Errol,Henrys,42,ehenrysg3@seesaa.net,116-275-4719,3093 Mcbride Park,Prokhladnyy,,Russia,366041
Rhodie,Mailes,34,rmailesg4@scientificamerican.com,279-982-2805,9880 Kinsman Center,Basseterre,,Saint Kitts and Nevis,
Stevana,Brew,81,sbrewg5@geocities.jp,238-924-1360,8608 Surrey Hill,Coromoro,,Colombia,682539
Fiona,Saull,59,fsaullg6@va.gov,217-713-5553,858 Vahlen Drive,Springfield,Illinois,United States,62705
Gail,Derisly,57,gderislyg7@clickbank.net,574-208-4839,4099 Grover Hill,Rennes,Bretagne,France,35704 CEDEX 7
Amalea,Kupker,39,akupkerg8@cdbaby.com,505-452-0992,22 Heffernan Pass,Mariefred,Södermanland,Sweden,647 81
Bette,Siseland,64,bsiselandg9@homestead.com,943-202-7437,0710 Norway Maple Point,Ningxin,,China,
Myles,Nary,62,mnaryga@walmart.com,215-373-2382,96 Fisk Terrace,Shuqiao,,China,
Frederik,Giorgioni,44,fgiorgionigb@zdnet.com,933-515-9541,79 Troy Pass,Zhongxian,,China,
Siobhan,Thome,25,sthomegc@redcross.org,782-459-7541,8206 Donald Avenue,Wesoła,,Poland,36-231
Timi,Slocket,65,tslocketgd@tmall.com,337-157-4027,38317 Dwight Hill,Suozhen,,China,
Paulie,Komorowski,84,pkomorowskige@un.org,433-180-0325,108 Kenwood Drive,Sabanalarga,,Colombia,855058
Emmey,Brisset,33,ebrissetgf@mac.com,934-129-3066,37 Towne Place,Vale de Figueira,Santarém,Portugal,2000-715
Northrup,Franzini,30,nfranzinigg@uiuc.edu,214-681-7035,8530 Scoville Road,Irving,Texas,United States,75037
Fanchon,Friskey,21,ffriskeygh@gravatar.com,112-607-9468,2 Butternut Park,Huhe,,China,
Elysha,Outhwaite,51,eouthwaitegi@nydailynews.com,779-190-2612,8200 Jay Avenue,Foshan,,China,
Rodolfo,Brame,19,rbramegj@utexas.edu,763-670-1529,493 Charing Cross Pass,Solna,Stockholm,Sweden,171 78
Flore,Ackers,37,fackersgk@arstechnica.com,205-697-2126,8532 Aberg Road,Galveias,Portalegre,Portugal,7400-014
Gerladina,Manicomb,45,gmanicombgl@hibu.com,836-731-0560,92556 Ridge Oak Crossing,President Roxas,,Philippines,9405
Andrus,Kindley,61,akindleygm@cmu.edu,958-259-4503,55 Spaight Avenue,Guojiazhuang,,China,
Boigie,Spirritt,82,bspirrittgn@census.gov,557-660-4562,44 Troy Plaza,Debre Tabor,,Ethiopia,
Allix,Moy,69,amoygo@usgs.gov,749-924-4824,27141 Wayridge Hill,Kototujuh,,Indonesia,
Lulu,Skirven,64,lskirvengp@mayoclinic.com,654-374-5054,19934 Manufacturers Alley,Konduga,,Nigeria,
Kandy,Assur,28,kassurgq@shinystat.com,393-311-7166,7649 Valley Edge Park,Banaran,,Indonesia,
Giavani,Egentan,25,gegentangr@indiegogo.com,591-662-2751,37448 Saint Paul Terrace,Al Ḩaffah,,Syria,
Olenka,Dailey,59,odaileygs@sogou.com,136-338-3245,1861 Packers Circle,Ouanaminthe,,Haiti,
Veronika,Gosenell,44,vgosenellgt@ca.gov,764-211-2960,75279 Farwell Avenue,Sanrao,,China,
Judon,Kornel,68,jkornelgu@shop-pro.jp,844-358-6098,42731 Butterfield Lane,Cox’s Bāzār,,Bangladesh,6510
Jsandye,Mainston,84,jmainstongv@goo.ne.jp,651-725-3130,124 4th Alley,Sośnicowice,,Poland,44-153
Leontine,Fieldhouse,67,lfieldhousegw@ovh.net,768-914-5612,90 Village Green Avenue,Ar Ramāḑīn,,Palestinian Territory,
Brenna,Agent,60,bagentgx@blogs.com,186-414-9511,78 Cherokee Circle,As Suqaylibīyah,,Syria,
Gherardo,Undy,56,gundygy@edublogs.org,476-911-4465,2221 Schurz Parkway,Santo Tomé,,Argentina,3016
Daphene,Mattys,65,dmattysgz@businessweek.com,261-219-2535,292 Nancy Alley,Bulls,,New Zealand,4894
Tonye,Bartolomeotti,70,tbartolomeottih0@wufoo.com,906-193-6713,7063 Namekagon Street,Biguaçu,,Brazil,88160-000
Oby,Andreopolos,23,oandreopolosh1@addthis.com,140-177-7348,9390 Tennessee Circle,Barrunchal,Lisboa,Portugal,2710-151
Diandra,Hallford,40,dhallfordh2@msu.edu,395-940-7934,52166 Scofield Road,Mérignac,Aquitaine,France,33709 CEDEX
Lev,Cantillon,79,lcantillonh3@phoca.cz,688-329-4635,53 Maryland Lane,Turan,,Russia,668510
Donetta,Shepton,24,dsheptonh4@google.cn,228-550-0000,65 Stuart Junction,Tabinay,,Philippines,5203
Barr,Blenkharn,81,bblenkharnh5@vinaora.com,459-636-0223,393 Mallory Center,As Suwaydā,,Yemen,
Broderick,Southerell,50,bsoutherellh6@arizona.edu,274-225-9903,3 Continental Drive,Mlanggeng,,Indonesia,
Sharon,Iacomelli,36,siacomellih7@linkedin.com,815-209-4153,27131 Northridge Alley,Vantaa,,Finland,01770
Shaylyn,Greedyer,83,sgreedyerh8@indiegogo.com,909-431-5098,83328 Stone Corner Avenue,Yangjia,,China,
Pen,Mortimer,84,pmortimerh9@gravatar.com,267-673-1744,70726 Lyons Terrace,Chipoka,,Malawi,
Lauretta,Fraine,55,lfraineha@flickr.com,240-731-6538,34762 Carey Park,Crossfield,Alberta,Canada,B0N
Shandeigh,Backes,26,sbackeshb@symantec.com,362-258-5536,727 Mcbride Terrace,Ladushkin,,Russia,238460
Valentino,Bonnett,65,vbonnetthc@cdc.gov,763-277-0052,06 Pierstorff Hill,Valencia,Comunidad Valenciana,Spain,46015
Eveline,Barthelet,54,ebarthelethd@discuz.net,611-797-3809,70 Ohio Junction,Cisantri,,Indonesia,
Gusta,Methingam,71,gmethingamhe@hugedomains.com,492-967-2072,21433 Petterle Road,Brvenica,,Macedonia,1216
Alleyn,Hardie,55,ahardiehf@storify.com,752-545-6613,93271 Farwell Drive,Dugongan,,Philippines,4508
Leena,Lapham,44,llaphamhg@sitemeter.com,119-591-8090,11136 Northfield Way,Gbarnga,,Liberia,
Lian,Sarton,38,lsartonhh@networkadvertising.org,741-717-5539,7 Maryland Lane,Citarik,,Indonesia,
Cora,Klaaasen,72,cklaaasenhi@angelfire.com,237-889-6583,2 Mockingbird Court,Laborie,,Saint Lucia,
Dorris,Brunicke,81,dbrunickehj@multiply.com,515-910-8830,00200 Emmet Pass,Lamak,,Philippines,8608
Ber,MacIan,29,bmacianhk@dagondesign.com,505-420-3882,12965 Jana Avenue,Den Haag,Provincie Zuid-Holland,Netherlands,2578
Hatti,Rooksby,74,hrooksbyhl@quantcast.com,280-886-0736,0 Eggendart Road,Kwidzyn,,Poland,82-505
Barrie,Werrilow,38,bwerrilowhm@rambler.ru,850-604-2255,04 Northland Crossing,Sanandaj,,Iran,
Tobin,Openshaw,51,topenshawhn@nyu.edu,859-722-1848,2 Schiller Drive,Litibakul,,Indonesia,
Alair,Bovey,58,aboveyho@irs.gov,922-440-4591,8 Hallows Junction,Zemlyansk,,Russia,396943
Chester,Leavy,75,cleavyhp@jigsy.com,814-463-4922,2 Macpherson Street,Mach,,Pakistan,77011
Perceval,MacCaughey,56,pmaccaugheyhq@php.net,972-503-0706,32 Clyde Gallagher Junction,Eslöv,Skåne,Sweden,241 91
Breena,Milkin,23,bmilkinhr@hao123.com,782-542-5253,4852 Straubel Avenue,Cibeureum,,Indonesia,
Derril,Lintin,42,dlintinhs@scientificamerican.com,175-722-3929,19 Mccormick Hill,Fengshou,,China,
Domini,Ranklin,19,dranklinht@japanpost.jp,407-369-5980,84434 Pierstorff Point,Aleksandrovsk-Sakhalinskiy,,Russia,694424
Kathlin,Jendrassik,31,kjendrassikhu@theatlantic.com,225-662-8755,369 Raven Center,Primorsk,,Russia,188910
Bryon,Abramovic,18,babramovichv@patch.com,666-954-4681,66575 Rockefeller Trail,Adamstown,,Pitcairn,
Jon,Iffland,79,jifflandhw@alexa.com,553-742-5530,167 Harper Way,Bone South,,Philippines,1052
Katie,Keave,22,kkeavehx@godaddy.com,306-357-5995,19236 Corben Parkway,Malakand,,Pakistan,23050
Marcus,Tuck,45,mtuckhy@last.fm,428-150-4218,9 Helena Park,Bořetice,,Czech Republic,691 08
Frannie,Greschke,82,fgreschkehz@sun.com,314-608-5037,20817 Alpine Drive,Saint Louis,Missouri,United States,63121
Erminie,Cardwell,69,ecardwelli0@ifeng.com,680-329-8982,1933 Summer Ridge Hill,Oguta,,Nigeria,
Tricia,Wolfarth,38,twolfarthi1@4shared.com,229-622-0178,63 Walton Parkway,Albany,Georgia,United States,31704
Raphaela,Barnaclough,79,rbarnacloughi2@scribd.com,530-553-3670,9878 Messerschmidt Junction,Drenova,,Croatia,51301
Tove,Kail,68,tkaili3@altervista.org,897-610-0683,82 Caliangt Point,Meilisi,,China,
Emylee,Cosh,26,ecoshi4@abc.net.au,358-171-2327,4597 Starling Road,Baiyangwan,,China,
Rubetta,Barkess,36,rbarkessi5@utexas.edu,812-696-9011,67 Mccormick Court,Boissy-Saint-Léger,Île-de-France,France,94474 CEDEX
Cynthie,Wemes,39,cwemesi6@yahoo.co.jp,822-208-8750,1 Arrowood Court,Mogi das Cruzes,,Brazil,69110-000
Peder,MacNaughton,45,pmacnaughtoni7@myspace.com,215-526-1300,45 Boyd Place,Ouagadougou,,Burkina Faso,
Con,Kausche,22,ckauschei8@ovh.net,420-412-5733,5024 Meadow Vale Circle,Pedra Azul,,Brazil,39970-000
Branden,Gott,46,bgotti9@nba.com,214-864-6910,0281 Cody Point,San Jorge,,Argentina,5117
Raleigh,Reinbech,23,rreinbechia@so-net.ne.jp,569-486-5626,434 Oak Valley Drive,Comalapa,,Guatemala,04004
Carmine,Bolden,42,cboldenib@ucla.edu,857-737-5593,2392 Logan Trail,Bernardo de Irigoyen,,Argentina,2248
Chery,Danne,65,cdanneic@smh.com.au,567-306-7669,63249 Shoshone Street,Hedong,,China,
Joli,Goodayle,45,jgoodayleid@amazon.co.jp,955-764-0671,82 Sage Center,Domašinec,,Croatia,40318
Auberon,Bernardeau,40,abernardeauie@hugedomains.com,271-956-7576,2746 Hanover Alley,Salantai,,Lithuania,97035
Keeley,Mangion,76,kmangionif@chicagotribune.com,576-730-0083,8768 Hintze Hill,Kolchikón,,Greece,
Verney,Sinclaire,43,vsinclaireig@amazonaws.com,999-216-0474,304 Rusk Way,Zhonghualu,,China,
Henka,Wozencraft,35,hwozencraftih@cdc.gov,692-860-7099,0339 Green Ridge Court,Zgurovka,,Ukraine,
Malchy,Critch,55,mcritchii@google.cn,855-214-0270,6656 Mesta Circle,Žitenice,,Czech Republic,411 41
Edward,Duchart,42,educhartij@shareasale.com,713-390-4112,3437 Toban Avenue,Dasha,,China,
Bel,Tretwell,38,btretwellik@ning.com,210-769-2487,044 Heath Junction,San Antonio,Texas,United States,78225
Rowland,Rylance,36,rrylanceil@linkedin.com,469-410-4568,15 Fremont Lane,Dallas,Texas,United States,75210
Othilie,Tollerton,52,otollertonim@people.com.cn,276-215-0372,527 Ridge Oak Junction,Mandōl,,Afghanistan,
Kevan,Aberkirder,25,kaberkirderin@reverbnation.com,399-905-1313,932 Bowman Road,Helsingborg,Skåne,Sweden,250 06
Hussein,Rawlence,84,hrawlenceio@addthis.com,322-751-6918,5052 Clemons Road,Dongxi,,China,
Lotti,Divver,22,ldivverip@symantec.com,428-372-1412,4974 Truax Court,Zhuangbian,,China,
Augusto,Tredinnick,44,atredinnickiq@sfgate.com,281-288-6038,109 Cascade Alley,Kumanis,,Indonesia,
Dawna,Whitters,76,dwhittersir@goodreads.com,553-627-8548,9548 Fulton Trail,Balakhninskiy,,Russia,666921
Karissa,Goldine,48,kgoldineis@apple.com,549-131-8656,883 Judy Parkway,Butha-Buthe,,Lesotho,
Mikkel,Sidden,36,msiddenit@networkadvertising.org,324-935-1069,2382 Grover Pass,Stará Huť,,Czech Republic,336 01
Luciano,Blake,39,lblakeiu@java.com,859-207-8408,5 Scofield Point,Andong,,South Korea,
Margarete,Burhouse,38,mburhouseiv@xing.com,608-871-2896,526 Mcbride Court,Foz do Arelho,Leiria,Portugal,2500-454
Bonny,Salvatore,61,bsalvatoreiw@pcworld.com,264-870-9101,84064 Washington Hill,Almeria,Andalucia,Spain,04070
Milicent,Lefort,18,mlefortix@delicious.com,942-271-0872,94752 Doe Crossing Lane,Yaozhanzi,,China,
Jerri,Kochlin,25,jkochliniy@netscape.com,830-473-6264,1742 Northview Trail,Omišalj,,Croatia,51513
Giselbert,Izzett,36,gizzettiz@icq.com,482-941-0357,5666 Fieldstone Terrace,Neiva,,Colombia,410018
Dalton,Lipgens,20,dlipgensj0@posterous.com,447-397-0632,68518 Truax Way,Nikopol’,,Ukraine,
Lindy,Fassmann,55,lfassmannj1@guardian.co.uk,483-745-9528,9959 Shelley Court,Amizmiz,,Morocco,
Sharleen,Cicutto,55,scicuttoj2@disqus.com,420-488-9263,482 Eastlawn Alley,Xarsingma,,China,
Onofredo,Arnason,55,oarnasonj3@disqus.com,751-673-2943,617 Sutteridge Parkway,Pedro Betancourt,,Cuba,
Forest,Roser,52,froserj4@kickstarter.com,423-586-4514,959 Drewry Avenue,Vila Nova,Coimbra,Portugal,3220-523
Quincy,Kenton,56,qkentonj5@reddit.com,250-128-4476,4 Ohio Point,Qārah,,Syria,
Belle,Hencke,18,bhenckej6@themeforest.net,284-821-5079,0 Miller Hill,Dusun Tengah Cihaurbeuti,,Indonesia,
Jocelyne,Cruddace,42,jcruddacej7@cbslocal.com,193-268-6548,3 6th Circle,El Mirador,Chiapas,Mexico,29140
Anthony,Duggan,76,adugganj8@oaic.gov.au,909-863-0350,91986 Gina Hill,Pandanrejokrajan,,Indonesia,
Tamera,Jickells,58,tjickellsj9@unicef.org,753-960-7314,4306 Melby Place,Shums’k,,Ukraine,
Nady,Elleyne,25,nelleyneja@google.nl,973-780-7642,08990 Michigan Street,Karangtengah Lor,,Indonesia,
Ryun,Gianneschi,83,rgianneschijb@sciencedirect.com,927-481-3814,76 John Wall Circle,General Roca,,Argentina,2592
Korie,Leadston,42,kleadstonjc@admin.ch,855-415-9944,8 Corben Court,Wenquan,,China,
Lavena,Kirk,68,lkirkjd@engadget.com,322-751-0538,58 Westridge Court,Rydułtowy,,Poland,44-280
Maddy,Sharples,67,msharplesje@cisco.com,408-925-5394,11 Lunder Lane,Oepula,,Indonesia,
Viviene,D'Ambrosio,55,vdambrosiojf@wikia.com,677-797-6284,4875 Montana Center,Mahong,,China,
Ebenezer,Sottell,58,esottelljg@japanpost.jp,551-230-0492,16831 Sugar Terrace,Liangnong,,China,
Ewan,Bibby,54,ebibbyjh@walmart.com,294-588-0959,29 Kropf Avenue,Shenzhengqiao,,China,
Tracy,Thrift,40,tthriftji@twitter.com,849-933-2349,2850 Pennsylvania Alley,Katrineholm,Södermanland,Sweden,641 36
Shela,Bourley,79,sbourleyjj@google.com.hk,615-584-2696,5452 Messerschmidt Crossing,Vorob’yovo,,Russia,141662
Diann,Tillett,55,dtillettjk@devhub.com,967-234-6761,9541 Ryan Parkway,Darungan,,Indonesia,
Enoch,Pougher,27,epougherjl@weebly.com,515-504-4687,8 Nancy Alley,Siedleczka,,Poland,37-230
Keslie,Kennedy,34,kkennedyjm@va.gov,940-115-0483,9424 Nevada Avenue,Gaojiazhuang,,China,
Corette,Daniau,52,cdaniaujn@hc360.com,915-306-9488,0278 La Follette Street,Dawan,,China,
Martha,Ghelardoni,71,mghelardonijo@nasa.gov,678-199-5812,5 Charing Cross Avenue,Bayaguana,,Dominican Republic,11511
Asher,Evill,54,aevilljp@goodreads.com,801-587-3273,8 Mariners Cove Park,Bungtiang Barat,,Indonesia,
Sunny,Marcu,84,smarcujq@godaddy.com,145-104-1886,1861 Petterle Road,Kaduengang,,Indonesia,
Pietra,Calton,31,pcaltonjr@webmd.com,622-462-5338,1190 Logan Pass,Panyarang,,Indonesia,
Guillaume,Bruckman,74,gbruckmanjs@nymag.com,675-550-3962,5467 Esker Circle,Narutochō-mitsuishi,,Japan,779-0311
Colene,Darte,41,cdartejt@sun.com,474-647-6753,25356 Thierer Center,San Guillermo,,Philippines,3308
Verna,Lowis,23,vlowisju@skyrock.com,325-276-4590,26680 Hoepker Point,Armenta,,Honduras,
Raymund,Chark,57,rcharkjv@twitpic.com,877-403-6872,9538 Continental Alley,Loja,,Ecuador,
Ignace,Woodgate,74,iwoodgatejw@dailymail.co.uk,721-940-3770,7 Sommers Trail,Tullyallen,,Ireland,E25
Nora,Wragg,81,nwraggjx@usda.gov,751-695-2770,70 Mayfield Alley,Swift Current,Saskatchewan,Canada,S9H
Aggi,Brightwell,59,abrightwelljy@goo.ne.jp,493-397-2767,9 Main Court,Pingshanhu,,China,
Sonny,Perrie,51,sperriejz@exblog.jp,490-157-0842,4471 Nancy Street,Iranduba,,Brazil,69405-000
Stinky,Bunson,59,sbunsonk0@liveinternet.ru,656-474-0813,3446 Forest Run Drive,Višňové,,Czech Republic,671 38
Lydon,Lyndon,20,llyndonk1@shinystat.com,790-394-3359,43133 Warbler Center,Tufang,,China,
Katrine,Georgins,30,kgeorginsk2@people.com.cn,671-466-1675,9062 Anderson Crossing,Mandala,,Indonesia,
Ambros,Deakan,75,adeakank3@shinystat.com,506-635-8583,99384 Fulton Crossing,Sarpang,,Bhutan,
Roanna,Tregona,76,rtregonak4@netlog.com,355-985-8598,28099 Del Mar Pass,Sannikovo,,Russia,658059
Chloris,Shory,83,cshoryk5@cmu.edu,229-108-7766,4 Village Green Road,Kushnarënkovo,,Russia,452230
Haskell,Deporte,67,hdeportek6@i2i.jp,569-996-7628,759 Meadow Valley Park,Puente Nacional,,Colombia,684527
Stillman,Chatell,54,schatellk7@ed.gov,178-723-0035,55550 Mayer Way,Ode,,Nigeria,
Darcie,Castanares,50,dcastanaresk8@privacy.gov.au,272-734-6841,21309 Heath Parkway,Gabès,,Tunisia,
Brier,Reinhardt,40,breinhardtk9@sciencedirect.com,288-784-9053,21 Southridge Point,Luoyuan,,China,
Pietro,Daton,31,pdatonka@google.ca,400-288-0285,5 Mccormick Place,Keffin Hausa,,Nigeria,
Maurice,Bushaway,73,mbushawaykb@ucla.edu,928-145-5659,6 South Lane,Bogor,,Indonesia,
Rana,Rosterne,78,rrosternekc@sbwire.com,680-375-4523,08883 Grasskamp Hill,Laiponda,,Indonesia,
Kimbell,Lovstrom,46,klovstromkd@e-recht24.de,758-542-7032,9 Shasta Park,Sakata,,Japan,979-1504
Atlanta,Gehricke,24,agehrickeke@economist.com,543-406-4155,889 Dottie Parkway,Jishui,,China,
Lombard,Lockney,57,llockneykf@abc.net.au,453-563-9476,8 Vera Park,Jomda,,China,
Gerhard,Brockbank,66,gbrockbankkg@opensource.org,352-621-7565,2 Loeprich Terrace,Paso de Carrasco,,Uruguay,
Ellerey,Bambridge,52,ebambridgekh@sphinn.com,775-646-1365,7942 Northport Crossing,Budzów,,Poland,34-211
Theresita,Tarpey,66,ttarpeyki@icq.com,573-335-4306,578 Hanson Pass,Newcastle,,Saint Kitts and Nevis,
Hilly,Hillhouse,76,hhillhousekj@w3.org,320-831-2328,89506 Lukken Parkway,Tifni,,Morocco,
Elissa,Vernau,54,evernaukk@auda.org.au,993-899-1552,9 Riverside Drive,Chiang Mai,,Thailand,50000
Mile,Liddell,45,mliddellkl@macromedia.com,845-655-4500,1 Stoughton Trail,Jaguaribe,,Brazil,63475-000
Carmel,Wilber,70,cwilberkm@sohu.com,541-729-9952,0162 Miller Lane,Palanas,,Philippines,5404
Anni,Coryndon,37,acoryndonkn@elpais.com,955-970-4122,0025 Sutteridge Trail,Sundbyberg,Stockholm,Sweden,174 49
Dorothee,Ahrens,66,dahrensko@weebly.com,774-721-6283,8 Colorado Place,Osekovo,,Croatia,44317
Belva,Raft,78,braftkp@earthlink.net,789-911-3298,47007 Thierer Circle,Emmaboda,Kalmar,Sweden,361 31
Kearney,Papachristophorou,72,kpapachristophoroukq@ucoz.ru,203-599-8377,13 Meadow Valley Drive,Turmi,,Ethiopia,
June,Maltster,23,jmaltsterkr@unc.edu,181-209-3337,0 7th Parkway,Trondheim,Sor-Trondelag,Norway,7042
Ali,Gallahar,18,agallaharks@virginia.edu,715-554-9201,02 Debra Crossing,Barice,,Bosnia and Herzegovina,
Chickie,Yerill,55,cyerillkt@php.net,798-332-4027,4396 Grim Terrace,Bintang,,Indonesia,
Stormy,Ricart,57,sricartku@yandex.ru,740-302-1729,9077 Anniversary Parkway,La Ensenada,,Chile,
Dieter,Antonomoli,48,dantonomolikv@biblegateway.com,840-256-6615,51 Corben Plaza,Saposoa,,Peru,
Amalita,Frantzen,63,afrantzenkw@dropbox.com,451-952-2887,38123 Raven Pass,Ritaebang,,Indonesia,
Astra,Eeles,41,aeeleskx@nps.gov,232-189-0394,94 Kennedy Parkway,Psáry,,Czech Republic,252 44
Dev,Capini,52,dcapiniky@go.com,885-413-3329,3 Sauthoff Road,Río Grande,,Dominican Republic,10411
Katya,Cuthill,80,kcuthillkz@hc360.com,618-283-0390,7 Ryan Junction,Lewoduli,,Indonesia,
Reeta,Beininck,39,rbeininckl0@spotify.com,670-322-5468,20 Larry Center,Troitsk,,Russia,142191
Eran,Stoile,32,estoilel1@instagram.com,785-977-9798,6 Continental Way,San Simon,,Philippines,2015
Odelia,Habert,39,ohabertl2@stanford.edu,588-334-8992,189 Ronald Regan Point,Saint-Amand-les-Eaux,Nord-Pas-de-Calais,France,59734 CEDEX
Scot,Jeness,82,sjenessl3@icq.com,309-554-9248,102 Merchant Center,Ciklapa,,Indonesia,
Mirilla,Ballin,33,mballinl4@instagram.com,566-575-5704,782 Myrtle Trail,Nawābganj,,Bangladesh,6301
Fran,Franklin,21,ffranklinl5@nsw.gov.au,890-579-5934,88 Luster Hill,Jiangzhou,,China,
Romeo,Sears,18,rsearsl6@sakura.ne.jp,393-344-4680,24 Vidon Alley,Fuji,,China,
Edee,Headley,73,eheadleyl7@cloudflare.com,511-504-0758,70219 Main Point,Cimo de Vila,Aveiro,Portugal,3700-755
Page,MacNess,82,pmacnessl8@mapy.cz,328-762-7542,4084 Oak Crossing,Nantes,Pays de la Loire,France,44307 CEDEX 3
Burty,McIlwraith,54,bmcilwraithl9@amazon.com,658-617-8753,667 Lotheville Pass,Taman,,Indonesia,
Vinni,Trotter,36,vtrotterla@house.gov,702-933-9617,70713 Havey Way,Thorold,Ontario,Canada,L2V
Otho,Rippingall,59,orippingalllb@yale.edu,965-998-8656,7 Towne Court,Nancheng,,China,
Amelita,Le Merchant,18,alemerchantlc@barnesandnoble.com,613-422-1499,036 Elka Way,Pasirhuni,,Indonesia,
Aviva,Wibrew,58,awibrewld@purevolume.com,347-313-2161,9 Talisman Lane,Sumurgayam,,Indonesia,
Farly,Jerson,31,fjersonle@myspace.com,643-356-0993,85640 Mitchell Parkway,Dūkštas,,Lithuania,30042
Dmitri,Barwell,43,dbarwelllf@accuweather.com,395-438-2297,56 Bluestem Avenue,Tlogowetan,,Indonesia,
Doy,Gueste,65,dguestelg@networksolutions.com,662-375-1910,89750 Northwestern Place,Tarbes,Midi-Pyrénées,France,65004 CEDEX
Genovera,Poole,51,gpoolelh@netlog.com,219-444-2414,531 Northwestern Junction,Široki Brijeg,,Bosnia and Herzegovina,
Fernandina,Adshede,44,fadshedeli@blinklist.com,993-372-3683,403 Utah Point,Nueva Loja,,Ecuador,
Hilly,Juhruke,67,hjuhrukelj@cbslocal.com,910-243-0964,477 Upham Parkway,Whistler,British Columbia,Canada,N0K
Rhett,Croal,77,rcroallk@multiply.com,715-362-0919,7 Dayton Point,Yoichi,,Japan,420-0949
Jerome,Dellenbrok,76,jdellenbrokll@taobao.com,804-294-3642,98 Crescent Oaks Circle,Vostryakovo,,Russia,141662
Dalt,Tooby,49,dtoobylm@amazon.co.uk,529-982-1651,6 Grover Way,Pegongan,,Indonesia,
Nye,Stobo,35,nstoboln@ucoz.com,179-145-8361,86148 Fair Oaks Drive,Myślenice,,Poland,32-400
Piggy,Markl,69,pmarkllo@google.de,182-799-3064,77608 Donald Circle,Ikar,,Indonesia,
Brian,Andreas,52,bandreaslp@archive.org,484-665-8627,11 Lukken Lane,Leping,,China,
Ivie,McNelly,56,imcnellylq@dailymail.co.uk,813-382-9467,89 Schiller Court,Changyanbao,,China,
Mitzi,Silverthorne,81,msilverthornelr@hc360.com,143-481-6826,29167 Morningstar Avenue,Kungur,,Russia,663140
Adi,MacKim,55,amackimls@epa.gov,855-725-1027,316 Green Ridge Court,Zhonghekou,,China,
Michael,Calafato,71,mcalafatolt@un.org,476-869-4737,3105 Nobel Crossing,Salvaleón de Higüey,,Dominican Republic,11906
Erika,Karpets,41,ekarpetslu@cpanel.net,561-816-4278,81 Hooker Terrace,Pāshmūl,,Afghanistan,
Riccardo,Matis,31,rmatislv@vinaora.com,626-112-8567,38629 Badeau Park,Pansoy,,Philippines,6801
Charmine,Droogan,37,cdrooganlw@earthlink.net,976-988-0597,52581 Anhalt Park,Amiens,Picardie,France,80020 CEDEX 9
Dareen,Madre,31,dmadrelx@hugedomains.com,657-870-0772,73863 Old Gate Trail,Malin,,China,
Hewett,Oris,33,horisly@com.com,954-768-6199,9 Gulseth Terrace,Santa Catalina,,Peru,
Katine,Kerner,26,kkernerlz@wikipedia.org,174-849-5976,17 Anthes Circle,Jacura,,Venezuela,
Jackelyn,Saxton,56,jsaxtonm0@tuttocitta.it,164-964-7488,31 Browning Court,Vales,Viseu,Portugal,3550-053
Cissy,Badcock,23,cbadcockm1@eepurl.com,412-274-2198,3349 Weeping Birch Trail,Al Khānkah,,Egypt,
Naomi,Willingale,33,nwillingalem2@weibo.com,590-854-7584,65 Memorial Street,Oviedo,,Dominican Republic,11807
Thatcher,Ortelt,22,torteltm3@discuz.net,141-100-9189,611 Westport Hill,Novosheshminsk,,Russia,423190
Guglielma,Gotter,58,ggotterm4@canalblog.com,691-294-1382,60 Northfield Street,Ústí nad Orlicí,,Czech Republic,562 06
Fraze,Rolfo,76,frolfom5@istockphoto.com,617-215-5341,3642 Westerfield Park,Boston,Massachusetts,United States,02203
Aland,Tolemache,42,atolemachem6@ustream.tv,512-382-1064,794 Doe Crossing Hill,Shar,,Kazakhstan,
Hanni,Quincey,22,hquinceym7@fotki.com,532-684-1582,5 Corben Alley,Gornje Živinice,,Bosnia and Herzegovina,
Raina,Davy,52,rdavym8@weibo.com,123-207-0673,2 Pawling Alley,Hepu,,China,
Billy,Biggam,81,bbiggamm9@mapquest.com,515-685-7803,4210 Florence Point,Ngou,,Cameroon,
Nathan,Waggatt,54,nwaggattma@typepad.com,694-883-0576,91 Hovde Crossing,Romba,,Indonesia,
Laurens,Bellard,44,lbellardmb@narod.ru,691-887-2946,9 Clemons Alley,Dadapan,,Indonesia,
Kirstyn,Cowsby,34,kcowsbymc@printfriendly.com,383-199-9939,9 Corben Lane,Farafangana,,Madagascar,
Rodger,Klassmann,80,rklassmannmd@yahoo.com,213-301-6807,4591 Victoria Park,Solec Nad Wisłą,,Poland,80-201
Krystalle,Augustine,76,kaugustineme@sourceforge.net,332-770-6002,03503 Orin Circle,Mahaica Village,,Guyana,
Maynard,Moorey,25,mmooreymf@yolasite.com,409-951-2708,8 Buhler Place,Guachetá,,Colombia,250618
Georgie,Ivanisov,20,givanisovmg@nih.gov,686-116-5451,40614 Corben Plaza,Longfengba,,China,
Herby,Haet,66,hhaetmh@sun.com,868-874-7204,9386 Butternut Point,Outjo,,Namibia,
Rennie,Rendle,82,rrendlemi@sakura.ne.jp,539-851-7569,50 Everett Avenue,Sātkania,,Bangladesh,4398
Daisey,Wessell,60,dwessellmj@goo.ne.jp,661-226-9610,3098 Southridge Alley,Khashuri,,Georgia,
Becca,Mitten,27,bmittenmk@usgs.gov,738-544-2433,0880 Ludington Crossing,Alhos Vedros,Setúbal,Portugal,2860-010
Janella,Semeradova,71,jsemeradovaml@simplemachines.org,961-108-4478,15151 Sage Center,Omišalj,,Croatia,51513
Dorette,Mosconi,24,dmosconimm@oracle.com,458-782-0954,75 Menomonie Place,Jajar,,Indonesia,
Bailie,Byrom,72,bbyrommn@army.mil,438-641-3188,11 Mandrake Point,Chetian,,China,
Debi,Bernot,59,dbernotmo@utexas.edu,885-154-8842,638 Stang Lane,Pingyang,,China,
Vivianna,Siss,28,vsissmp@biblegateway.com,771-159-6325,11 East Place,Nangakeo,,Indonesia,
Alf,Oosthout de Vree,32,aoosthoutdevreemq@merriam-webster.com,516-803-4574,29 Scofield Lane,Żelazków,,Poland,62-817
Kelly,Tatlow,52,ktatlowmr@e-recht24.de,216-352-9433,85 Truax Plaza,Wolometang,,Indonesia,
Antonius,Kibbye,85,akibbyems@statcounter.com,422-987-9834,408 Clemons Terrace,Örebro,Örebro,Sweden,701 81
Frieda,Garrow,53,fgarrowmt@indiegogo.com,793-513-0808,6275 Sommers Crossing,Kosti,,Sudan,
Daniel,Walburn,40,dwalburnmu@bbb.org,274-721-8969,46940 Vahlen Street,Aguaí,,Brazil,13860-000
Doralia,Desporte,26,ddesportemv@jugem.jp,448-650-8714,85875 Merrick Junction,Huxi,,China,
Cass,Dallimare,51,cdallimaremw@nydailynews.com,262-696-8181,688 Nancy Drive,Melgar,,Colombia,734007
Vivienne,Lammerding,48,vlammerdingmx@fema.gov,526-102-3464,6277 Gina Hill,Zhuyeping,,China,
Rodie,Greenway,42,rgreenwaymy@imgur.com,890-371-3742,4205 Grasskamp Park,Matão,,Brazil,15990-000
Desi,Fawcett,69,dfawcettmz@uol.com.br,330-701-5889,183 Carioca Alley,Buenavista,,Philippines,8601
Thorvald,Noyce,41,tnoycen0@ox.ac.uk,348-685-8835,45145 West Drive,San Pedro,,Philippines,4023
Daren,MacCartney,65,dmaccartneyn1@ameblo.jp,582-156-9362,65184 Valley Edge Plaza,Fukuchiyama,,Japan,620-1445
Valera,Daenen,79,vdaenenn2@addtoany.com,663-418-9418,49981 Anzinger Parkway,Barengkok,,Indonesia,
Hortensia,Ionnidis,50,hionnidisn3@reuters.com,152-895-3055,317 Pepper Wood Road,Krolevets’,,Ukraine,
Violante,Farren,84,vfarrenn4@liveinternet.ru,687-591-1838,5323 Green Ridge Junction,Gujun,,China,
Reginauld,Hatje,36,rhatjen5@delicious.com,921-845-7034,64 Crest Line Point,Celestynów,,Poland,05-430
Flory,Timperley,18,ftimperleyn6@joomla.org,894-498-7387,5 Kings Road,Vale de Figueira,Lisboa,Portugal,2695-584
Say,Perot,50,sperotn7@china.com.cn,772-252-9174,0451 Florence Terrace,Río Blanquito,,Honduras,
Dawn,Boldra,80,dboldran8@google.it,108-527-5419,356 Forster Street,Nivnice,,Czech Republic,687 51
Allistir,Bamborough,68,abamboroughn9@dot.gov,818-614-8423,4 Ramsey Hill,Cruzeiro do Oeste,,Brazil,87400-000
Rosanna,Tweede,56,rtweedena@123-reg.co.uk,171-748-8693,147 North Parkway,Litian,,China,
Jaymie,McCleod,41,jmccleodnb@pen.io,213-625-2860,872 Sachtjen Alley,Zhezqazghan,,Kazakhstan,
Rowen,Bartusek,65,rbartuseknc@1688.com,624-134-3307,36 Mallard Street,Cruces,,Cuba,
Pearle,Turbefield,66,pturbefieldnd@sohu.com,931-315-7118,712 Cody Circle,Petrolina de Goiás,,Brazil,75480-000
Nada,Grindley,37,ngrindleyne@e-recht24.de,189-211-8810,9 Garrison Trail,Phú Mỹ,,Vietnam,
Bentlee,Idwal Evans,56,bidwalevansnf@msu.edu,104-493-9840,3 Emmet Hill,Pinggang,,China,
Jocko,Ortsmann,40,jortsmannng@meetup.com,305-707-5030,0 Crest Line Circle,Venustiano Carranza,Veracruz Llave,Mexico,93848
Abbott,Mawer,41,amawernh@cdc.gov,232-770-0477,5 Coolidge Court,Lembanah,,Indonesia,
Mar,Helleckas,19,mhelleckasni@cargocollective.com,342-956-9820,45237 Cherokee Street,Níkaia,,Greece,
Joseph,Wilkennson,50,jwilkennsonnj@myspace.com,181-565-0094,348 Ilene Hill,Kacangan Lor,,Indonesia,
Lilian,Pontefract,49,lpontefractnk@ft.com,641-476-0449,35958 Badeau Court,Shimen,,China,
Kizzie,Beminster,74,kbeminsternl@springer.com,185-156-0418,538 Northview Hill,Ulbroka,,Latvia,
Judi,Guslon,71,jguslonnm@squidoo.com,124-853-9539,2819 Surrey Center,Łodygowice,,Poland,34-325
Mohandis,Bockman,69,mbockmannn@bbc.co.uk,194-222-2737,5 Center Parkway,Noyakert,,Armenia,
Berget,Arden,32,bardenno@nih.gov,377-580-5637,41907 Milwaukee Hill,Xiadong,,China,
Natty,Lambal,48,nlambalnp@epa.gov,898-602-5502,04372 Waxwing Crossing,Otradnyy,,Russia,629320
Jarrad,Walton,54,jwaltonnq@mail.ru,773-990-1760,44 Thompson Point,Loimaan Kunta,,Finland,32560
Giacobo,Harriday,35,gharridaynr@walmart.com,482-605-5818,72485 Dorton Plaza,Cimanggu Girang,,Indonesia,
Binni,Kopta,73,bkoptans@constantcontact.com,867-682-3023,0 Bunker Hill Center,Aldergrove,British Columbia,Canada,V4W
Gordan,McNuff,73,gmcnuffnt@jalbum.net,548-104-6684,1855 Manitowish Court,Yaransk,,Russia,612269
Berny,Leeke,42,bleekenu@macromedia.com,723-155-0743,5700 Barby Circle,Kamloops,British Columbia,Canada,H9P
Roseline,Ellery,45,rellerynv@springer.com,132-855-1034,43781 Eastwood Street,Enschede,Provincie Overijssel,Netherlands,7504
Florian,Plampin,75,fplampinnw@hugedomains.com,461-321-3725,06151 Fairfield Circle,Vale Flores,Lisboa,Portugal,2710-680
Emeline,Frape,42,efrapenx@163.com,201-546-8130,47259 Grim Place,Cigalontang,,Indonesia,
Boyce,Kollasch,82,bkollaschny@webmd.com,603-817-2130,7825 Blackbird Way,Muqi,,China,
Elvira,Allwell,45,eallwellnz@dropbox.com,521-255-9845,3 Rowland Way,Guhua,,China,
Carolin,Jobson,76,cjobsono0@wikia.com,185-572-3795,86 Stang Way,Qixing,,China,
Sven,Waye,62,swayeo1@apache.org,195-188-0151,3068 Stoughton Circle,Batasan,,Philippines,9401
Remy,Corkell,18,rcorkello2@yolasite.com,899-955-8865,45 Dennis Point,Tubo,,Philippines,2814
Luciano,Spain-Gower,45,lspaingowero3@g.co,592-624-2034,392 Caliangt Junction,Gorna Oryakhovitsa,,Bulgaria,5145
Geraldine,Southwood,77,gsouthwoodo4@amazon.com,639-220-4482,75118 Clove Alley,Maggotty,,Jamaica,
Atlante,Dripps,37,adrippso5@phpbb.com,435-394-5534,49625 Sullivan Court,Samouco,Setúbal,Portugal,2890-206
Oliy,Fairfull,31,ofairfullo6@businesswire.com,815-880-7519,5736 Havey Crossing,Ilha Solteira,,Brazil,15385-000
Emmie,Heater,52,eheatero7@hugedomains.com,596-564-9638,31664 Cascade Court,Sebadelhe,Guarda,Portugal,5155-705
Roi,Colchett,26,rcolchetto8@squarespace.com,804-374-3788,108 Dawn Plaza,Richmond,Virginia,United States,23289
Joana,Croall,28,jcroallo9@timesonline.co.uk,345-478-0465,863 Pierstorff Crossing,Sakai,,Japan,999-2256
Clarinda,Ciobutaro,75,cciobutarooa@narod.ru,417-246-5795,0 Clyde Gallagher Street,Montpellier,Languedoc-Roussillon,France,34064 CEDEX 2
Joanie,Laurant,36,jlaurantob@marketwatch.com,294-629-1577,5 Ilene Court,Pyin Oo Lwin,,Myanmar,
Hewe,Huckerbe,29,hhuckerbeoc@printfriendly.com,935-383-2610,0224 Drewry Alley,Xiang Ngeun,,Laos,
Pippo,Calan,26,pcalanod@acquirethisname.com,832-845-9294,28861 Londonderry Alley,Krumvíř,,Czech Republic,691 73
Monro,Cashell,29,mcashelloe@fc2.com,465-218-1515,6 Fordem Lane,Sirib,,Philippines,6113
Giustino,Heintz,65,gheintzof@eepurl.com,739-773-8752,11 Esch Street,Espera Feliz,,Brazil,36830-000
Ashly,Gribble,51,agribbleog@odnoklassniki.ru,363-996-9521,14670 Dunning Place,Sumberejo,,Indonesia,
Carny,Corlett,64,ccorlettoh@gizmodo.com,119-935-2572,4 Bowman Lane,Saint-Denis,Réunion,Reunion,97717 CEDEX 9
Chester,Tetford,67,ctetfordoi@prweb.com,874-419-7308,8108 Scofield Crossing,Cabrela,Évora,Portugal,7050-405
Ibbie,Verma,28,ivermaoj@sitemeter.com,132-473-0719,98817 Prairieview Hill,Tsukuba,,Japan,369-0114
Sula,Birdsey,80,sbirdseyok@amazon.com,503-805-4551,88781 Golf View Park,Nanguzhuang,,China,
Stefania,Costall,27,scostallol@dailymail.co.uk,937-120-4940,8713 Prentice Road,Antwerpen,Vlaanderen,Belgium,2170
Darb,Demare,37,ddemareom@oaic.gov.au,323-180-2045,8803 Moulton Junction,Wan’an,,China,
Rodrick,Richemont,48,rrichemonton@fc2.com,214-609-0593,55608 Mcguire Crossing,Gongju,,South Korea,
Tawsha,Loud,65,tloudoo@pbs.org,649-618-3264,4 Farmco Way,Campinas,,Brazil,13000-000
Lynde,Renfrew,21,lrenfrewop@free.fr,632-403-0963,282 Emmet Parkway,Messina,Sicilia,Italy,98135
Gavra,Yoskowitz,39,gyoskowitzoq@pagesperso-orange.fr,933-229-0404,33 Graceland Parkway,Kolpny,,Russia,303759
Muriel,Barefoot,85,mbarefootor@examiner.com,428-663-9500,30 Kennedy Avenue,Dolores,,Argentina,7100
Mile,Gozzett,72,mgozzettos@timesonline.co.uk,564-498-0784,1580 Thierer Road,Kopong,,Botswana,
Rriocard,Screas,35,rscreasot@blogger.com,985-336-2568,68373 Kenwood Junction,Gachalá,,Colombia,251257
Luelle,MacAdam,58,lmacadamou@chron.com,147-310-9565,8 Hollow Ridge Street,Gapan,,Philippines,3109
Giusto,Stern,66,gsternov@ocn.ne.jp,550-322-4381,68334 Coleman Road,Gorjani,,Croatia,31422
Shannon,Carwithen,21,scarwithenow@japanpost.jp,383-549-8893,681 Farwell Trail,Baiquesi,,China,
Morey,Ranshaw,28,mranshawox@cnet.com,775-100-7160,463 Stephen Pass,Nowe Miasto nad Pilicą,,Poland,60-763
Salli,Volk,34,svolkoy@answers.com,189-838-6406,487 Brentwood Plaza,Puerto Cabezas,,Nicaragua,
Glenn,Ramiro,25,gramirooz@army.mil,650-879-0446,2088 Sundown Crossing,Bi’r al ‘Abd,,Egypt,
Isabella,Book,81,ibookp0@fotki.com,271-502-7285,40 Prentice Place,Laifang,,China,
Kareem,Gavey,33,kgaveyp1@bbb.org,159-589-6810,8 Duke Way,Qarāwat Banī Zayd,,Palestinian Territory,
Giustina,Langelay,51,glangelayp2@mail.ru,367-805-2326,3 Hanover Alley,Sagay,,Philippines,9103
Eddy,Bound,60,eboundp3@marriott.com,237-855-6731,346 Tony Court,Tugdan,,Philippines,5509
Sibylla,Stockton,27,sstocktonp4@usatoday.com,822-688-7594,39 Texas Point,Metsemotlhaba,,Botswana,
Andras,Bore,56,aborep5@360.cn,468-243-5692,83762 Grasskamp Avenue,Yashkul’,,Russia,359150
Mathilde,Falcus,38,mfalcusp6@mlb.com,193-460-5785,46669 Coleman Parkway,Cherepovets,,Russia,162674
Kendre,Jackett,76,kjackettp7@live.com,510-970-4426,94038 Dahle Drive,Patos Fshat,,Albania,
Frasquito,Jedrych,25,fjedrychp8@dyndns.org,685-859-0829,2736 Bluejay Junction,Heping,,China,
Erwin,Cundict,52,ecundictp9@jigsy.com,614-166-6006,23 Express Crossing,Nässjö,Jönköping,Sweden,571 36
Darci,Ference,64,dferencepa@wikipedia.org,378-967-1723,7523 Valley Edge Circle,Pokrovskoye,,Russia,623795
Westbrooke,Rykert,44,wrykertpb@berkeley.edu,600-249-8378,09404 Lindbergh Point,Okegawa,,Japan,365-0024
Jehanna,Mold,48,jmoldpc@1688.com,332-604-0905,8988 Norway Maple Pass,Kalunan,,Indonesia,
Danya,Chandler,73,dchandlerpd@1und1.de,137-224-8693,87871 Fordem Trail,Jasieniec,,Poland,05-604
Pancho,Halpeine,50,phalpeinepe@amazon.co.uk,184-163-1278,69 Esker Pass,Xishiqiao,,China,
Umberto,Mileham,55,umilehampf@tripod.com,834-303-4675,63 Everett Road,Susunan,,Indonesia,
Jocelin,Southard,26,jsouthardpg@gmpg.org,265-534-2190,9 Dixon Way,Hinlayagan Ilaud,,Philippines,8301
Reilly,Piggen,59,rpiggenph@google.com.au,863-227-8468,06 Anthes Alley,Fonte da Aldeia,Bragança,Portugal,5210-325
Johnna,Moulster,81,jmoulsterpi@fc2.com,186-489-7296,578 Tennessee Street,Rogóźno,,Poland,86-318
Oswell,Lambersen,21,olambersenpj@dmoz.org,484-825-6185,88538 Cody Terrace,Tarnowskie Góry,,Poland,42-680
Ody,Grisdale,36,ogrisdalepk@cdc.gov,494-721-2527,33 Victoria Alley,Kuala Terengganu,Terengganu,Malaysia,20520
Analiese,Cardnell,34,acardnellpl@netlog.com,658-509-7774,7159 Fuller Terrace,Dagupan,,Philippines,5603
Ina,Chevers,36,icheverspm@wunderground.com,635-118-7027,64716 Crowley Drive,Bila Krynytsya,,Ukraine,
Dun,Gwinnett,61,dgwinnettpn@hhs.gov,258-319-4270,628 Schurz Junction,Nassarawa,,Nigeria,
Cal,Antusch,85,cantuschpo@umich.edu,310-481-0076,9 Brown Plaza,Bologoye,,Russia,171076
Lorette,Lenormand,83,llenormandpp@feedburner.com,897-895-2625,04 Bluestem Terrace,Vicente Guerrero,Tabasco,Mexico,86350
Vasili,Scraggs,33,vscraggspq@is.gd,552-928-5214,897 Tennessee Drive,Kelaniya,,Sri Lanka,11600
Benni,Browell,82,bbrowellpr@constantcontact.com,701-447-5734,326 Delaware Avenue,Nansha,,China,
Richardo,Kean,58,rkeanps@qq.com,618-962-9139,5836 Coolidge Point,Thoeng,,Thailand,57160
Juditha,Longstreet,39,jlongstreetpt@qq.com,599-634-3831,99814 Rockefeller Park,Yangdang,,China,
Lanita,Openshaw,33,lopenshawpu@51.la,557-859-4114,0537 Karstens Hill,Bến Tre,,Vietnam,
Baryram,Tesauro,84,btesauropv@hibu.com,717-639-9074,82 Golf Course Alley,Caicedonia,,Colombia,762548
Wain,Bortoloni,62,wbortolonipw@blogger.com,125-265-3540,1014 Anzinger Avenue,Lhari,,China,
Francesco,McCraine,46,fmccrainepx@stanford.edu,480-561-8881,5914 Evergreen Street,Dežanovac,,Croatia,43506
Phedra,Hutchinson,78,phutchinsonpy@so-net.ne.jp,544-568-5273,8 Orin Terrace,Magapit,,Philippines,5700
Gwendolen,Laidlow,49,glaidlowpz@china.com.cn,329-833-5539,7507 Daystar Way,Dong’an,,China,
Arlene,Quinnet,75,aquinnetq0@goo.gl,373-622-2278,66465 Sunbrook Avenue,Miao’ergou,,China,
Timi,Seamon,65,tseamonq1@yellowpages.com,348-973-5658,19 Grim Place,Borgo Maggiore,,San Marino,47893
Candi,Wittman,51,cwittmanq2@prweb.com,198-299-1320,76265 Susan Alley,Kubang,,Indonesia,
Hedvige,Tearney,61,htearneyq3@mapy.cz,486-881-3718,685 Drewry Crossing,El Rancho,,Honduras,
Merrily,Shadfourth,21,mshadfourthq4@networksolutions.com,955-810-8934,97 Cardinal Center,Turnišče,,Slovenia,9224
Merrill,Luckings,81,mluckingsq5@nymag.com,102-858-4590,1812 Montana Avenue,Saguday,,Philippines,3402
Kingston,Moon,76,kmoonq6@smh.com.au,505-195-9798,69 Ruskin Lane,Mahdia,,Tunisia,
Sherri,Clitheroe,51,sclitheroeq7@example.com,434-618-8429,998 Bluejay Point,Flores da Cunha,,Brazil,95270-000
Garland,Ketteman,47,gkettemanq8@go.com,770-873-5317,914 Holy Cross Drive,Nanning,,China,
Kassi,Lande,55,klandeq9@discuz.net,102-568-8886,4181 Almo Trail,Basiong,,Indonesia,
Giff,Gricks,51,ggricksqa@princeton.edu,763-456-2397,67 Larry Park,Andongsari,,Indonesia,
Erminia,Kither,36,ekitherqb@theglobeandmail.com,202-666-4769,959 Scofield Plaza,Washington,District of Columbia,United States,20310
Ricoriki,Lantuffe,32,rlantuffeqc@sakura.ne.jp,440-284-4772,05 Nobel Trail,Maradi,,Niger,
Pearl,Stare,74,pstareqd@omniture.com,672-835-6564,179 Tennyson Circle,Stockholm,Stockholm,Sweden,103 83
Kali,Adamkiewicz,18,kadamkiewiczqe@over-blog.com,339-443-3974,49 Everett Circle,Darfield,,New Zealand,7541
Art,Ekkel,27,aekkelqf@privacy.gov.au,905-533-5310,270 Talmadge Terrace,Marintoc,,Philippines,5401
Lenard,Baruch,40,lbaruchqg@imgur.com,771-243-4093,666 Iowa Hill,Kimberley,British Columbia,Canada,V1A
Regina,Heddy,56,rheddyqh@jimdo.com,574-592-3230,17261 Blaine Hill,Bang Krathum,,Thailand,65110
Tabbatha,Harget,35,thargetqi@hubpages.com,733-241-7951,73233 Bultman Plaza,Xiyuan,,China,
Kristina,Meachem,53,kmeachemqj@csmonitor.com,338-596-3871,40 Barnett Hill,Seren,,Indonesia,
Livvie,Keelan,61,lkeelanqk@aol.com,117-751-2260,1 Summit Center,Tekeli,,Kazakhstan,
Sid,Brum,68,sbrumql@ucoz.com,215-712-6017,780 Texas Road,Otun,,Nigeria,
Alisun,Arrow,66,aarrowqm@biblegateway.com,416-513-4436,9 School Way,Masipi West,,Philippines,3328
Booth,Wasmer,81,bwasmerqn@sohu.com,592-585-5224,106 Barnett Drive,Azenha,Porto,Portugal,4620-875
Sheelah,Serjeant,48,sserjeantqo@squidoo.com,132-265-6489,161 Dawn Circle,Pýli,,Greece,
Ansley,Docherty,78,adochertyqp@wix.com,848-348-6183,354 Lakewood Crossing,Mori,,Japan,993-0073
Dotty,Chucks,42,dchucksqq@delicious.com,906-467-4685,5 Arkansas Avenue,Gabú,,Guinea-Bissau,
Ludvig,Guinane,69,lguinaneqr@yelp.com,488-675-4188,5 Cardinal Place,Kete Krachi,,Ghana,
Krystyna,Sextone,66,ksextoneqs@illinois.edu,297-578-1141,5 Summit Park,Almendra,Guarda,Portugal,5150-015
Em,McGragh,38,emcgraghqt@hatena.ne.jp,727-190-0120,3969 Debra Way,Korolevo,,Ukraine,
Gleda,Possel,48,gposselqu@uol.com.br,845-224-5181,4868 Cody Parkway,Józefów,,Poland,24-340
Joaquin,Martinovsky,60,jmartinovskyqv@wix.com,732-759-8882,1727 Pennsylvania Park,Fabianki,,Poland,87-811
Elia,Davidovitch,29,edavidovitchqw@merriam-webster.com,167-617-5552,434 Crowley Place,Dvůr Králové nad Labem,,Czech Republic,544 01
Sarine,Staveley,57,sstaveleyqx@statcounter.com,204-215-3904,8135 Melrose Center,Uppsala,Uppsala,Sweden,753 14
Hilarius,Baumber,40,hbaumberqy@hatena.ne.jp,332-392-4139,97467 Hansons Lane,San Pedro Sacatepéquez,,Guatemala,01059
Dick,Kuschel,30,dkuschelqz@discovery.com,608-326-6821,40201 Redwing Junction,Sukabatu,,Indonesia,
Haze,Melrose,29,hmelroser0@globo.com,242-319-9212,52177 Bobwhite Hill,Samur,,Azerbaijan,
Gayler,Behnecken,29,gbehneckenr1@phpbb.com,152-919-1015,85754 Lotheville Junction,Lankaran,,Azerbaijan,
Grayce,Brimming,53,gbrimmingr2@mtv.com,752-216-4225,98 Cardinal Center,Yinji,,China,
Tani,Ransom,56,transomr3@about.com,460-438-2480,09 Carpenter Park,Monte Alegre,,Brazil,59182-000
Humbert,Eckh,66,heckhr4@engadget.com,600-341-0465,2 Bayside Park,Rio Negrinho,,Brazil,89295-000
Mark,Brade,45,mbrader5@nature.com,213-542-0021,2 Mcguire Way,Morong,,Philippines,2109
Caro,Strugnell,80,cstrugnellr6@cornell.edu,877-310-5639,327 Leroy Circle,Chaltyr,,Russia,346812
Nate,Zamora,40,nzamorar7@tripod.com,447-354-6026,91204 Kensington Street,Zhenshan,,China,
Liam,Boggon,80,lboggonr8@soup.io,138-238-4207,69 Eagan Plaza,Levallois-Perret,Île-de-France,France,92592 CEDEX
Lizabeth,Otter,47,lotterr9@ocn.ne.jp,321-192-7151,0371 Manufacturers Plaza,Pinellas Park,Florida,United States,34665
Blythe,Plant,85,bplantra@shinystat.com,914-672-2129,03605 Myrtle Drive,Ten’gushevo,,Russia,607343
Jeanette,Gowdie,80,jgowdierb@flavors.me,212-255-7700,60415 Melby Road,Jamaica,New York,United States,11407
Amalea,Kahler,44,akahlerrc@army.mil,750-889-6688,7 Messerschmidt Circle,Freiburg im Breisgau,Baden-Württemberg,Germany,79106
Merwyn,Carle,40,mcarlerd@mozilla.com,904-970-3501,0 Lindbergh Drive,Xiangfu,,China,
Bailey,Conniam,53,bconniamre@slideshare.net,789-219-9327,88 Mandrake Road,Owode,,Nigeria,
Elane,Renzullo,76,erenzullorf@g.co,872-226-0759,3 Annamark Pass,Kananga,,Democratic Republic of the Congo,
Mark,McAneny,75,mmcanenyrg@archive.org,697-479-6721,44 Novick Circle,Mehrābpur,,Pakistan,79051
Betsey,Behrens,62,bbehrensrh@bing.com,481-373-2697,912 Cambridge Crossing,Modderfontein,,South Africa,1609
Clarinda,Chantrell,36,cchantrellri@techcrunch.com,469-583-3395,8 Moose Center,Astorga,,Brazil,86730-000
Gardiner,Strotton,22,gstrottonrj@themeforest.net,541-513-6929,439 Elka Hill,Kardítsa,,Greece,
Verina,Rallinshaw,66,vrallinshawrk@mail.ru,384-550-2343,08375 Anthes Way,Jaworze,,Poland,43-384
Townsend,Remer,61,tremerrl@cnn.com,228-481-0834,8039 Hoard Point,Gálvez,,Argentina,2253
Jolie,Suddell,85,jsuddellrm@technorati.com,226-443-4266,944 Pearson Terrace,Changqing,,China,
Baron,Fermor,58,bfermorrn@dagondesign.com,444-792-7637,1 Maple Wood Place,Ribeiro,Vila Real,Portugal,5030-566
Sadella,Pollok,80,spollokro@latimes.com,321-850-9735,16861 Arizona Junction,Huangbei,,China,
Arabelle,Shipsey,31,ashipseyrp@google.es,514-205-4229,9464 Grim Trail,San Isidro,,Argentina,4124
Colene,McBoyle,64,cmcboylerq@example.com,115-684-4580,1142 Huxley Trail,Soko,,Indonesia,
Lynn,Folks,70,lfolksrr@msn.com,541-247-5720,742 Northridge Point,Qiting,,China,
