first_name,last_name,age,email,phone_number,address,city,state,country,postal_code
Jerrilyn,Ritzman,66,jritzman0@typepad.com,625-718-4821,29169 Northland Center,Kampungbajo,,Indonesia,
Baxy,Cassius,62,bcassius1@harvard.edu,519-120-1507,7 Mcguire Parkway,Amnat Charoen,,Thailand,43150
Dorotea,Dobing,19,ddobing2@exblog.jp,725-216-7528,795 Myrtle Way,Cantuk Kidul,,Indonesia,
Ladonna,De Blasiis,60,ldeblasiis3@globo.com,200-779-9973,053 Surrey Terrace,Starobachaty,,Russia,652685
Saunder,Ranner,38,sranner4@imdb.com,650-966-5995,3 Evergreen Terrace,San Jose,California,United States,95113
Ab,Ogglebie,73,aogglebie5@virginia.edu,789-361-2284,0 Blackbird Hill,Lemland,,Aland Islands,22610
Denis,Manis,21,dmanis6@t.co,811-647-2825,98 Katie Avenue,Taremskoye,,Russia,606135
Batholomew,Colafate,84,bcolafate7@omniture.com,901-250-5018,5 Coolidge Alley,Marabahan,,Indonesia,
Dona,Shasnan,49,dshasnan8@google.it,274-675-0561,39 Armistice Place,Krasnoyarka,,Russia,346018
Stormi,Millington,56,smillington9@google.it,873-126-1856,126 Arrowood Point,Kanganpur,,Pakistan,55000
Sileas,MacAvddy,40,smacavddya@paginegialle.it,257-165-9334,774 Almo Road,Ampara,,Sri Lanka,32000
Viola,Strutley,63,vstrutleyb@pbs.org,391-625-8098,40539 Old Gate Center,Gustavsberg,Stockholm,Sweden,134 40
Joscelin,Clemenzi,34,jclemenzic@cloudflare.com,888-303-3943,00831 Vernon Way,Al Fayyūm,,Egypt,
Brendan,Silly,32,bsillyd@artisteer.com,271-731-7424,611 2nd Plaza,Rassvet,,Russia,140482
Giovanni,Took,53,gtooke@jiathis.com,494-175-7572,19056 Butterfield Crossing,Suez,,Egypt,
Kim,Gabits,18,kgabitsf@utexas.edu,701-949-2836,4906 Chinook Pass,Isdalstø,Hordaland,Norway,5914
Daryl,Howse,51,dhowseg@berkeley.edu,397-322-2531,36 Armistice Lane,Tibakisa,,Indonesia,
Kimmy,Dudbridge,73,kdudbridgeh@google.ca,768-537-3492,9 Darwin Alley,Malakhovka,,Russia,391846
Callie,Filipiak,24,cfilipiaki@mozilla.com,840-616-4777,458 Summerview Hill,Yanshan,,China,
Jolynn,Moscrop,57,jmoscropj@nifty.com,799-198-1176,3436 Blackbird Drive,Roissy Charles-de-Gaulle,Île-de-France,France,95915 CEDEX 2
Marnie,Heinssen,38,mheinssenk@google.co.jp,392-677-1705,77630 Sommers Way,Non Narai,,Thailand,10160
Neil,Francais,40,nfrancaisl@weather.com,399-553-8706,86 Emmet Crossing,Vårdö,,Aland Islands,22840
Chadwick,Dundendale,45,cdundendalem@virginia.edu,412-251-5255,3 Maryland Way,Barda,,Azerbaijan,
Kassi,Lamasna,56,klamasnan@yandex.ru,438-460-8465,7106 Brown Lane,Lobos,,Argentina,7240
Cindy,Earwicker,19,cearwickero@dropbox.com,194-180-4679,09190 Novick Place,Carot,,Philippines,2405
Madelin,Grabham,85,mgrabhamp@pen.io,459-866-4881,52 Northland Pass,Kunmi Erdi,,China,
Viva,Landeaux,21,vlandeauxq@answers.com,532-126-9052,2970 Orin Point,Lagawe,,Philippines,3600
Wittie,Clover,36,wcloverr@who.int,960-784-5515,65108 Charing Cross Pass,Pirallahı,,Azerbaijan,
Sandor,Boulding,84,sbouldings@naver.com,414-874-4401,49257 Starling Junction,San Marcos,,Peru,
Bari,McGroarty,62,bmcgroartyt@skyrock.com,433-265-3350,07904 Eastwood Park,Xiongguan,,China,
Myron,Bim,36,mbimu@blogspot.com,981-476-8866,118 Lillian Road,Pinsk,,Belarus,
Early,Verick,73,everickv@state.gov,707-849-8010,92999 Quincy Center,Leiguan,,China,
Joeann,Amberg,24,jambergw@redcross.org,983-209-5197,00 6th Avenue,Arthur’s Town,,Bahamas,
Petey,Flaverty,74,pflavertyx@about.me,307-829-9618,73 Fisk Alley,Talghar,,Kazakhstan,
Cozmo,Venes,43,cvenesy@github.io,642-754-9055,43537 Schurz Parkway,Oymak,,China,
Brnaba,Hewins,73,bhewinsz@scribd.com,257-172-8069,5 Riverside Junction,Nakhon Pathom,,Thailand,95140
Moira,Stirzaker,39,mstirzaker10@photobucket.com,308-885-8225,216 Hooker Road,Huolongping,,China,
Burty,O'Ruane,69,boruane11@java.com,796-774-3372,662 Hooker Street,Pinega,,Russia,164610
Bayard,Francesch,31,bfrancesch12@miibeian.gov.cn,228-526-1602,36782 Jackson Trail,Biloxi,Mississippi,United States,39534
Austina,Terbrug,43,aterbrug13@noaa.gov,967-635-9784,965 Burning Wood Plaza,Batiovo,,Ukraine,
Morry,Trippett,75,mtrippett14@qq.com,824-391-0355,246 Express Lane,Babakan,,Indonesia,
Jock,Toone,18,jtoone15@tripod.com,209-202-0000,88906 Graedel Junction,Chishui,,China,
Abram,Putterill,31,aputterill16@zimbio.com,702-719-2164,42921 Badeau Pass,Qiqian,,China,
Osborn,Woloschin,57,owoloschin17@netvibes.com,672-569-6301,6 Portage Drive,Santa Gertrudes,,Brazil,13510-000
Cirillo,Grimshaw,26,cgrimshaw18@scribd.com,219-363-2047,1458 Ramsey Circle,Sonzacate,,El Salvador,
Koenraad,Muncaster,33,kmuncaster19@moonfruit.com,155-327-2299,5724 Northwestern Street,Cikai,,China,
Scarlett,Mannock,54,smannock1a@tiny.cc,197-221-3638,3 Gerald Place,Bolesławiec,,Poland,98-430
Zaccaria,Tilne,42,ztilne1b@google.ru,479-391-4617,19 Blaine Drive,Sibiti,,Republic of the Congo,
Reese,Denisard,58,rdenisard1c@yellowpages.com,969-905-6358,2485 Caliangt Terrace,Subrag,,China,
Tulley,Crownshaw,44,tcrownshaw1d@360.cn,702-290-9286,20 Hudson Court,Komprachcice,,Poland,46-070
Alyss,Foard,49,afoard1e@gizmodo.com,953-235-5364,77 Paget Point,Pyatigorskiy,,Russia,102192
Correna,Broadis,66,cbroadis1f@posterous.com,979-547-1410,33 Algoma Center,Río Bueno,,Chile,
Vanya,Monini,49,vmonini1g@weebly.com,562-996-9258,77 Miller Point,Krzeszów,,Poland,58-405
Tove,Arnely,80,tarnely1h@engadget.com,574-319-9284,60792 Starling Crossing,Dianfang,,China,
Tanhya,Moohan,75,tmoohan1i@bloglovin.com,246-219-2944,448 Memorial Road,Belém,,Brazil,58255-000
Oswell,Tanswill,45,otanswill1j@eventbrite.com,861-954-0521,8 Canary Place,Mirkovci,,Croatia,32100
Melony,Mawne,35,mmawne1k@imdb.com,181-884-7250,7256 Schiller Terrace,Bayanhoshuu,,Mongolia,
Dyan,O'Gorman,35,dogorman1l@t.co,167-599-9098,2 Prentice Park,Basicao Coastal,,Philippines,1267
Dot,Hayto,78,dhayto1m@surveymonkey.com,239-912-9345,6949 North Parkway,Ilovlya,,Russia,403070
Loreen,Bridal,47,lbridal1n@miitbeian.gov.cn,947-813-0588,277 Bluestem Place,Concepcion,,Philippines,7213
Abby,Andrieux,58,aandrieux1o@yolasite.com,488-768-6296,8282 Morrow Center,Hulyaypole,,Ukraine,
Sibyl,Shucksmith,47,sshucksmith1p@networksolutions.com,116-804-3090,655 Atwood Center,Bolian,,China,
Poppy,Velti,32,pvelti1q@cargocollective.com,746-990-4290,2 Schurz Trail,Nazrēt,,Ethiopia,
Amalia,Filippazzo,34,afilippazzo1r@paginegialle.it,890-410-5907,90 Blaine Crossing,Jalasenga,,Indonesia,
Ebenezer,Hanbridge,33,ehanbridge1s@de.vu,695-775-5351,75 Warrior Lane,Consolación del Sur,,Cuba,
Ekaterina,Amy,65,eamy1t@bizjournals.com,161-835-7818,57766 Riverside Road,Kawage,,Japan,519-0142
Edee,Bulcroft,46,ebulcroft1u@ft.com,196-995-8447,4706 Fair Oaks Parkway,Capitán Solari,,Argentina,3515
Sarah,Tampion,62,stampion1v@pen.io,564-396-4487,01 Lakeland Point,Kosong,,South Korea,
Abbie,Measom,37,ameasom1w@techcrunch.com,279-188-3098,35 Moulton Circle,Phuthaditjhaba,,South Africa,9869
Marin,Kenwood,69,mkenwood1x@gravatar.com,647-734-5519,3 Del Sol Alley,Xinshi,,China,
Dina,Bushel,55,dbushel1y@globo.com,611-454-5032,225 Myrtle Terrace,Botoh,,Indonesia,
Deny,Kless,73,dkless1z@pen.io,570-153-4489,83340 Holmberg Parkway,Wilkes Barre,Pennsylvania,United States,18706
Alexi,Neads,24,aneads20@sina.com.cn,842-921-6830,15135 Northport Place,Bordeaux,Aquitaine,France,33060 CEDEX
Timothy,Bascomb,46,tbascomb21@noaa.gov,723-309-4640,34536 Nevada Pass,Dolno Palčište,,Macedonia,1219
Guillema,Pountain,60,gpountain22@businessweek.com,362-748-4421,558 Hanson Place,Aranguren,,Argentina,3162
Kyla,Brecon,50,kbrecon23@ameblo.jp,677-367-6688,06 Dexter Lane,Tiébo,,Senegal,
Clywd,Battle,65,cbattle24@pinterest.com,526-321-6161,2554 Merrick Pass,Paço,Lisboa,Portugal,2530-692
Chris,O'Conor,31,coconor25@naver.com,730-848-6728,53 Fallview Parkway,Beihe,,China,
Tibold,Marchent,18,tmarchent26@ucsd.edu,316-148-0879,3 Hanson Crossing,Jand,,Pakistan,50251
Felice,Laugherane,39,flaugherane27@chicagotribune.com,843-334-3863,2 Mcguire Avenue,Daxi,,China,
Callie,Orrom,51,corrom28@kickstarter.com,707-929-0957,4 Village Hill,Cirangkong,,Indonesia,
Madelle,Rycroft,29,mrycroft29@mac.com,256-339-6135,2312 School Lane,Fenoarivo Be,,Madagascar,
Meggy,Tylor,45,mtylor2a@stanford.edu,338-882-5588,2 Sullivan Road,Skövde,Västra Götaland,Sweden,541 70
Cherry,Joincey,23,cjoincey2b@usa.gov,611-794-1169,713 Annamark Junction,Grudë-Fushë,,Albania,
Chicky,Tupman,58,ctupman2c@sakura.ne.jp,695-939-0793,81 Calypso Pass,Muzambinho,,Brazil,37890-000
Ezra,Bessett,41,ebessett2d@youku.com,976-919-0146,702 Ilene Lane,Dakingari,,Nigeria,
Gertie,Hamnet,84,ghamnet2e@example.com,965-279-7985,6 Homewood Lane,Xiaheqing,,China,
Ruddie,Dykes,33,rdykes2f@unc.edu,654-218-6004,927 Truax Alley,Barretos,,Brazil,14780-000
Denise,Thunder,83,dthunder2g@china.com.cn,413-837-9663,7 Cardinal Road,Chebba,,Tunisia,
Lynett,Whiskerd,27,lwhiskerd2h@youtube.com,557-462-3676,86 Gerald Parkway,Svedala,Skåne,Sweden,233 94
Ebonee,McCrachen,72,emccrachen2i@nytimes.com,412-461-8495,4 Merrick Parkway,Zheleznodorozhnyy,,Russia,393925
Baird,Nelmes,83,bnelmes2j@apple.com,156-976-6777,5 Stang Crossing,Melioratyvne,,Ukraine,
Darren,Wrenn,81,dwrenn2k@squarespace.com,205-417-5448,5828 Sauthoff Circle,Birmingham,Alabama,United States,35215
Akim,Concklin,59,aconcklin2l@un.org,813-849-3408,71784 Eagle Crest Place,Corzuela,,Argentina,3718
Lilyan,Schooling,67,lschooling2m@1und1.de,671-137-6605,487 Mesta Trail,Johor Bahru,Johor,Malaysia,81310
Nial,Giacoboni,24,ngiacoboni2n@ucla.edu,813-515-1587,78 Di Loreto Street,Tabuny,,Russia,658860
Letta,Nobes,19,lnobes2o@stumbleupon.com,902-735-2538,116 Mosinee Way,Honglai,,China,
Renaud,Notley,36,rnotley2p@uiuc.edu,765-922-5576,49 Meadow Valley Place,Jieyang,,China,
Marve,Hickin,76,mhickin2q@yelp.com,489-642-7985,3 Bunting Park,Cergy-Pontoise,Île-de-France,France,95061 CEDEX 1
Oriana,Gravey,40,ogravey2r@bbc.co.uk,696-282-0036,64915 Burning Wood Hill,Yeyik,,China,
Hewe,Allen,82,hallen2s@creativecommons.org,250-257-7036,263 Clemons Park,Prigrevica,,Serbia,
Farand,Sherston,76,fsherston2t@constantcontact.com,198-136-9116,47 Warner Junction,Tirmiz,,Uzbekistan,
Lavinie,Vannet,77,lvannet2u@imageshack.us,599-263-1493,39463 Larry Drive,Nizhnyaya Tura,,Russia,216646
Janie,Hanselmann,41,jhanselmann2v@icio.us,617-862-9543,5451 Vidon Trail,Sainte-Luce-sur-Loire,Pays de la Loire,France,44984 CEDEX
Zebedee,Battyll,74,zbattyll2w@weibo.com,538-582-7856,7400 Melrose Alley,Situ,,China,
Brian,Huxham,28,bhuxham2x@usda.gov,570-128-4279,93 Randy Crossing,Seltjarnarnes,,Iceland,172
Hollie,McLelland,31,hmclelland2y@ameblo.jp,619-389-8566,111 Washington Plaza,Majagual,,Colombia,703058
Ibbie,Burry,83,iburry2z@state.tx.us,278-551-2184,2898 Novick Hill,Mirandela,Bragança,Portugal,5370-182
Toni,Hearson,29,thearson30@va.gov,667-543-5135,6 Goodland Junction,Araucária,,Brazil,83700-000
Barthel,Orris,30,borris31@economist.com,846-170-7846,6221 Corben Parkway,Jiangkou,,China,
Ewen,McElree,66,emcelree32@nps.gov,510-209-8201,68 Dwight Pass,Itanhandu,,Brazil,37464-000
Malva,Pandey,83,mpandey33@studiopress.com,298-713-3033,37 Dryden Plaza,Linggamanik,,Indonesia,
Idelle,Timothy,41,itimothy34@ameblo.jp,755-107-9949,33 Arkansas Circle,La Cruz de Taratara,,Venezuela,
Giffer,Caulier,24,gcaulier35@gnu.org,774-285-3217,9 Victoria Point,Satuek,,Thailand,31150
Orton,Mulcock,63,omulcock36@mayoclinic.com,481-569-2962,469 Amoth Pass,Kněžpole,,Czech Republic,793 51
Emory,Hughs,32,ehughs37@github.io,313-612-0844,610 8th Junction,Feuknoni,,Indonesia,
Ezri,Lesurf,53,elesurf38@moonfruit.com,968-852-6345,138 Brickson Park Avenue,San Rafael Petzal,,Guatemala,13028
Aile,Pomphrett,80,apomphrett39@themeforest.net,355-129-7120,24173 Esch Pass,Boaco,,Nicaragua,
Stirling,Olfert,35,solfert3a@instagram.com,617-703-2608,73115 Huxley Point,Mariquita,,Colombia,732028
Rhett,Divis,24,rdivis3b@slideshare.net,789-328-5020,749 Burning Wood Parkway,Smithers,British Columbia,Canada,P3N
Cirillo,Jenteau,67,cjenteau3c@123-reg.co.uk,613-664-4505,5 Welch Plaza,Umm Kaddadah,,Sudan,
Normy,Eslemont,70,neslemont3d@goodreads.com,551-602-4677,279 Stang Circle,Elias Fausto,,Brazil,13350-000
Bird,Sansom,57,bsansom3e@netscape.com,772-240-6855,0 Rusk Crossing,Bayramaly,,Turkmenistan,
Perry,Chewter,80,pchewter3f@prlog.org,414-956-6070,3813 Mesta Street,Kusatsu,,Japan,999-8207
Robin,Baysting,18,rbaysting3g@qq.com,455-566-6062,948 Porter Street,Folques,Coimbra,Portugal,3300-265
Cello,Theobold,69,ctheobold3h@ucsd.edu,311-642-9255,4876 Lakewood Pass,Banjar Taro Kelod,,Indonesia,
Killy,Collomosse,27,kcollomosse3i@umich.edu,715-988-4297,21 Basil Parkway,Caramuca,,Venezuela,
Miof mela,Hicklingbottom,82,mhicklingbottom3j@ameblo.jp,516-471-8711,03 Stephen Park,Zaječar,,Serbia,
Bea,Pallin,54,bpallin3k@ycombinator.com,376-236-0867,90 Straubel Street,Amagasaki,,Japan,663-8247
Giuditta,Belham,40,gbelham3l@rediff.com,112-362-6083,03693 Elgar Parkway,Krahës,,Albania,
Susanetta,Bakey,66,sbakey3m@nature.com,656-358-5344,66155 Brown Plaza,Futian,,China,
Valenka,Brill,65,vbrill3n@sfgate.com,506-807-7604,0256 Lake View Way,Batulenger Barat,,Indonesia,
Jenilee,Casari,23,jcasari3o@nbcnews.com,185-207-9339,286 Northport Circle,Wisła,,Poland,43-460
Mendel,Greenhalgh,77,mgreenhalgh3p@state.tx.us,811-433-2687,77 Ludington Junction,Chengnan,,China,
Jameson,Kamen,55,jkamen3q@xrea.com,759-492-4701,041 Blue Bill Park Plaza,Akebielidou,,China,
Tadio,Tomney,60,ttomney3r@examiner.com,407-731-6437,2 Gina Trail,Šenčur,,Slovenia,4208
Lind,Stainton - Skinn,72,lstaintonskinn3s@a8.net,960-851-4319,0875 Vahlen Avenue,Curibaya,,Peru,
Clerc,Kilminster,83,ckilminster3t@comsenz.com,636-689-7829,30 Calypso Park,Kompóti,,Greece,
Beret,Whebell,62,bwhebell3u@home.pl,322-394-4791,60582 Mosinee Terrace,Korçë,,Albania,
Heloise,Hallums,71,hhallums3v@tripadvisor.com,865-985-5682,83 Sutherland Place,Kota Kinabalu,Sabah,Malaysia,88827
Morna,Guidi,68,mguidi3w@godaddy.com,968-684-8062,0 Blue Bill Park Hill,Nanterre,Île-de-France,France,92019 CEDEX
Allissa,Huke,35,ahuke3x@dailymotion.com,813-867-6788,9 Ridgeway Terrace,Yanwukou,,China,
Isabeau,O' Timony,63,iotimony3y@economist.com,636-769-2337,76492 Norway Maple Plaza,Köln,Nordrhein-Westfalen,Germany,50935
Malina,Yorath,66,myorath3z@mediafire.com,235-570-9253,6 Kensington Circle,Bolhrad,,Ukraine,
Vanda,Zanassi,33,vzanassi40@huffingtonpost.com,897-155-1506,17 Grasskamp Hill,Saltsjöbaden,Stockholm,Sweden,133 34
Bertina,Pilch,83,bpilch41@aboutads.info,375-222-5346,13 Loeprich Street,Murów,,Poland,46-030
Neile,Aldren,76,naldren42@technorati.com,674-386-7446,179 Summit Junction,Cikiray,,Indonesia,
Maurizia,Guitt,32,mguitt43@shutterfly.com,809-587-7253,2474 Basil Crossing,Monção,Viana do Castelo,Portugal,4950-416
Tiffani,Guiduzzi,73,tguiduzzi44@independent.co.uk,453-549-3302,3 Jenna Point,Varginha,,Brazil,37000-000
Lucien,Elson,50,lelson45@wiley.com,688-221-5601,3 Elka Circle,Patitírion,,Greece,
Rurik,Gleadhell,56,rgleadhell46@ted.com,388-561-3017,36 Rowland Alley,Kalchevaya,,Ukraine,
Irwin,Farfoot,26,ifarfoot47@last.fm,112-902-5355,7 Kenwood Road,Volzhskiy,,Russia,404109
Ernie,Ridings,57,eridings48@bluehost.com,131-788-3331,0634 Sunfield Parkway,Xiamao,,China,
Maegan,Fuentez,50,mfuentez49@intel.com,933-715-8015,647 Prairieview Lane,Cerkvenjak,,Slovenia,2236
Markos,Ginnelly,85,mginnelly4a@imgur.com,709-815-9677,79738 Rowland Trail,Ngã Bảy,,Vietnam,
Matilda,McPhail,62,mmcphail4b@spotify.com,355-149-1569,09797 Drewry Parkway,Mboto,,Indonesia,
Vincenz,Van der Baaren,18,vvanderbaaren4c@parallels.com,935-116-1687,889 Del Sol Court,Opinogóra Górna,,Poland,06-406
Maisey,Olrenshaw,84,molrenshaw4d@rediff.com,404-719-5592,0906 Atwood Way,Tây Hồ,,Vietnam,
Hermon,Witherbed,52,hwitherbed4e@multiply.com,281-828-7656,291 Chive Drive,Alistráti,,Greece,
Agnella,Rehm,62,arehm4f@etsy.com,311-368-1644,720 Waubesa Center,Sourotí,,Greece,
Ladonna,Avis,77,lavis4g@tripod.com,918-741-8517,77 David Court,Qom,,Iran,
Lindy,Hollyer,51,lhollyer4h@a8.net,913-236-7982,84 Golf View Hill,Comandante Fontana,,Argentina,3620
Rollie,Gauler,32,rgauler4i@furl.net,191-375-4823,39619 Shoshone Point,Xianglong,,China,
Min,Baseggio,33,mbaseggio4j@cnet.com,279-195-5355,20 Michigan Junction,Orodara,,Burkina Faso,
Imelda,Wraith,68,iwraith4k@alibaba.com,157-516-0202,975 Almo Court,Laraos,,Peru,
Wally,Aspey,27,waspey4l@a8.net,651-569-0208,1847 Londonderry Terrace,Thị Trấn Bình Mỹ,,Vietnam,
Jayme,Chiddy,62,jchiddy4m@xinhuanet.com,955-993-1434,3 Pennsylvania Circle,Fernández,,Argentina,4322
Lacy,Kelland,28,lkelland4n@latimes.com,792-811-3842,15 Forest Dale Place,Vykhino-Zhulebino,,Russia,140454
Margalit,Ottee,39,mottee4o@java.com,413-419-3848,799 Arrowood Drive,Pnikut,,Ukraine,
Meryl,Woolforde,34,mwoolforde4p@facebook.com,730-604-9671,21 School Terrace,Orodo,,Nigeria,
Brock,Keppy,37,bkeppy4q@yahoo.com,110-295-9737,770 Kingsford Terrace,Orvalho,Castelo Branco,Portugal,6185-302
Ky,Kitchenham,20,kkitchenham4r@shinystat.com,806-907-6656,80 Packers Drive,Enshi,,China,
Gonzalo,Botterman,82,gbotterman4s@bravesites.com,686-449-2554,5864 Hooker Pass,Knyaginino,,Russia,606340
Emmie,Vanyakin,30,evanyakin4t@symantec.com,904-798-9378,2 Ilene Lane,Kasina Wielka,,Poland,34-741
Alley,Jerok,52,ajerok4u@statcounter.com,747-380-9274,480 Ronald Regan Terrace,Bagahanlad,,Philippines,5418
Stevy,Bortolini,60,sbortolini4v@github.io,796-849-7770,34 Arizona Place,Argostólion,,Greece,
Sterne,Yerill,79,syerill4w@youtu.be,250-472-1461,6 Trailsway Place,Fatuulan,,Indonesia,
Rozanna,Tockell,24,rtockell4x@eepurl.com,859-584-0692,22115 Golf Street,Kirovohrad,,Ukraine,
Salomon,Fewell,22,sfewell4y@moonfruit.com,132-839-6589,6 Morning Hill,Chouto,Santarém,Portugal,2140-215
Conny,McIlriach,23,cmcilriach4z@wired.com,521-646-0941,0 Ryan Parkway,Carigara,,Philippines,6529
Glenn,Briance,58,gbriance50@tiny.cc,366-552-7806,48 South Court,Horta,Ilha do Faial,Portugal,9900-016
Lulita,Rawes,40,lrawes51@jugem.jp,211-575-9657,03666 Sunbrook Center,Kasimov,,Russia,391360
Murry,Eglinton,77,meglinton52@theglobeandmail.com,785-531-9540,8 Stone Corner Place,Aba,,Nigeria,
Theodosia,Harrop,21,tharrop53@tmall.com,360-873-0652,35 Tennessee Way,Singa,,Peru,
Lorena,Mayhou,80,lmayhou54@imgur.com,422-885-2903,8 Weeping Birch Point,Waitakere,,New Zealand,0782
Gracie,Tumilty,40,gtumilty55@adobe.com,633-855-6753,21 Hayes Plaza,Schellenberg,,Liechtenstein,9488
Cleon,Larkby,67,clarkby56@washingtonpost.com,566-886-3721,292 Randy Hill,Yashiga,,China,
Arlena,Lockitt,81,alockitt57@cocolog-nifty.com,586-384-2976,40015 Gale Place,Santa Rosa,,Uruguay,
Freddy,Plaschke,54,fplaschke58@163.com,146-617-5707,52086 Lotheville Terrace,Shanshu,,China,
Janifer,Croasdale,54,jcroasdale59@mit.edu,716-237-7592,957 Superior Street,Noenoni,,Indonesia,
Cassi,Eustace,77,ceustace5a@behance.net,966-645-5088,76498 Lakewood Gardens Alley,Amvrosiyivka,,Ukraine,
Gerardo,Carlin,68,gcarlin5b@quantcast.com,901-137-0652,01 Lake View Avenue,Algarvia,Ilha de São Miguel,Portugal,9630-224
Milka,Blues,51,mblues5c@google.com.hk,590-255-3199,129 Melrose Court,Студеничани,,Macedonia,2436
Flossie,Brainsby,21,fbrainsby5d@google.cn,247-269-2586,3 Donald Pass,Cikabuyutan Barat,,Indonesia,
Lenna,Kidds,51,lkidds5e@nature.com,413-882-4958,2 Jana Point,Vincennes,Île-de-France,France,94309 CEDEX
Jillana,Folomin,44,jfolomin5f@github.io,505-391-3275,313 Division Terrace,Santa Fe,New Mexico,United States,87505
Isabelle,Borles,54,iborles5g@webmd.com,894-167-5830,5712 Ryan Crossing,Jargalant,,Mongolia,
Willie,Bellsham,22,wbellsham5h@etsy.com,863-198-7529,13 Paget Avenue,Paranapanema,,Brazil,18720-000
Edwina,Lugard,42,elugard5i@people.com.cn,400-679-2600,86 Sachs Drive,Daqian,,China,
Harli,Daniels,62,hdaniels5j@sciencedaily.com,542-473-4472,6496 Ronald Regan Point,Velyki Sorochyntsi,,Ukraine,
Pearl,Sartain,46,psartain5k@arstechnica.com,578-173-0546,6074 Johnson Court,Bofuer,,Indonesia,
Leanora,Godmer,35,lgodmer5l@nsw.gov.au,539-475-8988,088 Mallory Circle,Arauquita,,Colombia,816019
Sile,Van Giffen,49,svangiffen5m@canalblog.com,951-332-9089,6111 New Castle Junction,Changcun,,China,
Kellina,Schuricke,55,kschuricke5n@independent.co.uk,761-217-2402,1984 Summerview Point,Kui Buri,,Thailand,77150
Vernice,Fullwood,20,vfullwood5o@wikispaces.com,213-350-4033,459 Union Crossing,Áthyra,,Greece,
Bogart,Fitter,51,bfitter5p@marketwatch.com,589-625-5913,638 Mayfield Hill,La Huerta,Mexico,Mexico,53338
York,Eacott,77,yeacott5q@dyndns.org,115-478-0246,4 Meadow Valley Place,Naji,,China,
Antonietta,Bodemeaid,60,abodemeaid5r@newsvine.com,287-282-5547,3729 Bunting Trail,Nueva Italia,,Paraguay,
Tomlin,Valti,34,tvalti5s@amazon.de,225-983-8048,64 Kropf Plaza,Peseng,,Indonesia,
Ricki,Prudham,38,rprudham5t@goo.ne.jp,295-597-7516,854 Swallow Drive,Pantenan,,Indonesia,
Goldy,Petrashkov,22,gpetrashkov5u@ocn.ne.jp,198-585-8398,3 Prairieview Lane,Chwałowice,,Poland,27-630
Alysia,McCormack,79,amccormack5v@craigslist.org,535-348-3842,8374 Loeprich Road,Xifengshan,,China,
Nan,Pau,73,npau5w@amazonaws.com,682-486-7317,14 Oneill Hill,Paris 07,Île-de-France,France,75321 CEDEX 07
Diann,Steen,57,dsteen5x@ow.ly,976-201-6631,043 Longview Avenue,Kuala Lumpur,Kuala Lumpur,Malaysia,50913
Shirl,Varnham,42,svarnham5y@woothemes.com,696-212-7047,270 Corben Avenue,Costa de Rios Frios,Coimbra,Portugal,3025-592
Valeda,Benck,25,vbenck5z@mapquest.com,265-405-7334,165 Shelley Crossing,Cabugao,,Philippines,2732
Johannah,Archambault,71,jarchambault60@free.fr,392-334-0297,1 Lukken Alley,Shuishiying,,China,
Glenine,Forgie,39,gforgie61@ihg.com,499-106-1923,6 Mandrake Crossing,Markaryd,Kronoberg,Sweden,285 35
Jacky,Heinonen,62,jheinonen62@zimbio.com,604-838-9730,91045 Truax Junction,Mucifal,Lisboa,Portugal,2705-215
Gilbert,Bemwell,75,gbemwell63@dropbox.com,916-619-2460,18 Ryan Junction,Sacramento,California,United States,95894
Giff,Joice,55,gjoice64@shinystat.com,722-947-4226,74256 Troy Plaza,Seren,,Indonesia,
Arlee,Iorillo,18,aiorillo65@wp.com,147-781-5778,7155 Menomonie Road,Bonak,,Indonesia,
Birch,Marchent,33,bmarchent66@meetup.com,792-212-4955,96 Blaine Center,Challhuahuacho,,Peru,
Maiga,Mandrier,58,mmandrier67@vistaprint.com,360-874-5355,3 Blackbird Trail,Itaúna,,Brazil,35680-000
Dodie,Geake,76,dgeake68@time.com,674-706-7577,9900 Coleman Drive,Niedźwiedź,,Poland,34-735
Dita,McNeil,57,dmcneil69@multiply.com,535-944-7982,4033 Village Hill,Tegallega,,Indonesia,
Claire,Juzek,51,cjuzek6a@noaa.gov,846-871-2047,1510 Union Street,Zhukovskiy,,Russia,142143
Isahella,Loiterton,38,iloiterton6b@marketwatch.com,920-947-7814,7430 Ridgeview Junction,Zaoshi,,China,
Zorah,Gillbanks,21,zgillbanks6c@woothemes.com,917-767-4045,2205 Schlimgen Point,Lumijoki,,Finland,91980
Byrann,Showering,22,bshowering6d@ovh.net,336-897-0055,6 Spenser Way,Moorreesburg,,South Africa,7312
Jaclyn,Lymer,28,jlymer6e@edublogs.org,257-255-0614,74831 Springs Place,Bjuv,Skåne,Sweden,267 35
Liane,MacKomb,77,lmackomb6f@statcounter.com,104-832-1892,385 Debs Crossing,Chalon-sur-Saône,Bourgogne,France,71332 CEDEX
Galen,McKeller,31,gmckeller6g@blogspot.com,193-118-7896,0506 Ridge Oak Junction,Tambir,,Indonesia,
Marie,Weddell,33,mweddell6h@squidoo.com,515-542-7758,7356 Loeprich Trail,København,Region Hovedstaden,Denmark,1707
Carleen,Labdon,57,clabdon6i@desdev.cn,190-525-1513,887 Vera Avenue,Bobrov,,Russia,397706
Sandi,Meeland,50,smeeland6j@delicious.com,995-465-2198,9 Memorial Lane,Narutochō-mitsuishi,,Japan,779-0311
Sharyl,Glede,79,sglede6k@illinois.edu,704-519-0126,9 Iowa Trail,Benito Juarez,Chihuahua,Mexico,31540
Meris,Scarlin,60,mscarlin6l@dion.ne.jp,514-774-0964,05231 Carey Pass,San José de Río Tinto,,Honduras,
Caroljean,Acland,31,cacland6m@vkontakte.ru,456-852-6380,67135 Prentice Circle,Stanowice,,Poland,44-247
Jacobo,Broszkiewicz,84,jbroszkiewicz6n@behance.net,856-909-8950,7 Anhalt Trail,Boncong,,Indonesia,
Dorise,Gabotti,62,dgabotti6o@forbes.com,639-687-2342,941 Gale Way,Yajiwa,,Nigeria,
Rena,Yakhin,71,ryakhin6p@cnn.com,504-266-1398,6375 North Crossing,Biały Bór,,Poland,78-425
Isabelle,Dilworth,43,idilworth6q@walmart.com,447-282-6447,20999 Anderson Junction,Affery,,Ivory Coast,
Shalom,Essam,48,sessam6r@parallels.com,492-101-6077,0480 Manley Parkway,Prosperidad,,Philippines,4107
Astrid,Eloy,34,aeloy6s@nytimes.com,748-959-1734,64490 Esch Place,Ōfunato,,Japan,410-0871
Morganica,Starton,18,mstarton6t@gizmodo.com,570-604-6168,705 Pawling Hill,Orerokpe,,Nigeria,
Tani,Benkhe,19,tbenkhe6u@google.pl,422-190-7612,78 Stoughton Pass,Tomioka,,Japan,999-8524
Pinchas,Shoebotham,73,pshoebotham6v@hostgator.com,329-207-8053,8 Steensland Parkway,Yongfu,,China,
Sindee,Macy,37,smacy6w@jugem.jp,307-259-8905,90166 Express Circle,Bilalang,,Indonesia,
Florenza,Umpleby,42,fumpleby6x@washington.edu,175-127-1996,71 Graedel Junction,Lazaro Cardenas,Mexico,Mexico,55407
Laraine,Borrell,30,lborrell6y@etsy.com,324-903-7794,238 Fremont Junction,Uzdin,,Serbia,
Lira,Regelous,18,lregelous6z@jalbum.net,397-826-9637,94488 Heffernan Way,Wawa,,Philippines,5108
Allister,McNalley,33,amcnalley70@cmu.edu,659-936-2991,576 Manitowish Road,Energeticheskiy,,Kazakhstan,
Faustina,Baumber,68,fbaumber71@engadget.com,975-826-7172,70 Mifflin Center,Santa Maria,,Philippines,8011
Jennee,Lefeaver,52,jlefeaver72@canalblog.com,275-553-7846,24016 Northridge Park,Xaysetha,,Laos,
Koenraad,Hewins,79,khewins73@github.com,320-856-8865,290 Loftsgordon Way,Stenungsund,Västra Götaland,Sweden,444 32
Toby,Longhorne,24,tlonghorne74@china.com.cn,478-901-9452,2218 Declaration Trail,Johor Bahru,Johor,Malaysia,80500
Aliza,Piatek,42,apiatek75@slate.com,799-650-3833,83095 Meadow Ridge Trail,Trinidad,,Peru,
Karlens,Christoffersen,59,kchristoffersen76@prlog.org,797-917-2929,71003 Hermina Parkway,Arnhem,Provincie Gelderland,Netherlands,6824
Jeromy,Tomkys,85,jtomkys77@cmu.edu,629-339-0090,28 Sugar Trail,Asan-Maina Village,,Guam,96925
Marj,Olver,77,molver78@wikispaces.com,408-639-6002,9647 Vera Place,Glamang,,Philippines,9504
Julianne,Coles,62,jcoles79@uiuc.edu,588-582-7826,2848 Dapin Plaza,Chanhe,,China,
Maxwell,Hyatt,72,mhyatt7a@blogger.com,723-109-5467,90 Dapin Crossing,Matiguás,,Nicaragua,
Karna,Dumbrill,24,kdumbrill7b@prweb.com,828-932-4850,654 Spenser Point,Sulengwaseng,,Indonesia,
Erwin,Stoney,37,estoney7c@businessweek.com,323-714-2992,5 Cottonwood Junction,Van Nuys,California,United States,91406
Willyt,Mullin,78,wmullin7d@abc.net.au,980-786-8410,39336 Stuart Alley,Shiziling,,China,
Mallissa,Hoggin,35,mhoggin7e@t-online.de,380-848-6914,77978 Paget Hill,Nan’an,,China,
Yard,Clipson,18,yclipson7f@sourceforge.net,260-850-3507,60 Sycamore Park,Masatepe,,Nicaragua,
Caryl,Doohey,55,cdoohey7g@pcworld.com,469-423-6967,6168 Hooker Road,Cahabón,,Guatemala,16012
Duff,De Roberto,31,dderoberto7h@people.com.cn,439-806-0987,5714 Old Gate Street,Enhe Hada,,China,
Beulah,Twohig,77,btwohig7i@elegantthemes.com,661-959-5344,70 American Alley,Itambé,,Brazil,55920-000
Evangelia,Sallarie,18,esallarie7j@state.gov,292-538-2720,8872 4th Avenue,Harbin,,China,
Hilde,Tullot,66,htullot7k@usda.gov,229-279-4593,788 Graceland Point,Aengceleng,,Indonesia,
Alta,Goodspeed,60,agoodspeed7l@chronoengine.com,121-818-4064,50003 Sunbrook Junction,Padova,Veneto,Italy,35129
Piotr,Dewdney,65,pdewdney7m@ovh.net,506-668-9490,7 Hazelcrest Crossing,Gwio Kura,,Nigeria,
Yorke,Teaze,63,yteaze7n@xing.com,155-329-8195,682 Hagan Trail,Bánica,,Dominican Republic,10802
Drusilla,Northrop,54,dnorthrop7o@virginia.edu,338-471-2154,40880 Golf Hill,Gävle,Gävleborg,Sweden,801 38
Max,Spoor,32,mspoor7p@livejournal.com,447-279-4611,14638 International Street,Valkeakoski,,Finland,37630
Cale,Ioselevich,65,cioselevich7q@indiegogo.com,589-451-8744,2587 Caliangt Park,Järfälla,Stockholm,Sweden,175 61
Bendicty,Benedtti,79,bbenedtti7r@flickr.com,210-450-7466,360 Glacier Hill Way,Bagikkedok Lauk,,Indonesia,
Shirline,Gresly,38,sgresly7s@marriott.com,525-266-6185,8717 Graedel Hill,Gnojnica,,Bosnia and Herzegovina,
Frances,Caesman,20,fcaesman7t@cisco.com,278-276-2371,09 Fallview Place,Lamphun,,Thailand,51000
Consalve,Tabord,51,ctabord7u@symantec.com,307-136-9751,38967 Schurz Point,Farsta,Stockholm,Sweden,123 71
Clementine,Juza,24,cjuza7v@about.com,470-694-8607,3873 Maple Avenue,Pho Duc,,Vietnam,
Kaila,Stonard,39,kstonard7w@t.co,402-207-4060,8 Buell Avenue,Bolyarovo,,Bulgaria,8736
Ursa,Patty,56,upatty7x@last.fm,898-267-7766,807 Vidon Center,Sadar Bazar,Uttar Pradesh,India,281002
Opaline,Matoshin,52,omatoshin7y@nydailynews.com,191-237-3297,8 Vernon Trail,Polepy,,Czech Republic,411 47
Teddie,Gaunson,41,tgaunson7z@newsvine.com,454-896-4924,0949 Morningstar Center,Youyun,,China,
Olia,Bentzen,26,obentzen80@blogspot.com,639-520-7939,1 Village Road,Mikhaylovskoye,,Russia,363121
Morton,Dibbin,50,mdibbin81@miitbeian.gov.cn,850-793-4709,5181 Valley Edge Park,Pensacola,Florida,United States,32505
Issie,Moncreif,23,imoncreif82@miibeian.gov.cn,534-319-6300,222 Oak Pass,Ishqoshim,,Tajikistan,
Lutero,Lankham,34,llankham83@huffingtonpost.com,673-774-7649,58 Continental Hill,Tangjiawan,,China,
Ivy,Dowle,60,idowle84@webnode.com,267-334-2274,13584 Fairfield Park,Staraya Kupavna,,Russia,142450
Sonnnie,Staniland,72,sstaniland85@diigo.com,758-975-6188,731 Norway Maple Drive,Czerniejewo,,Poland,62-250
Karlotta,Milbank,40,kmilbank86@apple.com,122-237-3718,57484 Bluejay Park,Jingyao,,China,
Salomone,Sollime,27,ssollime87@dot.gov,942-825-4630,67879 Stoughton Point,Levallois-Perret,Île-de-France,France,92691 CEDEX
Kamilah,Barr,84,kbarr88@hatena.ne.jp,648-441-7479,56 Buena Vista Junction,Lajkovac,,Serbia,
Francisca,Jacquemet,19,fjacquemet89@t-online.de,709-580-8210,91126 Dorton Pass,Gayabaru,,Indonesia,
Blondell,Pinxton,35,bpinxton8a@yellowbook.com,675-948-3846,3 Eliot Road,Solânea,,Brazil,58225-000
Willamina,Tivenan,56,wtivenan8b@economist.com,283-530-3950,9477 Scofield Point,Danilov,,Russia,152070
Lora,Defty,56,ldefty8c@businessweek.com,440-658-0994,4895 Luster Center,Topi,,Pakistan,23460
Dahlia,Wicklen,68,dwicklen8d@columbia.edu,641-246-1432,9913 Michigan Avenue,Pandean,,Indonesia,
Sanford,Summons,63,ssummons8e@webs.com,869-646-1020,7 Waywood Street,Xiangrong,,China,
Chev,Oakshott,27,coakshott8f@china.com.cn,233-509-3409,066 Warner Lane,Santa Catarina,Leiria,Portugal,2500-772
Willi,Enns,40,wenns8g@free.fr,400-111-9156,620 Mallard Plaza,Changqiao,,China,
Ricoriki,Ellison,68,rellison8h@geocities.com,200-317-3740,946 Eagle Crest Plaza,Cayambe,,Ecuador,
Sapphire,Hannam,82,shannam8i@canalblog.com,765-120-1989,312 Grayhawk Terrace,Achanizo,,Peru,
Freddi,Sinyard,23,fsinyard8j@plala.or.jp,452-218-2134,2248 Fair Oaks Junction,Del Campillo,,Argentina,6271
Palmer,Lott,78,plott8k@hexun.com,954-832-5907,4106 Everett Crossing,Chabařovice,,Czech Republic,403 17
Devina,Wordsworth,19,dwordsworth8l@goodreads.com,968-243-1245,15765 Bartelt Park,Si Racha,,Thailand,20110
Kat,Heigho,76,kheigho8m@multiply.com,540-845-5897,715 Armistice Road,Tongzi,,China,
Jacquelyn,Davidovic,45,jdavidovic8n@indiatimes.com,203-695-9715,007 Petterle Parkway,Stamford,Connecticut,United States,06912
Kiley,Massey,21,kmassey8o@soundcloud.com,985-765-9653,424 Kim Crossing,Mlaka pri Kranju,,Slovenia,4212
Norbert,Airy,52,nairy8p@paginegialle.it,919-540-8195,69 Hoard Hill,Kosonsoy,,Uzbekistan,
Isa,Dossett,68,idossett8q@is.gd,228-996-9624,901 Graceland Parkway,Biloxi,Mississippi,United States,39534
Lindon,Fancy,72,lfancy8r@w3.org,285-514-6760,6965 Donald Pass,Maralik,,Armenia,
Nicoline,Lavalle,77,nlavalle8s@ted.com,980-158-2415,127 Oxford Parkway,Dongfeng,,China,
Salli,McIlroy,71,smcilroy8t@skyrock.com,289-921-5013,22687 Waxwing Center,Novozybkov,,Russia,243036
Laetitia,Mercey,69,lmercey8u@stanford.edu,695-451-0916,7310 Bobwhite Terrace,Pechora,,Russia,169660
Mireielle,Warcop,19,mwarcop8v@marketwatch.com,354-800-7447,44339 Merrick Park,Kudamatsu,,Japan,745-0654
Vail,Spafford,79,vspafford8w@tmall.com,336-712-9915,9244 Melvin Trail,Bromma,Stockholm,Sweden,167 66
Bran,Zuppa,63,bzuppa8x@com.com,622-797-6127,99 Daystar Pass,Semënov,,Russia,606657
Thacher,Connell,23,tconnell8y@vinaora.com,372-442-7124,438 Tomscot Crossing,Ismailia,,Egypt,
Falito,Hallibone,74,fhallibone8z@virginia.edu,179-648-7231,4 Sommers Lane,Sopron,Győr-Moson-Sopron,Hungary,9404
Norry,Mabson,18,nmabson90@blogtalkradio.com,875-230-5477,160 Barby Drive,Clervaux,,Luxembourg,L-9765
Kristoffer,Lindgren,51,klindgren91@springer.com,594-391-5806,263 Veith Plaza,Alivéri,,Greece,
Gerek,Rentz,54,grentz92@answers.com,963-289-9106,5 Thackeray Pass,Mantingantengah,,Indonesia,
Trev,Attwoull,73,tattwoull93@pen.io,860-717-8229,8 Graceland Hill,Donostia-San Sebastian,Pais Vasco,Spain,20015
Arline,Bartoshevich,19,abartoshevich94@hatena.ne.jp,233-667-4243,9 Ohio Junction,Obrera,Chihuahua,Mexico,32050
Karie,Sauniere,22,ksauniere95@ox.ac.uk,992-651-2885,56 Lighthouse Bay Parkway,Khoronk’,,Armenia,
Orelee,Wason,27,owason96@hatena.ne.jp,336-258-3628,56745 Express Alley,Kivertsi,,Ukraine,
Enrichetta,Wolver,23,ewolver97@mapy.cz,128-847-2082,4211 Blaine Street,San Isidro,Michoacan De Ocampo,Mexico,60284
Mar,Torre,28,mtorre98@alibaba.com,765-796-6163,471 Warrior Avenue,Maicao,,Colombia,442009
Haslett,Miguel,36,hmiguel99@symantec.com,688-360-5401,25 Fulton Avenue,Pedro Betancourt,,Cuba,
Drud,MacKnight,65,dmacknight9a@home.pl,954-755-1005,8006 Pierstorff Hill,Athabasca,Alberta,Canada,T9S
Ortensia,Palk,29,opalk9b@amazon.co.jp,674-157-0017,7 Eastlawn Avenue,Tambaksari,,Indonesia,
Yasmeen,Pogg,77,ypogg9c@google.ca,610-251-1918,9 Forest Lane,Ozëry,,Russia,142152
Genni,Whorton,36,gwhorton9d@google.co.uk,836-166-1109,96 South Plaza,Ufimskiy,,Russia,623220
Allen,De Bischop,53,adebischop9e@joomla.org,710-207-7796,9556 Sachs Drive,Cilegong,,Indonesia,
Wood,Quested,59,wquested9f@wix.com,648-840-8959,00932 Londonderry Lane,San Agustín,,Honduras,
Misti,Ziehm,31,mziehm9g@nydailynews.com,879-486-3327,1 Fremont Parkway,Kurbnesh,,Albania,
Kale,Setterington,63,ksetterington9h@mapquest.com,507-574-7665,0 Express Way,Fálanna,,Greece,
Truman,Skedge,36,tskedge9i@youtube.com,489-192-9609,13052 Laurel Trail,Kayan Hulu,,Indonesia,
Elvyn,Debling,20,edebling9j@pen.io,463-751-6093,79 Shoshone Avenue,Tieba,,China,
Salome,Spalton,18,sspalton9k@ustream.tv,274-443-2068,69 Superior Circle,Toledo,Castilla - La Mancha,Spain,45071
Susie,Charrington,26,scharrington9l@hubpages.com,373-770-2051,2 Scofield Pass,Vänersborg,Västra Götaland,Sweden,462 42
Gilberta,Robilliard,51,grobilliard9m@intel.com,763-989-5979,5139 Vera Hill,Issy-les-Moulineaux,Île-de-France,France,92864 CEDEX 9
Amata,Christofides,32,achristofides9n@wired.com,736-951-7784,6084 Linden Street,Sainte-Sophie,Québec,Canada,J5J
Latisha,Harefoot,19,lharefoot9o@xrea.com,214-440-7957,7 Park Meadow Trail,Alivéri,,Greece,
Nikolas,Galland,28,ngalland9p@ycombinator.com,473-695-3598,36 Lunder Plaza,Shiyu,,China,
Erhart,Christal,28,echristal9q@sbwire.com,270-719-8124,82 Eastwood Lane,Mizdah,,Libya,
Ferne,Morson,26,fmorson9r@bbb.org,246-614-7821,074 Dottie Center,Pakel,,Indonesia,
Ernaline,Barling,70,ebarling9s@state.gov,811-166-4567,18615 Johnson Drive,Byera Village,,Saint Vincent and the Grenadines,
Josselyn,Lilian,40,jlilian9t@netvibes.com,350-954-9369,0 Oakridge Alley,Zmeyskaya,,Russia,363621
Cara,Kinver,60,ckinver9u@kickstarter.com,992-756-5050,34 Summerview Avenue,Devesa,Viana do Castelo,Portugal,4970-521
Corabella,Wildes,37,cwildes9v@rambler.ru,866-237-8137,048 Londonderry Junction,Kalmar,Kalmar,Sweden,392 41
Eugenia,Nanuccioi,68,enanuccioi9w@ucla.edu,521-688-4245,8 Bowman Point,Jiacun,,China,
Marla,Johananov,56,mjohananov9x@linkedin.com,838-272-4886,741 Gina Center,Bantu,,Indonesia,
Meredith,Vowell,40,mvowell9y@boston.com,290-780-1826,97717 Chive Trail,Takahagi,,Japan,350-1213
Katharine,Ellington,61,kellington9z@amazon.com,119-807-7579,8 Mayer Alley,Luoyang,,China,
Edith,McRonald,65,emcronalda0@spiegel.de,452-516-2028,96 Knutson Center,Xilong,,China,
Leanor,Broadey,32,lbroadeya1@cisco.com,658-373-0967,294 John Wall Street,Lian,,China,
Horatius,Gillion,51,hgilliona2@hubpages.com,479-260-6777,61 Prentice Parkway,Yuxi,,China,
Shelba,Davenell,40,sdavenella3@yahoo.co.jp,569-959-9697,4 Springview Street,Khairiahmandah,,Indonesia,
Bartel,Newman,24,bnewmana4@topsy.com,812-784-6201,897 Main Parkway,Gufeng,,China,
Clerkclaude,Splevings,29,csplevingsa5@narod.ru,478-366-2882,1831 Shoshone Lane,Río de Jesús,,Panama,
Jeth,Neising,41,jneisinga6@jugem.jp,283-996-3783,9 Blaine Parkway,Wenfeng Zhen,,China,
Jan,Sweedy,59,jsweedya7@gravatar.com,131-787-6294,86 Springs Center,Linggou,,China,
Gnni,Botwood,83,gbotwooda8@independent.co.uk,949-371-1200,84 Old Gate Circle,Zhangjiayuan,,China,
Frederico,Stile,58,fstilea9@google.cn,191-282-3854,0 Butternut Street,Zhongchao,,China,
Arni,Bartocci,82,abartocciaa@icio.us,682-136-9753,65435 Knutson Point,Phù Cát,,Vietnam,
Janith,Casserly,68,jcasserlyab@drupal.org,934-505-6690,1663 Blaine Point,Tembang,,Indonesia,
Lenora,Shephard,51,lshephardac@godaddy.com,612-450-8935,2 Eagle Crest Place,Bongbong,,Indonesia,
Marcy,Thorlby,40,mthorlbyad@sfgate.com,133-523-2616,72242 Emmet Parkway,Bunder,,Indonesia,
Dame,Baccus,20,dbaccusae@marriott.com,149-169-5647,47598 Kropf Drive,Twyford,England,United Kingdom,LE14
Chane,Scarlin,84,cscarlinaf@ed.gov,196-875-2370,4 Carberry Place,Mompós,,Colombia,473008
Franny,Rand,30,frandag@wikispaces.com,835-764-6219,30263 Carberry Road,Qingyang,,China,
Marion,Kernermann,46,mkernermannah@paypal.com,449-972-0297,0 Trailsway Road,Beidu,,China,
Korney,Whorall,30,kwhorallai@ow.ly,552-265-9455,558 Orin Place,Baras,,Philippines,4803
Kermy,Shellsheere,54,kshellsheereaj@parallels.com,993-622-1549,34687 Summerview Street,Sheffield,England,United Kingdom,S33
Ronald,Fourmy,56,rfourmyak@deviantart.com,274-698-0616,2777 Stang Lane,Sykiés,,Greece,
Creigh,Tremonte,54,ctremonteal@loc.gov,409-862-4893,569 Gulseth Drive,Xianchiyu,,China,
Rhoda,Cressar,53,rcressaram@ow.ly,941-462-0474,9042 Algoma Trail,Bradenton,Florida,United States,34282
Nickie,Ghidini,26,nghidinian@dyndns.org,605-342-3766,71 Redwing Center,Citarik,,Indonesia,
Mohandas,Beddingham,23,mbeddinghamao@xrea.com,588-302-0280,03122 Grasskamp Parkway,Carleton Place,Ontario,Canada,K7C
Gisella,Turbern,85,gturbernap@dion.ne.jp,681-196-0351,7511 Grover Plaza,Tangjiawan,,China,
Mellisa,Duham,84,mduhamaq@etsy.com,187-410-5685,7715 Northview Trail,Pavlovka,,Russia,617820
Hurleigh,Lembcke,51,hlembckear@upenn.edu,127-685-5638,860 Fairfield Trail,Al Qābil,,Oman,
Rosana,Gibben,62,rgibbenas@hexun.com,664-439-7856,791 Atwood Road,Aldeia,Porto,Portugal,4600-757
Esra,Buick,19,ebuickat@ebay.com,560-989-6350,2 Eggendart Pass,Aromashevo,,Russia,412285
Ellswerth,Perdue,59,eperdueau@a8.net,423-782-7002,692 Pepper Wood Pass,Annecy-le-Vieux,Rhône-Alpes,France,74944 CEDEX
Blithe,Meneghelli,36,bmeneghelliav@cocolog-nifty.com,381-327-3656,11 Brown Terrace,Ninh Hòa,,Vietnam,
Pauletta,Dalwood,49,pdalwoodaw@purevolume.com,676-310-2483,79732 Gateway Drive,Taosha,,China,
Jerrilyn,Dany,52,jdanyax@ycombinator.com,323-972-9319,944 Scofield Hill,Kadujangkung,,Indonesia,
Ericha,Lundbech,44,elundbechay@w3.org,345-126-7394,78 Bowman Point,Petropavlovka,,Russia,626125
Rikki,Turmel,33,rturmelaz@reuters.com,106-698-6196,5738 Anhalt Plaza,Blois,Centre,France,41904 CEDEX 9
Olenolin,Latek,66,olatekb0@princeton.edu,532-292-6187,48787 Texas Circle,Guangshan,,China,
Arv,Walch,40,awalchb1@123-reg.co.uk,352-738-3872,3806 Blue Bill Park Junction,Žiežmariai,,Lithuania,56017
Karisa,Isakowicz,68,kisakowiczb2@alexa.com,683-341-8038,1 Utah Avenue,New Sibonga,,Philippines,8105
Phaedra,Nevill,22,pnevillb3@hexun.com,552-522-5295,31 La Follette Plaza,Bantry,,Ireland,P75
Maurie,Husthwaite,83,mhusthwaiteb4@wsj.com,322-999-8000,70 Magdeline Trail,Dame-Marie,,Haiti,
Burt,Permain,74,bpermainb5@scribd.com,255-460-8149,217 Columbus Plaza,Rizári,,Greece,
Mildred,Spraggs,31,mspraggsb6@canalblog.com,434-312-0304,83 Morningstar Street,Peruíbe,,Brazil,11750-000
Bard,Rivelon,26,brivelonb7@ucsd.edu,386-575-5696,64 Bonner Avenue,Doibang,,Indonesia,
Bernette,Calliss,41,bcallissb8@xrea.com,832-846-6558,0822 Autumn Leaf Alley,Spring,Texas,United States,77386
Talia,Brackstone,31,tbrackstoneb9@ted.com,682-793-4323,573 Esker Junction,Pasarnangka,,Indonesia,
Janek,Crowley,47,jcrowleyba@taobao.com,339-206-2929,9869 Hoard Park,Deqing,,China,
Deina,Handrik,43,dhandrikbb@intel.com,316-668-0770,862 Aberg Plaza,Radamata,,Indonesia,
Hyacinth,Creffeild,51,hcreffeildbc@ifeng.com,899-656-5169,097 Oak Road,Plasy,,Czech Republic,331 01
Nathan,Leydon,73,nleydonbd@apple.com,304-782-4074,1 Mallard Trail,Zitong,,China,
Laurent,O'Shevlan,67,loshevlanbe@newyorker.com,374-506-5603,53 Menomonie Place,Pagedangan,,Indonesia,
Glenine,Billingsley,76,gbillingsleybf@unicef.org,775-838-7466,6 Anhalt Circle,Chixi,,China,
Leonore,Marqyes,21,lmarqyesbg@hatena.ne.jp,105-116-8084,2 Monterey Way,Qiangqinxue,,China,
Tan,Dougharty,24,tdoughartybh@eepurl.com,839-532-4097,14704 Spaight Pass,Labytnangi,,Russia,629405
Ardith,Hawksby,79,ahawksbybi@php.net,752-426-7393,19 Badeau Junction,Javhlant,,Mongolia,
Bartholomeo,Antonias,79,bantoniasbj@google.cn,142-766-3077,9 Crowley Avenue,Daojiang,,China,
Kattie,Loughran,69,kloughranbk@engadget.com,950-943-2593,3399 Spenser Place,El Bagre,,Colombia,052438
Garwood,Combes,48,gcombesbl@netlog.com,617-428-1099,73 Ludington Park,Dihtyari,,Ukraine,
Dedra,Chestnut,75,dchestnutbm@myspace.com,515-674-8249,59 Stone Corner Circle,Nanganga,,Tanzania,
Hill,Tomczykiewicz,26,htomczykiewiczbn@domainmarket.com,585-917-5659,85085 Esker Plaza,Klobuky,,Czech Republic,273 74
Alice,Barnish,29,abarnishbo@stanford.edu,112-232-9194,37192 Doe Crossing Terrace,Sampungu,,Indonesia,
Daron,Shobbrook,23,dshobbrookbp@omniture.com,316-858-9030,462 Lotheville Road,Daixi,,China,
Joaquin,Fancy,28,jfancybq@statcounter.com,963-126-8069,389 Thierer Circle,San Francisco,,Philippines,8501
Bethany,Allen,80,ballenbr@usgs.gov,206-398-0814,95445 Lillian Alley,Grenoble,Rhône-Alpes,France,38014 CEDEX 1
Alic,Pettigree,83,apettigreebs@a8.net,827-446-5647,0 Birchwood Junction,Saint-Leu-la-Forêt,Île-de-France,France,95324 CEDEX
Milissent,MacMychem,23,mmacmychembt@geocities.jp,962-386-9872,243 Knutson Trail,Pār Naogaon,,Bangladesh,9202
Jasmin,Jacop,66,jjacopbu@ft.com,424-826-4488,18550 Northwestern Terrace,28 de Noviembre,,Argentina,9407
Daniella,Diggons,81,ddiggonsbv@yolasite.com,561-511-9570,25816 Amoth Parkway,Tengah,,Indonesia,
Poppy,Mettericke,20,pmetterickebw@about.me,866-137-3849,6 Ryan Avenue,'Ali Sabieh,,Djibouti,
Barnabe,Triswell,22,btriswellbx@comsenz.com,992-255-5024,163 Springview Terrace,Tianmen,,China,
Bernice,Hanna,72,bhannaby@bbc.co.uk,785-910-1336,6549 Thierer Trail,Jablonné nad Orlicí,,Czech Republic,561 64
Palm,Wisbey,65,pwisbeybz@theglobeandmail.com,356-113-3127,713 Armistice Court,Mianduhe,,China,
Davina,Abrashkov,20,dabrashkovc0@statcounter.com,510-436-4736,9462 Dawn Parkway,Trojanów,,Poland,08-455
Jessi,Delgardillo,19,jdelgardilloc1@illinois.edu,710-820-9801,5225 Lakewood Drive,Magdaleno Aguilar,Tamaulipas,Mexico,89355
Robby,Tarr,39,rtarrc2@barnesandnoble.com,565-234-4652,5 Sachtjen Pass,Soledar,,Ukraine,
Olin,Inchley,64,oinchleyc3@jiathis.com,699-913-5204,2 Twin Pines Alley,Pulosari,,Indonesia,
Nicole,Varga,56,nvargac4@reddit.com,577-308-8305,4 Coleman Parkway,Naikoten Dua,,Indonesia,
Clint,Hawe,23,chawec5@newyorker.com,761-814-7285,9392 Granby Junction,Mełgiew,,Poland,21-007
Philis,Davidsohn,43,pdavidsohnc6@blogs.com,671-837-8843,22 Menomonie Crossing,Firenze,Toscana,Italy,50136
Fay,Baigrie,66,fbaigriec7@cisco.com,362-387-7855,0935 Crest Line Place,Rudna Mała,,Poland,36-062
Rupert,Teese,53,rteesec8@altervista.org,855-365-4755,4 Tennessee Court,Yuanjue,,China,
Des,Blackborow,31,dblackborowc9@cnbc.com,749-462-8170,9963 Crescent Oaks Plaza,Ilioúpoli,,Greece,
Marquita,Endrizzi,69,mendrizzica@cornell.edu,145-724-4024,6200 David Crossing,Houzhai,,China,
Lauree,Boots,22,lbootscb@xing.com,934-249-0447,2628 Eastwood Parkway,Cosne-Cours-sur-Loire,Bourgogne,France,58209 CEDEX
Harrietta,Mylchreest,59,hmylchreestcc@go.com,570-469-8916,35761 Menomonie Court,Scranton,Pennsylvania,United States,18505
Bald,Glanert,54,bglanertcd@desdev.cn,707-748-3434,5008 Prentice Trail,Chiguata,,Peru,
Giuditta,Skellen,22,gskellence@cnet.com,126-997-0543,24 Union Center,Jiujie,,China,
Clair,Warmington,50,cwarmingtoncf@tripod.com,223-885-2140,59 Trailsway Plaza,Pico da Pedra,Ilha de São Miguel,Portugal,9600-052
Antoine,Carncross,73,acarncrosscg@amazon.com,832-682-9379,93 Johnson Circle,Sá,Braga,Portugal,4840-080
Jameson,Leyburn,81,jleyburnch@cmu.edu,878-677-1630,66359 Bluejay Trail,Zheleznogorsk,,Russia,662970
Robenia,Tremethack,42,rtremethackci@disqus.com,255-431-7596,99269 Northfield Point,Chongjin,,North Korea,
Dorotea,Casaccio,80,dcasacciocj@sohu.com,150-623-8134,9665 Manitowish Terrace,Tsenher,,Mongolia,
Christy,Dreng,64,cdrengck@ovh.net,965-948-5663,779 Maple Wood Point,Beni Khiar,,Tunisia,
Nikolia,Willstrop,68,nwillstropcl@altervista.org,544-100-6443,08 Beilfuss Plaza,Biały Bór,,Poland,78-425
Christoper,MacDuff,59,cmacduffcm@hatena.ne.jp,165-796-7376,8556 Service Way,Nusajaya,Johor,Malaysia,79575
Caresa,Realff,79,crealffcn@histats.com,324-478-4745,382 Arkansas Alley,Gorichevo,,Bulgaria,7337
Roland,Worham,43,rworhamco@ucoz.ru,169-414-1698,35 Marcy Road,Likhoy,,Russia,356501
Myles,Enterlein,27,menterleincp@sfgate.com,872-749-3032,6 Anhalt Point,Krasne,,Ukraine,
Weider,McAw,58,wmcawcq@wsj.com,181-417-0754,29510 Graedel Center,Heshi,,China,
Karl,Rawdales,58,krawdalescr@economist.com,916-950-6016,3322 Brickson Park Street,Gosë e Madhe,,Albania,
Spense,Petriello,21,spetriellocs@stanford.edu,488-252-9074,98 Grim Way,Matagami,Québec,Canada,N2M
Marci,Kydde,47,mkyddect@cafepress.com,340-598-2020,94885 Burning Wood Hill,Khorol,,Ukraine,
Hilly,Rawles,77,hrawlescu@macromedia.com,564-126-5567,178 Manley Court,Azteca,Tamaulipas,Mexico,87024
Adriana,Antonetti,47,aantonetticv@furl.net,432-638-7682,291 Texas Plaza,Cerro,,Cuba,
Cathrin,Blaza,24,cblazacw@noaa.gov,997-766-0978,8494 Northland Road,Lidzbark,,Poland,13-230
Ram,Alty,78,raltycx@nasa.gov,893-102-1823,2630 Golden Leaf Junction,Xintai,,China,
Roanna,Harlick,19,rharlickcy@abc.net.au,234-774-3745,2256 Comanche Way,Raejeru,,Indonesia,
Herc,Larimer,62,hlarimercz@arstechnica.com,902-916-3290,279 Village Court,Staronizhestebliyevskaya,,Russia,606231
Ogdon,Managh,83,omanaghd0@wordpress.org,732-102-8874,5776 Arizona Way,Keleleng,,Indonesia,
Allegra,Stollenbecker,71,astollenbeckerd1@chronoengine.com,199-440-6865,371 Warrior Alley,Lampihung,,Indonesia,
Glenine,Docharty,25,gdochartyd2@nymag.com,908-987-1975,12 Northwestern Center,Khasavyurt,,Russia,368044
Karina,Pohls,45,kpohlsd3@sourceforge.net,822-361-8553,66644 Delaware Road,Star’,,Russia,242640
Sosanna,Kibblewhite,33,skibblewhited4@army.mil,427-481-6541,6450 Myrtle Plaza,Ketanggungan,,Indonesia,
Jonathon,Douthwaite,56,jdouthwaited5@time.com,470-852-1506,16377 Morning Circle,Dubiecko,,Poland,37-750
Elysee,Cattanach,58,ecattanachd6@prweb.com,513-621-7319,199 Little Fleur Parkway,Manuel Cavazos Lerma,Tamaulipas,Mexico,88600
Diane,Rouby,53,droubyd7@wufoo.com,532-953-2319,75 Walton Place,Vrané nad Vltavou,,Czech Republic,252 46
Tynan,Sneyd,38,tsneydd8@blog.com,560-632-0422,1929 Bultman Place,Plaza Huincul,,Argentina,8318
Minerva,Bullon,23,mbullond9@si.edu,780-941-5230,7796 Roxbury Circle,Thị Trấn Phù Yên,,Vietnam,
Renaud,Winton,64,rwintonda@odnoklassniki.ru,961-716-2142,79985 Jackson Alley,Pyzdry,,Poland,62-310
Dominique,Merrison,43,dmerrisondb@businesswire.com,725-767-6814,099 Rigney Circle,Motrico,,Philippines,2826
Pris,Ravilus,71,pravilusdc@cocolog-nifty.com,261-343-3453,983 Merrick Trail,Altona,Manitoba,Canada,K1W
Mary,Guirardin,67,mguirardindd@xinhuanet.com,883-784-2463,7 Dakota Junction,Kusi,,Indonesia,
Arabel,Darkin,84,adarkinde@github.io,176-448-4221,62 Superior Trail,Konče,,Macedonia,2424
Brittani,Calderon,35,bcalderondf@issuu.com,938-993-2952,331 Fairview Point,Rungis,Île-de-France,France,94525 CEDEX 1
Marcelline,Janiak,52,mjaniakdg@posterous.com,815-160-6917,3622 Morningstar Trail,Qionghai,,China,
Talya,Sutherley,28,tsutherleydh@hao123.com,352-464-1180,38544 Aberg Court,Iniö,,Finland,23390
Mattias,Massel,28,mmasseldi@macromedia.com,139-797-4631,141 Shelley Court,Luci,,China,
Sibel,Pessel,80,spesseldj@lulu.com,335-610-0040,42 Superior Circle,Gaya,,Nigeria,
Leonie,Bessell,82,lbesselldk@cnbc.com,917-430-3715,9 Daystar Place,Camperdown,,South Africa,7646
Romeo,Hutable,85,rhutabledl@pinterest.com,630-402-4579,8123 Heath Center,Kafr ad Dawwār,,Egypt,
Madison,Hakonsson,35,mhakonssondm@gravatar.com,280-108-5728,09900 Schiller Drive,Hule,,China,
Helsa,Godier,20,hgodierdn@msu.edu,923-707-7741,057 Bowman Court,Brignoles,Provence-Alpes-Côte d'Azur,France,83174 CEDEX
Robby,Joule,50,rjouledo@shareasale.com,405-919-1248,5 Di Loreto Center,Danyang,,China,
Daphene,Olver,80,dolverdp@mayoclinic.com,860-407-8821,4183 West Road,Bang Len,,Thailand,73130
Charlena,Tomkin,57,ctomkindq@mlb.com,985-767-3143,90 Starling Road,Río Ceballos,,Argentina,5113
Simone,Gilffilland,56,sgilffillanddr@nba.com,512-818-1311,31 Cordelia Point,Austin,Texas,United States,78732
Aldwin,Davydenko,41,adavydenkods@cnbc.com,342-352-6543,61 Bashford Alley,Zuyevka,,Russia,612412
Kerwinn,Rottgers,37,krottgersdt@webnode.com,233-679-1477,23784 Cody Street,Pampa de los Guanacos,,Argentina,3181
Meggy,Stuchberry,56,mstuchberrydu@mapquest.com,222-228-7251,508 Buena Vista Point,Funchal,Ilha da Madeira,Portugal,9000-005
Suzie,Bachs,46,sbachsdv@census.gov,651-687-6480,01557 Beilfuss Trail,Moca,,Dominican Republic,11902
Blinnie,Isakovitch,84,bisakovitchdw@google.de,336-728-7067,52 Homewood Terrace,Wuyahe,,China,
Ulric,Leighfield,23,uleighfielddx@yellowpages.com,793-286-1905,259 Prentice Place,Hongjiang,,China,
Lion,Tofanini,31,ltofaninidy@weather.com,318-770-3634,61351 Sunfield Alley,Norrköping,Östergötland,Sweden,602 34
Pattin,Grunguer,25,pgrunguerdz@lulu.com,715-761-7574,925 Golden Leaf Court,Qijiawan,,China,
Emmeline,Penk,83,epenke0@arizona.edu,908-958-8204,71 Vera Parkway,Zamboanguita,,Philippines,1812
Miller,Vose,54,mvosee1@intel.com,187-158-0694,633 Evergreen Lane,Gondanglegi Wetan,,Indonesia,
Creight,Shelford,48,cshelforde2@ox.ac.uk,271-822-6655,162 Memorial Street,Moshenskoye,,Russia,174450
Cordula,Balm,81,cbalme3@slashdot.org,564-538-6889,2 Sheridan Plaza,Castelões,Braga,Portugal,4770-834
Dov,Margerrison,74,dmargerrisone4@simplemachines.org,580-172-0494,729 Sutherland Lane,Karang Kulon,,Indonesia,
Brynne,Kitching,28,bkitchinge5@upenn.edu,366-940-5222,8 Rockefeller Alley,Gegernoong,,Indonesia,
Anetta,Threadgall,47,athreadgalle6@nhs.uk,547-404-8611,2692 Macpherson Plaza,Cikiray,,Indonesia,
Fifi,Errol,60,ferrole7@webs.com,982-149-2996,3 Shopko Way,Mendefera,,Eritrea,
Oby,Aujouanet,47,oaujouanete8@netlog.com,591-489-2226,73 Jenifer Place,Jifnā,,Palestinian Territory,
Hazel,Scheffler,40,hschefflere9@techcrunch.com,266-938-7004,47478 Blue Bill Park Alley,Cachimayo,,Peru,
Teri,Egdell,33,tegdellea@miibeian.gov.cn,520-124-6833,1 1st Parkway,Helmas,,Albania,
Addison,Seargeant,21,aseargeanteb@yellowbook.com,198-605-4415,89804 High Crossing Point,Krivaja,,Serbia,
Candis,Tungay,53,ctungayec@bravesites.com,106-210-1875,12307 Dixon Hill,Lahoysk,,Belarus,
Hermann,Spataro,35,hspataroed@ucla.edu,930-728-9032,3 Superior Crossing,Janja,,Bosnia and Herzegovina,
Tiffani,Kunzelmann,59,tkunzelmannee@bandcamp.com,311-448-4029,54664 Fair Oaks Center,Pamatang,,Indonesia,
Anstice,Kezor,60,akezoref@ftc.gov,939-277-9078,98 Pierstorff Trail,Zangzhai,,China,
Keven,Averay,24,kaverayeg@wisc.edu,404-855-7746,4 Fair Oaks Drive,Maurisu,,Indonesia,
Pammie,Oldman,75,poldmaneh@wix.com,909-557-5908,67 Mallory Circle,San Bernardino,California,United States,92415
Archie,Hradsky,46,ahradskyei@paypal.com,135-269-0470,55 Westport Terrace,Bordeaux,Aquitaine,France,33070 CEDEX
Hartley,Fanton,82,hfantonej@moonfruit.com,184-769-5058,3147 Hauk Drive,Kirovs’k,,Ukraine,
Charity,Bulcock,60,cbulcockek@rambler.ru,649-677-5140,7990 Hazelcrest Circle,Kristiansand S,Vest-Agder,Norway,4695
Junina,Gibben,40,jgibbenel@usda.gov,333-228-1122,4 Sheridan Junction,El Peñón,,Dominican Republic,11510
Corrie,Tace,74,ctaceem@joomla.org,462-637-1031,3088 Rowland Avenue,Boavista,Viana do Castelo,Portugal,4960-343
Alice,Waddams,70,awaddamsen@cisco.com,400-654-1876,06590 Holmberg Center,Tongyu,,China,
Gunilla,Praton,28,gpratoneo@zimbio.com,854-511-3979,77 Delladonna Lane,Neftegorsk,,Russia,446600
Waiter,Goodie,71,wgoodieep@netvibes.com,432-942-6115,3469 Macpherson Way,Tver,,Russia,182647
Dom,Giorgio,55,dgiorgioeq@disqus.com,828-766-1167,68 Corry Road,Linhó,Lisboa,Portugal,2710-144
Moreen,Edon,63,medoner@gov.uk,472-811-1068,717 Burrows Point,Sinait,,Philippines,2733
Saraann,Stimson,47,sstimsones@xinhuanet.com,747-293-2204,2 Dwight Drive,Koundara,,Guinea,
Manuel,Godspede,62,mgodspedeet@privacy.gov.au,718-918-6163,861 Harper Point,Lanat,,Philippines,6704
Kelby,Goodered,25,kgooderedeu@youtu.be,378-291-7535,9578 Continental Way,Ketapang,,Indonesia,
Luella,Benedito,43,lbeneditoev@hugedomains.com,186-428-0189,6093 Muir Point,Acajutla,,El Salvador,
Juliana,Ianittello,85,jianittelloew@cbsnews.com,355-182-7175,1 Service Park,Palma De Mallorca,Baleares,Spain,07010
Dierdre,Townsend,25,dtownsendex@stumbleupon.com,943-161-1094,81 Forest Hill,Rongai,,Kenya,
Alis,Godbald,75,agodbaldey@rediff.com,865-730-2422,2 Bunker Hill Street,Uthal,,Pakistan,90150
Dallis,Grannell,43,dgrannellez@uol.com.br,691-673-2742,889 Fremont Crossing,Feondari,,Indonesia,
Afton,Pilkinton,30,apilkintonf0@msn.com,108-741-7961,1 Haas Trail,Taganskiy,,Russia,662327
Merilee,Cleminson,56,mcleminsonf1@yelp.com,176-445-2719,13805 Prairie Rose Circle,Samaipata,,Bolivia,
Rivy,Truran,48,rtruranf2@wunderground.com,499-277-2666,2 Messerschmidt Place,Nanyulinxi,,China,
Gunther,Grantham,54,ggranthamf3@cocolog-nifty.com,590-141-4837,642 Annamark Center,Bry-sur-Marne,Île-de-France,France,94364 CEDEX
Maynord,Hirsthouse,32,mhirsthousef4@reddit.com,629-394-3746,2 Ridgeview Road,Hořice,,Czech Republic,678 01
Jaquenette,Quittonden,22,jquittondenf5@networkadvertising.org,386-443-9153,9 Lotheville Alley,Shar,,Kazakhstan,
Pansy,Agge,64,paggef6@wordpress.org,368-264-0532,0678 Heffernan Plaza,Trá Mhór,,Ireland,R93
Michell,Lescop,63,mlescopf7@elegantthemes.com,983-658-7551,6 Moland Pass,Cova da Iria,Santarém,Portugal,2495-405
Sonnnie,Ranvoise,25,sranvoisef8@comsenz.com,385-480-3090,54857 Northfield Street,Pak Chong,,Thailand,30130
Modestine,Belle,74,mbellef9@miibeian.gov.cn,548-280-6522,9 Badeau Junction,Douane,,Tunisia,
William,Edds,73,weddsfa@huffingtonpost.com,633-936-1899,2401 Brentwood Road,Zhongzi,,China,
Amelina,Ivanchikov,51,aivanchikovfb@i2i.jp,542-742-9110,4282 Amoth Park,Forino,,Macedonia,1237
Egon,Rechert,78,erechertfc@google.cn,676-549-4329,990 Ruskin Circle,Olsztynek,,Poland,11-015
Paula,Baythrop,51,pbaythropfd@oracle.com,431-494-3287,740 Sauthoff Crossing,Sangiang,,Indonesia,
Carmencita,Arnott,23,carnottfe@google.com.hk,315-702-9102,29 Buhler Center,Asen,,Bulgaria,6151
Abbey,Penkethman,64,apenkethmanff@tinypic.com,939-335-3717,4719 Brentwood Way,Tentúgal,Coimbra,Portugal,3140-555
Bertina,McCluney,66,bmccluneyfg@istockphoto.com,429-282-7325,5 Sheridan Circle,At Tāj,,Libya,
Codie,Lain,56,clainfh@omniture.com,947-392-4896,30 Waywood Center,Huixian Chengguanzhen,,China,
Stacee,Firle,23,sfirlefi@phoca.cz,161-465-2590,3895 David Parkway,Jembangan,,Indonesia,
Burk,Fransoni,51,bfransonifj@ebay.co.uk,868-651-2211,597 Hooker Court,Jiyizhuang,,China,
Buiron,Bugs,68,bbugsfk@symantec.com,129-302-0602,93 Jenna Road,Flic en Flac,,Mauritius,
Gertrudis,Smaile,38,gsmailefl@virginia.edu,604-952-1519,8 Sullivan Road,Longping,,China,
Rodina,Angel,78,rangelfm@unesco.org,702-809-4706,70516 Norway Maple Crossing,Vapnyarka,,Ukraine,
Carrie,Wallington,64,cwallingtonfn@independent.co.uk,603-971-9845,29416 Superior Junction,Arys,,Kazakhstan,
Gavan,Kun,26,gkunfo@wordpress.com,232-466-3982,40 Fallview Point,Tengah,,Indonesia,
Augusta,Poulsum,83,apoulsumfp@shinystat.com,146-924-3362,5 Stone Corner Terrace,Jaraguá do Sul,,Brazil,89250-000
Florenza,Mumby,40,fmumbyfq@theguardian.com,342-666-6562,1626 Nobel Circle,Mrkonjić Grad,,Bosnia and Herzegovina,
Madelon,Klimschak,57,mklimschakfr@clickbank.net,406-412-3308,99 Welch Circle,Marsa Alam,,Egypt,
Glad,Tilburn,33,gtilburnfs@about.me,983-744-5554,6033 Nevada Pass,Fulu,,China,
Guilbert,Greensides,24,ggreensidesft@skype.com,241-678-1915,75681 Valley Edge Crossing,Tuapse,,Russia,352808
Cristy,Ree,31,creefu@japanpost.jp,510-447-6311,17 Everett Alley,Sukadana,,Indonesia,
Wilhelmina,Ilieve,31,wilievefv@edublogs.org,660-491-5939,69 Hagan Alley,Boshan,,China,
Valentine,Thomesson,37,vthomessonfw@meetup.com,102-836-7065,88756 Schurz Road,Fengyi,,China,
Elga,Tuffley,31,etuffleyfx@wiley.com,395-922-6312,41 Swallow Crossing,Shiqiao,,China,
Willi,Giraudot,73,wgiraudotfy@blog.com,158-671-8816,7138 Kedzie Alley,Xin’an,,China,
Deanne,Lemerle,81,dlemerlefz@shutterfly.com,247-406-5617,963 Evergreen Alley,Presidente Médici,,Brazil,78968-000
Dunn,Allum,74,dallumg0@squarespace.com,276-857-4742,766 Muir Street,Palmares,,Brazil,55540-000
Karoline,Enrico,28,kenricog1@nih.gov,259-386-0453,9380 Leroy Trail,Ngawen,,Indonesia,
Alard,Casin,79,acasing2@fema.gov,986-740-9899,3 Fair Oaks Place,Guebwiller,Alsace,France,68504 CEDEX
Zack,Cord,51,zcordg3@earthlink.net,558-436-8089,12 Burning Wood Crossing,Mapou,,Mauritius,
Savina,Gear,19,sgearg4@reverbnation.com,538-205-9965,77 Crowley Plaza,Chengqiao,,China,
Valeda,Knee,71,vkneeg5@macromedia.com,860-236-6680,731 Eliot Terrace,Peuteuy,,Indonesia,
Prue,Dilger,24,pdilgerg6@technorati.com,662-878-7840,9 Blaine Alley,Zheleznodorozhnyy,,Russia,393925
Nolly,Hurdman,18,nhurdmang7@walmart.com,296-414-5675,127 Logan Crossing,Huanglong,,China,
Thoma,Collar,54,tcollarg8@slate.com,258-212-9752,04 Manitowish Road,Ica,,Peru,
Leo,Tull,54,ltullg9@comcast.net,216-392-9126,5377 Roxbury Lane,Portelinha,Viana do Castelo,Portugal,4950-850
Fiona,Ugoletti,31,fugolettiga@imgur.com,950-696-7594,90 Sachtjen Park,Góis,Coimbra,Portugal,3330-304
Lanny,Oldale,79,loldalegb@wp.com,795-646-6725,935 Oneill Center,Luopioinen,,Finland,36760
Jolyn,Nye,79,jnyegc@nydailynews.com,793-795-5822,28 Kipling Avenue,Banjar Batanpoh,,Indonesia,
Blinny,Dabernott,73,bdabernottgd@wufoo.com,439-538-0652,8282 Bashford Center,Jinxiang,,China,
Beverie,Gavan,57,bgavange@eepurl.com,866-590-9208,1940 Jenifer Parkway,Ettal,,Micronesia,
Torr,Colliford,84,tcollifordgf@un.org,480-233-6305,57838 Reinke Street,Pumwani,,Kenya,
Luis,MacAndreis,28,lmacandreisgg@cornell.edu,723-547-5551,897 Hayes Terrace,Babakan,,Indonesia,
Saba,Beasleigh,76,sbeasleighgh@cbslocal.com,756-234-7543,36 Fisk Junction,Cheongpyeong,,South Korea,
Derron,Treece,44,dtreecegi@marketwatch.com,426-281-6206,47 Manley Circle,Tatarka,,Russia,356235
Alfy,Pritty,58,aprittygj@soup.io,605-384-7791,932 Delaware Point,Sepolong Timur,,Indonesia,
Harlen,Hug,52,hhuggk@china.com.cn,497-813-2848,3797 Sycamore Lane,Dagkar,,China,
Alexia,Rogerot,62,arogerotgl@japanpost.jp,612-390-5109,911 Bartillon Court,Cimanggu,,Indonesia,
Aurore,Bonanno,41,abonannogm@webmd.com,676-393-0380,2 Northport Court,Liuji,,China,
Hubert,Forri,54,hforrign@google.co.jp,211-888-3818,0 Mifflin Terrace,Vanimo,,Papua New Guinea,
Quintina,Abrahim,55,qabrahimgo@hostgator.com,333-957-0808,69259 Golf View Park,Bansko,,Bulgaria,2770
Koral,Boardman,84,kboardmangp@fotki.com,966-680-1135,637 Alpine Way,Nizhnyaya Salda,,Russia,624742
Artemas,Haynes,74,ahaynesgq@sciencedirect.com,388-801-1191,94 Monica Junction,Lavradio,Setúbal,Portugal,2835-305
Harwilll,Pittam,27,hpittamgr@cornell.edu,535-392-3418,85 La Follette Parkway,Krujë,,Albania,
Lorette,McGann,59,lmcganngs@amazon.co.jp,947-992-5924,081 Arrowood Avenue,Jeponkrajan,,Indonesia,
Augusto,Thurnham,33,athurnhamgt@behance.net,850-364-1725,0727 Cardinal Way,Malata,,Indonesia,
Teresina,Wisedale,51,twisedalegu@drupal.org,774-251-2938,152 American Crossing,Heting,,China,
Sven,Beedell,47,sbeedellgv@jalbum.net,478-332-2667,47 Hoard Center,Buea,,Cameroon,
Ajay,Thirtle,63,athirtlegw@ebay.co.uk,860-621-9297,965 Del Mar Avenue,Ahar,,Iran,
Roi,Pendrid,28,rpendridgx@dedecms.com,830-787-8746,53897 Miller Crossing,Shuishiying,,China,
Glyn,McLugish,83,gmclugishgy@ucoz.com,633-396-5600,84 Kensington Street,Amphawa,,Thailand,75110
Zonnya,Greve,23,zgrevegz@friendfeed.com,353-478-5379,43735 Westerfield Circle,Três de Maio,,Brazil,98910-000
Kary,Joye,57,kjoyeh0@wikispaces.com,806-574-9451,8885 Schmedeman Parkway,Zhangxiang,,China,
Chandra,Bretelle,71,cbretelleh1@multiply.com,789-857-1074,93581 Ruskin Circle,Brześć Kujawski,,Poland,87-880
Rafaello,Mellem,52,rmellemh2@wunderground.com,955-741-4039,7264 Granby Plaza,Umeå,Västerbotten,Sweden,905 92
Zolly,McKeown,49,zmckeownh3@cnn.com,249-642-4083,163 Transport Place,Oslo,Oslo,Norway,0113
Brien,Redholls,59,bredhollsh4@usda.gov,407-652-9557,83052 Tomscot Place,Pirapo,,Paraguay,
Yehudi,Ipsley,48,yipsleyh5@imgur.com,594-540-0145,15271 Sutteridge Way,Puyan,,China,
Isac,Daft,74,idafth6@discuz.net,136-815-8555,72144 Sachtjen Place,Languan,,China,
Trenna,Inchcomb,27,tinchcombh7@hhs.gov,232-325-9656,37 Paget Crossing,Shalinskoye,,Russia,663510
Inesita,Greenwell,72,igreenwellh8@creativecommons.org,989-426-8522,148 Nevada Terrace,Jahāniān Shāh,,Pakistan,40231
Ursola,Beartup,38,ubeartuph9@tamu.edu,597-426-2335,8 Maple Wood Road,Kentongan,,Indonesia,
Kimberlee,Deave,35,kdeaveha@google.com.hk,166-270-2141,5 Charing Cross Park,Pribrezhnyy,,Russia,624620
Shalna,Beardsell,18,sbeardsellhb@google.com.hk,950-985-3327,56 Memorial Crossing,Pirapozinho,,Brazil,19200-000
Kristel,Woof,56,kwoofhc@state.tx.us,632-380-0604,6421 Hansons Road,Sepahua,,Peru,
April,Rangall,43,arangallhd@china.com.cn,635-890-6303,23 Northfield Terrace,Mubi,,Nigeria,
Fritz,Legendre,70,flegendrehe@elegantthemes.com,921-268-8198,7012 Lawn Circle,Rio de Moinhos,Santarém,Portugal,2200-785
Dagmar,Ruusa,31,druusahf@reddit.com,440-714-6521,0511 Arizona Hill,Prizren,,Kosovo,
Roxana,Dunckley,61,rdunckleyhg@seesaa.net,310-819-2882,6698 Rockefeller Plaza,Santa Monica,California,United States,90410
Florrie,Tembey,56,ftembeyhh@usnews.com,988-405-9944,392 Michigan Alley,Cimuncang,,Indonesia,
Rosaleen,Pauls,79,rpaulshi@drupal.org,627-537-6151,1 Calypso Point,Smārde,,Latvia,
Rosella,Pearmine,73,rpearminehj@webmd.com,403-841-2414,6279 Carioca Pass,Songdong,,China,
Nickie,Mahaffey,36,nmahaffeyhk@digg.com,747-816-3134,0 Crest Line Drive,Santa Cruz,Chiapas,Mexico,30560
Curtice,Di Antonio,30,cdiantoniohl@ameblo.jp,832-535-7078,8 Mcbride Crossing,Bambari,,Central African Republic,
Marthena,Gautrey,75,mgautreyhm@yandex.ru,921-639-1199,67 Westerfield Drive,Zhanbei,,China,
Haily,Losel,25,hloselhn@businessinsider.com,944-204-9771,27435 Division Trail,Nanlang,,China,
Gwenore,Felipe,27,gfelipeho@oracle.com,271-946-5941,034 Hazelcrest Plaza,Tocok,,Philippines,4335
Garik,Badsey,47,gbadseyhp@stanford.edu,258-697-0024,8762 Prairieview Court,Kembangkerang Lauk Timur,,Indonesia,
Cori,Charte,62,cchartehq@exblog.jp,625-611-5494,73399 Thompson Avenue,Chichaoua,,Morocco,
Deny,Manklow,55,dmanklowhr@mozilla.com,167-359-1741,25 Thierer Lane,Pančevo,,Serbia,
Norean,Lanmeid,56,nlanmeidhs@princeton.edu,516-885-4529,022 Arizona Crossing,Shangyanzhuang,,China,
Elvera,Heimes,71,eheimesht@angelfire.com,754-825-3818,59743 Northfield Road,Tiên Phước,,Vietnam,
Elke,Abramson,38,eabramsonhu@ed.gov,188-581-6367,4 Kinsman Avenue,Budva,,Montenegro,
Andy,Piscopiello,73,apiscopiellohv@telegraph.co.uk,354-607-2255,246 1st Way,Luts’k,,Ukraine,
Patsy,Pestricke,82,ppestrickehw@dedecms.com,653-817-3101,4402 Pepper Wood Crossing,Kikuchi,,Japan,861-1686
Carola,Cudihy,46,ccudihyhx@stanford.edu,864-867-6596,3 Basil Drive,Tuanzhou,,China,
Lauree,Lillegard,74,llillegardhy@umich.edu,629-528-4859,4076 Glacier Hill Court,Dinan,Bretagne,France,22104 CEDEX
Mirella,Crimp,37,mcrimphz@globo.com,934-591-3783,48779 Grim Terrace,Aimorés,,Brazil,35200-000
Fionna,Canadine,18,fcanadinei0@bloglovin.com,407-493-6254,26 Longview Way,Kurye,,South Korea,
Lisle,Basnett,66,lbasnetti1@toplist.cz,260-894-5532,13187 Weeping Birch Place,Mangxing,,China,
Morly,Shannon,77,mshannoni2@infoseek.co.jp,664-429-9485,65317 Esker Park,Qalqīlyah,,Palestinian Territory,
Flinn,Sandell,43,fsandelli3@joomla.org,541-795-4696,85 Miller Circle,Kembang,,Indonesia,
Ferrel,Noads,77,fnoadsi4@nps.gov,441-883-1105,9981 Jenifer Court,Punolu,,Philippines,1114
Maryjane,Leates,50,mleatesi5@nydailynews.com,125-431-8747,81 Lotheville Place,Ponggok,,Indonesia,
Sergent,Helliker,33,shellikeri6@blogs.com,674-607-8928,4 Lake View Parkway,Ballymahon,,Ireland,F52
Hort,Lampke,19,hlampkei7@naver.com,174-790-6307,1 School Circle,Shihui,,China,
Virgilio,Dightham,72,vdighthami8@mtv.com,674-366-2403,12231 Scoville Junction,Kendalngupuk,,Indonesia,
Rustie,Cockshutt,50,rcockshutti9@nbcnews.com,396-443-6275,850 Waywood Park,Xinfang,,China,
Westley,Reinard,55,wreinardia@wikia.com,192-195-0097,56798 Hollow Ridge Terrace,Tashkent,,Uzbekistan,
Gratia,Haldenby,22,ghaldenbyib@earthlink.net,546-147-6452,5468 Kensington Junction,Andramasina,,Madagascar,
Kendra,Flippini,54,kflippiniic@buzzfeed.com,554-128-9750,97430 Sutherland Trail,São Miguel do Araguaia,,Brazil,76590-000
Mariana,Kubala,84,mkubalaid@deliciousdays.com,485-437-8698,328 Delaware Junction,Debar,,Macedonia,1250
Amargo,Cree,83,acreeie@google.ru,228-220-3105,885 Novick Plaza,Крушопек,,Macedonia,1040
Hynda,Downgate,76,hdowngateif@angelfire.com,108-385-3674,404 Nelson Drive,Fulu,,China,
Lindie,Burberye,70,lburberyeig@foxnews.com,803-669-9767,9 South Junction,Kallithéa,,Greece,
Gerrie,Nassie,36,gnassieih@arizona.edu,256-252-7561,96 Hudson Way,Novovolyns’k,,Ukraine,
Debee,Andrea,64,dandreaii@vk.com,671-803-3974,7267 Almo Lane,Zhankhoteko,,Russia,361524
Raimundo,Ipwell,63,ripwellij@deliciousdays.com,740-880-8589,11355 Anderson Court,Gaojimiao,,China,
Sheff,Vergo,29,svergoik@reddit.com,558-116-4764,08051 Dovetail Street,Peddie,,South Africa,6139
Nicholas,Golland,67,ngollandil@ucoz.ru,221-378-4196,25 Knutson Circle,Krajan Dermawuharjo,,Indonesia,
Ambrosius,Maylor,52,amaylorim@yellowpages.com,253-275-2725,6 Del Sol Crossing,Água Levada,Porto,Portugal,4745-380
Marcel,Boomes,18,mboomesin@digg.com,569-864-6516,9169 Dahle Junction,Quezon City,,Philippines,5312
Celeste,Pieracci,50,cpieracciio@taobao.com,250-394-6686,53 Paget Way,Kubanskiy,,Russia,102085
Sada,Diss,57,sdissip@dropbox.com,352-423-7969,0558 Ridgeway Plaza,Sobang,,Indonesia,
Leslie,Gallelli,55,lgallelliiq@taobao.com,345-349-8123,997 Anniversary Trail,Baisha,,China,
Obadias,Ferentz,73,oferentzir@washington.edu,897-115-4561,69 Logan Hill,Kaishantun,,China,
Anna,Trahar,83,atraharis@samsung.com,508-785-7409,65157 Golf Crossing,Krokeaí,,Greece,
Randi,Fenelow,85,rfenelowit@theatlantic.com,336-387-0120,5 Stuart Avenue,Kirkop,,Malta,KKP
Jude,Shand,53,jshandiu@unc.edu,908-107-2928,726 Starling Drive,Tân Hưng,,Vietnam,
Lark,Connew,53,lconnewiv@skyrock.com,471-104-4320,772 Ridgeway Way,Jiaoxiyakou,,China,
Iolanthe,Adamowitz,43,iadamowitziw@zdnet.com,929-231-8306,739 Caliangt Avenue,Tiehe,,China,
Holli,Flux,24,hfluxix@artisteer.com,401-188-1332,2174 Dayton Trail,Podgortsy,,Ukraine,
James,Hame,36,jhameiy@dot.gov,273-431-3222,3 Maywood Drive,Bojawa,,Indonesia,
Norine,Bruni,83,nbruniiz@webeden.co.uk,952-330-9781,43 Lawn Parkway,Minneapolis,Minnesota,United States,55446
Logan,Gallatly,81,lgallatlyj0@illinois.edu,499-615-1016,0 Veith Plaza,Jawornik,,Poland,38-112
Melina,Gorden,35,mgordenj1@harvard.edu,392-885-3308,9835 Acker Pass,Futuroscope,Poitou-Charentes,France,86964 CEDEX
Sarge,Dunkerly,64,sdunkerlyj2@dell.com,353-896-2348,06 High Crossing Parkway,Gobernador Gálvez,,Argentina,2124
Tandie,Belin,51,tbelinj3@elegantthemes.com,354-850-6287,63213 Carioca Way,Şabyā,,Saudi Arabia,
Jewelle,Lipscomb,43,jlipscombj4@chron.com,724-124-8137,07684 Jana Drive,Macarse,,Philippines,6707
Lowe,Castellino,18,lcastellinoj5@hp.com,753-494-3841,091 Tony Way,Kosamphi Nakhon,,Thailand,90190
Delcina,Lowey,68,dloweyj6@apache.org,360-488-1973,7 Havey Park,Mölndal,Västra Götaland,Sweden,431 49
Belva,Amberg,61,bambergj7@mozilla.com,689-415-6361,369 Orin Court,Bromma,Stockholm,Sweden,161 26
Lorry,Summergill,25,lsummergillj8@dmoz.org,264-506-1844,0 Melvin Crossing,Nichinan,,Japan,889-3151
Marybeth,Dowey,62,mdoweyj9@microsoft.com,545-388-5487,21 Glacier Hill Plaza,Ipoh,Perak,Malaysia,30648
Kelci,Whyborn,23,kwhybornja@mit.edu,141-968-2720,32167 Corscot Drive,San Matías,,Bolivia,
Stafani,Mayger,52,smaygerjb@amazon.co.jp,299-447-9971,52657 Victoria Center,Nikol’sk,,Russia,630025
Egbert,Savary,51,esavaryjc@sphinn.com,812-881-4569,78584 Mccormick Road,Frederico Westphalen,,Brazil,98400-000
Ilysa,Shevlane,19,ishevlanejd@wunderground.com,712-227-6311,18 Dahle Crossing,Paiçandu,,Brazil,87140-000
Shell,Gilburt,57,sgilburtje@wunderground.com,758-191-0281,87777 Truax Court,Dongming Chengguanzhen,,China,
Dulce,Nurse,68,dnursejf@blinklist.com,808-792-5729,6 Garrison Crossing,Villa Alemana,,Chile,
Skyler,Choppen,52,schoppenjg@paypal.com,857-754-4600,06544 Little Fleur Circle,Vavuniya,,Sri Lanka,43000
Kat,Hartman,71,khartmanjh@vistaprint.com,261-987-2958,73 Barnett Hill,Binitayan,,Philippines,5504
Anabal,Fitzmaurice,39,afitzmauriceji@webnode.com,116-739-7594,93 Stang Park,Nova Olímpia,,Brazil,87490-000
Klara,Cheater,20,kcheaterjj@reference.com,601-457-8399,9 Melody Junction,Ojo de Agua,Michoacan De Ocampo,Mexico,58353
Denny,Buckoke,60,dbuckokejk@jigsy.com,963-700-5706,96976 Hoepker Park,Xuefeng,,China,
Hodge,Maris,36,hmarisjl@posterous.com,781-494-5800,30 Algoma Parkway,Malayal,,Philippines,1070
Rodrique,Spring,50,rspringjm@joomla.org,481-304-3599,98 Golf Street,Tingzhou,,China,
Laurens,Sesons,35,lsesonsjn@mtv.com,440-655-4423,03 New Castle Terrace,Nykarleby,,Finland,02490
Frankie,Blum,26,fblumjo@csmonitor.com,978-449-8527,17 Southridge Crossing,Mont-Royal,Québec,Canada,H5B
Dasi,Apfler,25,dapflerjp@flickr.com,318-358-3222,5630 Reindahl Park,Tvŭrditsa,,Bulgaria,8890
Pinchas,Doxsey,74,pdoxseyjq@hexun.com,349-967-7078,8575 Laurel Way,Guadalupe,Jalisco,Mexico,45310
Nikki,MacGarvey,57,nmacgarveyjr@hud.gov,416-273-6064,3974 Burning Wood Avenue,Kufayrit,,Palestinian Territory,
Orelle,Dulton,61,odultonjs@linkedin.com,284-963-7160,71 Daystar Parkway,Aranyaprathet,,Thailand,27120
Ber,Kinchlea,65,bkinchleajt@instagram.com,270-415-9947,8666 Bartillon Lane,Olyka,,Ukraine,
Amy,Crudgington,45,acrudgingtonju@hhs.gov,953-987-7506,5 Warrior Trail,Ibirité,,Brazil,32400-000
Torrin,Desouza,56,tdesouzajv@canalblog.com,821-997-3458,832 Pawling Lane,Chanhe,,China,
Jeremias,Riden,34,jridenjw@yandex.ru,824-490-2556,6737 Colorado Place,Changuillo,,Peru,
Rupert,Harhoff,25,rharhoffjx@nydailynews.com,806-358-9136,60940 Starling Drive,Amarillo,Texas,United States,79105
Myrilla,Baruch,31,mbaruchjy@jimdo.com,491-927-5932,810 Graedel Lane,Al Qarmadah,,Tunisia,
Burty,Sheffield,70,bsheffieldjz@weather.com,734-240-7183,6 Hooker Drive,Hokor,,Indonesia,
Erich,Zealander,82,ezealanderk0@networksolutions.com,648-160-5392,0035 Onsgard Trail,Tugdan,,Philippines,5509
Ase,Urlin,18,aurlink1@facebook.com,703-816-5394,849 Valley Edge Street,Balagui,,Philippines,6549
Didi,Lauxmann,38,dlauxmannk2@npr.org,850-101-2616,87444 Goodland Lane,Bantilan,,Indonesia,
Ortensia,Vint,52,ovintk3@spotify.com,107-148-6613,37 Stang Avenue,Qinggou,,China,
Verina,Laidlow,52,vlaidlowk4@mozilla.com,105-819-9612,415 Summer Ridge Way,Jacareí,,Brazil,12300-000
Sherwynd,Durrington,29,sdurringtonk5@imdb.com,162-293-6818,3 Blackbird Park,Huating,,China,
Adah,Castanaga,65,acastanagak6@boston.com,876-711-0824,41 Ridgeway Lane,Siheyuan,,China,
Fannie,Danilowicz,36,fdanilowiczk7@feedburner.com,906-500-3927,6181 Redwing Trail,Dromiskin,,Ireland,W23
Bertrand,McGahern,61,bmcgahernk8@csmonitor.com,914-433-5480,00 Westridge Parkway,Carahue,,Chile,
Natividad,Conwell,47,nconwellk9@reddit.com,707-496-6949,20 Stang Park,Vicente Guerrero,Guerrero,Mexico,40230
Claretta,Bowen,57,cbowenka@nps.gov,145-383-8288,41134 Cardinal Place,Planken,,Liechtenstein,9498
Nikolaos,Brushneen,62,nbrushneenkb@networksolutions.com,256-563-4480,689 Maple Court,Taishihe,,China,
Edna,Peatt,75,epeattkc@acquirethisname.com,949-469-5773,73 Hovde Circle,Hongping,,China,
Wandie,Birt,42,wbirtkd@ibm.com,846-906-3860,919 Norway Maple Center,Tarbes,Midi-Pyrénées,France,65951 CEDEX 9
Delphinia,MacKessock,85,dmackessockke@archive.org,409-320-8813,206 Corben Pass,Yangzhou,,China,
Roosevelt,Slocum,79,rslocumkf@instagram.com,242-165-9431,54 Canary Point,Yokohama,,Japan,929-0341
Berry,Wilkins,33,bwilkinskg@wunderground.com,257-650-4638,115 Drewry Road,Santa Venera,,Malta,SVR
Dixie,Daingerfield,26,ddaingerfieldkh@ameblo.jp,640-791-3974,461 Chive Point,Sumberejo,,Indonesia,
Timothee,Hercules,33,therculeski@whitehouse.gov,314-499-8059,45404 Sauthoff Street,Leer,,South Sudan,
Lorrayne,Ogilby,49,logilbykj@usgs.gov,487-681-0959,169 Trailsway Street,Pandansari,,Indonesia,
Edgardo,Leonard,21,eleonardkk@stanford.edu,585-238-2153,89 Eagan Plaza,Ciechocin,,Poland,87-408
Jeremie,Zorzi,68,jzorzikl@over-blog.com,757-940-7989,1 Park Meadow Circle,Anuling,,Philippines,4221
Ernest,Clericoates,68,eclericoateskm@amazon.co.uk,105-883-1684,42909 Trailsway Drive,Orerokpe,,Nigeria,
Madelyn,Gossington,56,mgossingtonkn@go.com,995-222-1908,86 5th Alley,Yanjiang,,China,
Staci,Dalman,73,sdalmanko@quantcast.com,710-273-3127,4616 Duke Place,Hongqi,,China,
Eleanora,Ply,33,eplykp@51.la,670-132-4398,296 Northfield Way,Cavinti,,Philippines,4013
Wenda,Skey,51,wskeykq@wunderground.com,536-634-8137,10972 Cardinal Trail,Conselheiro Lafaiete,,Brazil,36400-000
Gloria,Brownsill,80,gbrownsillkr@twitpic.com,579-417-4027,31678 Service Point,Porsgrunn,Telemark,Norway,3912
Zara,Benedikt,60,zbenediktks@webmd.com,816-385-4830,49 Thierer Center,Krajan Joho,,Indonesia,
Gaylor,Dodsley,32,gdodsleykt@marriott.com,855-528-9200,4577 Sutherland Circle,Palomoc,,Philippines,4227
Odessa,Lockney,33,olockneyku@netscape.com,116-652-0660,0405 Maple Wood Trail,Conselheiro Lafaiete,,Brazil,36400-000
Celestina,Coulson,28,ccoulsonkv@freewebs.com,420-212-4349,44 Bluestem Avenue,Tatariv,,Ukraine,
Grete,Sopp,50,gsoppkw@google.ca,619-794-5411,7 Grasskamp Road,Akhtopol,,Bulgaria,8280
Vania,Enser,49,venserkx@msn.com,480-927-6383,65060 Pearson Crossing,Songshan,,China,
Gianina,Gratten,37,ggrattenky@mashable.com,490-482-9792,0 Waywood Pass,Juwana,,Indonesia,
Jacobo,Leabeater,62,jleabeaterkz@odnoklassniki.ru,997-108-0026,182 Prentice Plaza,Banjar Susut Kaja,,Indonesia,
Ewart,Hounihan,66,ehounihanl0@theglobeandmail.com,274-315-7129,73 Oak Valley Lane,Río de Oro,,Colombia,205048
Rafael,Pottage,54,rpottagel1@webnode.com,180-751-9610,313 Darwin Lane,Sandayong Sur,,Philippines,6344
Betteanne,Beedon,31,bbeedonl2@squarespace.com,881-447-1367,8 Farwell Alley,Baoxing,,China,
Stanford,Turbitt,49,sturbittl3@nps.gov,196-848-6350,1 Jay Park,'s-Hertogenbosch,Provincie Noord-Brabant,Netherlands,5224
Burnard,Ramsby,62,bramsbyl4@github.io,108-839-8095,2965 Saint Paul Avenue,Vitoria-Gasteiz,Pais Vasco,Spain,01005
Merna,Conner,30,mconnerl5@wix.com,699-616-9126,97 Corry Trail,Njurunda,Västernorrland,Sweden,862 95
Milena,Rennles,24,mrennlesl6@virginia.edu,327-295-5183,1 Dennis Circle,Shanhou,,China,
Serene,Bumpus,42,sbumpusl7@printfriendly.com,371-494-9951,18395 Bonner Drive,Camp Ithier,,Mauritius,
Jane,Pagel,28,jpagell8@creativecommons.org,158-109-7539,99 Nelson Street,Karangmelok,,Indonesia,
Yank,Hane,21,yhanel9@altervista.org,819-492-9299,3520 Bowman Road,Cibitung,,Indonesia,
Jessi,Siccombe,50,jsiccombela@msu.edu,727-426-5938,9360 Vermont Plaza,Gansa,,China,
Thorstein,McConnulty,82,tmcconnultylb@ft.com,633-118-1652,369 Scott Junction,Karpacz,,Poland,58-550
Alvie,Rootham,24,aroothamlc@booking.com,789-581-6582,553 Meadow Ridge Alley,Santa Cruz de Barahona,,Dominican Republic,11005
Camilla,MacArte,34,cmacarteld@cornell.edu,557-795-0989,01 Southridge Avenue,Sudimara,,Indonesia,
Udall,Blackshaw,46,ublackshawle@chicagotribune.com,680-430-3315,2 Northview Park,Siqu,,China,
Tamarra,Bumpass,53,tbumpasslf@spotify.com,533-893-1456,6 Schmedeman Park,Río Blanquito,,Honduras,
Cariotta,Darcy,51,cdarcylg@unc.edu,798-319-1790,52 2nd Avenue,Radenka,,Serbia,
Marinna,Brotherheed,48,mbrotherheedlh@wikimedia.org,385-105-9553,581 Stuart Way,Taliouine,,Morocco,
Brody,Grandham,20,bgrandhamli@google.cn,763-241-1256,3641 Carioca Trail,Caeté,,Brazil,34800-000
Fraser,Rountree,57,frountreelj@pen.io,522-160-9040,0141 Anthes Parkway,Shuanghekou,,China,
Horatius,de Quesne,73,hdequesnelk@rambler.ru,745-679-5381,9 Grayhawk Hill,Emiliano Zapata,Chiapas,Mexico,30890
Idette,Shipcott,51,ishipcottll@ask.com,503-242-0311,3 Badeau Crossing,Habingkloang,,Indonesia,
James,Works,22,jworkslm@cam.ac.uk,496-677-6647,73 Messerschmidt Junction,Chambéry,Rhône-Alpes,France,73031 CEDEX
Garrek,Rabson,74,grabsonln@buzzfeed.com,504-340-4945,7 Holy Cross Court,Buri,,Brazil,18290-000
Cate,MacNish,41,cmacnishlo@etsy.com,221-700-6206,388 Gulseth Hill,Rognedino,,Russia,242774
Athene,Leipold,54,aleipoldlp@wsj.com,682-483-7112,24 Rutledge Center,Jiangwei,,China,
Parnell,Donnison,40,pdonnisonlq@unesco.org,268-195-4666,776 Myrtle Plaza,Melville,Saskatchewan,Canada,S7W
Jule,Di Roberto,80,jdirobertolr@desdev.cn,706-459-3931,1 Fieldstone Plaza,Luoping,,China,
Ashlan,Skunes,61,askunesls@google.com.br,558-174-5384,68337 Village Green Drive,Sędziejowice,,Poland,98-160
Durant,Gissing,77,dgissinglt@seattletimes.com,964-366-7627,31707 Derek Way,Jardim,,Brazil,79240-000
Fredrika,Cockerill,68,fcockerilllu@fda.gov,761-962-9191,518 Thackeray Avenue,Garanhuns,,Brazil,55290-000
Joleen,Miles,83,jmileslv@g.co,567-501-1156,725 Larry Plaza,Gubu,,China,
Augusto,Olwen,28,aolwenlw@blog.com,306-624-1551,5 Cherokee Center,Longxing,,China,
Skipper,Robbe,45,srobbelx@msu.edu,375-347-4463,81 Stephen Road,Itamaraju,,Brazil,45836-000
Avictor,Shadbolt,20,ashadboltly@thetimes.co.uk,410-926-4893,28066 Oak Valley Terrace,Mencon,,Indonesia,
Natalee,Brankley,26,nbrankleylz@netlog.com,361-500-0033,94 Arizona Circle,Negara,,Indonesia,
Bord,Karpenya,34,bkarpenyam0@webeden.co.uk,248-657-5410,69 Texas Junction,Kuybyshev,,Russia,632351
Nappy,Bailes,36,nbailesm1@ezinearticles.com,886-745-6185,86696 Milwaukee Road,Chocope,,Peru,
Bobbie,Cortnay,36,bcortnaym2@bluehost.com,674-905-6900,562 Karstens Center,San Diego,Mexico,Mexico,56700
Gisele,Gildea,79,ggildeam3@symantec.com,559-892-9917,81 Nancy Pass,Sukorejo,,Indonesia,
Britt,Mallalieu,84,bmallalieum4@mozilla.com,740-212-8303,1 Rowland Road,Gurra e Vogël,,Albania,
Bonnee,Khadir,81,bkhadirm5@shutterfly.com,920-201-9735,15905 Melody Park,Dublje,,Serbia,
Karlie,Collumbine,35,kcollumbinem6@flickr.com,272-438-6351,630 Oak Valley Alley,Heret,,Indonesia,
Janith,Baily,28,jbailym7@instagram.com,609-805-9186,7 Waywood Point,Los Guayos,,Venezuela,
Kip,McRitchie,64,kmcritchiem8@google.de,192-741-5608,46 Red Cloud Pass,Tsimkavichy,,Belarus,
Julio,Goade,44,jgoadem9@mozilla.org,477-608-0700,017 North Center,Borås,Västra Götaland,Sweden,507 52
Toni,Sanford,79,tsanfordma@berkeley.edu,927-517-3348,029 Nova Avenue,Borisovka,,Russia,307736
Drucill,Van Merwe,19,dvanmerwemb@ow.ly,160-112-9614,09835 Jenna Crossing,Šluknov,,Czech Republic,407 77
Katy,Couvet,50,kcouvetmc@github.com,197-249-2200,08137 Duke Point,Trollhättan,Västra Götaland,Sweden,461 58
Leigh,Lidell,53,llidellmd@ca.gov,916-405-0289,8 Paget Road,Miaotang,,China,
Rici,Chomicki,60,rchomickime@myspace.com,342-270-1214,1 Autumn Leaf Trail,Paine,,Chile,
Pia,Relfe,31,prelfemf@npr.org,171-629-4872,10 Walton Lane,Cergy-Pontoise,Île-de-France,France,95809 CEDEX
Llywellyn,Domoney,60,ldomoneymg@gravatar.com,119-698-3999,8 Dexter Alley,Balaka,,Malawi,
Kirk,Ivimey,63,kivimeymh@taobao.com,819-439-9014,1704 Blaine Terrace,Tirhanimîne,,Morocco,
Layney,Mutimer,28,lmutimermi@webeden.co.uk,174-332-1123,0471 Green Ridge Trail,Krajan Caluk,,Indonesia,
Levy,Duiguid,81,lduiguidmj@umich.edu,240-514-0819,1 Barby Terrace,Singa,,Peru,
Lina,Gippes,20,lgippesmk@pinterest.com,507-801-7752,2552 Fairfield Circle,Bauang,,Philippines,2501
Nedi,Neising,70,nneisingml@eventbrite.com,127-854-0163,3881 Westerfield Street,Gelap,,Indonesia,
Donal,Flecknell,22,dflecknellmm@shop-pro.jp,771-480-9140,6197 Monument Point,Stockholm,Stockholm,Sweden,102 27
Jolie,Sheryne,68,jsherynemn@histats.com,832-487-4386,83860 Kenwood Pass,Río Blanco,,Nicaragua,
Christiano,Scottesmoor,75,cscottesmoormo@cpanel.net,551-651-4929,83689 Drewry Drive,Pamotan,,Indonesia,
Gradey,Ledson,81,gledsonmp@mac.com,744-342-1077,13 Portage Parkway,Yola,,Nigeria,
Stepha,Deviney,69,sdevineymq@chron.com,451-680-9339,4303 Utah Trail,Boguchwała,,Poland,36-040
Marisa,Hoofe,58,mhoofemr@stumbleupon.com,649-945-5058,8 Anderson Center,Yongping,,China,
Roley,Towsey,23,rtowseyms@webnode.com,151-316-9593,22792 Dovetail Junction,Nanyo,,Philippines,2508
Lorne,Pigott,57,lpigottmt@quantcast.com,851-878-9258,1 Homewood Avenue,Újezd,,Czech Republic,789 85
Bartel,Spurgeon,32,bspurgeonmu@disqus.com,655-508-3662,1 Darwin Crossing,Sharga,,Mongolia,
Linnie,Siddens,33,lsiddensmv@people.com.cn,541-539-4676,64 Atwood Plaza,Jawornik Polski,,Poland,37-232
Marcel,Emmet,26,memmetmw@wufoo.com,167-425-3089,4410 Nova Hill,Casal do Conde,Santarém,Portugal,2330-524
Roberto,Glyde,56,rglydemx@biblegateway.com,466-789-2115,59 Kinsman Parkway,Panjiang,,China,
Ambur,Sands-Allan,78,asandsallanmy@surveymonkey.com,871-938-4047,29613 Anderson Pass,Punata,,Bolivia,
Terrye,Robus,71,trobusmz@boston.com,761-313-6990,83 Raven Plaza,Shkotovo,,Russia,692815
Barbabra,Nund,61,bnundn0@smugmug.com,136-844-5605,4 Mallory Hill,Tagum,,Philippines,1720
Hieronymus,Lamerton,40,hlamertonn1@java.com,316-796-6164,49779 Fallview Trail,Khān Yūnis,,Palestinian Territory,
Diana,Bickell,55,dbickelln2@tinypic.com,650-551-7892,6080 Lerdahl Pass,Tromsø,Troms,Norway,9270
Shell,Lawless,81,slawlessn3@oracle.com,248-540-3158,10185 Lindbergh Circle,Oehala,,Indonesia,
Herminia,Riddick,73,hriddickn4@ifeng.com,602-152-9814,1104 Jay Court,Cherepovets,,Russia,162674
Randolph,Glanfield,58,rglanfieldn5@pcworld.com,210-983-0167,5 Bayside Alley,San Antonio,Texas,United States,78285
Jaine,MacAfee,67,jmacafeen6@surveymonkey.com,295-842-5309,0722 Clyde Gallagher Junction,Pa Bon,,Thailand,93170
Idalia,Slipper,47,islippern7@omniture.com,585-831-8450,83 Hallows Alley,Varpaisjärvi,,Finland,73201
Martguerita,Grastye,31,mgrastyen8@taobao.com,625-262-6142,2936 Sommers Way,Hongqi,,China,
Leela,Kidde,56,lkidden9@quantcast.com,205-759-0227,09064 Toban Point,Tuscaloosa,Alabama,United States,35487
Sam,Vass,72,svassna@jimdo.com,772-506-7151,2800 Gina Way,Dmytrivka,,Ukraine,
Maynord,Gemlett,55,mgemlettnb@senate.gov,930-968-1542,32963 Debs Alley,Quebradas,Lisboa,Portugal,2065-114
Marissa,Coughlin,67,mcoughlinnc@japanpost.jp,791-441-3974,0313 Meadow Ridge Junction,Yantan,,China,
Ludvig,de Najera,26,ldenajerand@irs.gov,453-678-8879,500 Mallard Pass,Xinfeng,,China,
Rhys,Wishart,40,rwishartne@xing.com,982-439-2553,178 Hollow Ridge Drive,Camaquã,,Brazil,96180-000
Arielle,O'Regan,53,aoregannf@xrea.com,868-457-9713,7 Summit Lane,Jomsom,,Nepal,
Kristel,Kix,46,kkixng@webnode.com,198-171-5463,5232 Russell Street,Qiongshan,,China,
Cal,Garter,68,cgarternh@google.com.br,515-253-2884,5 Bultman Drive,Obigarm,,Tajikistan,
Brig,Solman,81,bsolmanni@comcast.net,862-925-4778,38354 Mccormick Hill,Shahumyan,,Armenia,
Mischa,Eatherton,69,meathertonnj@archive.org,812-947-7669,89833 Dwight Pass,João Pessoa,,Brazil,58000-000
Randolf,Whorton,69,rwhortonnk@so-net.ne.jp,943-369-7218,729 Colorado Pass,Lagunillas,Jalisco,Mexico,49580
Etienne,Caudwell,43,ecaudwellnl@seesaa.net,622-747-1376,10 Eliot Court,Tegarenkrajan,,Indonesia,
Milton,Francescone,58,mfrancesconenm@reddit.com,833-517-2555,9 Fallview Lane,Tha Wang Pha,,Thailand,55140
Marje,Bakes,59,mbakesnn@google.de,746-389-6665,1723 Almo Parkway,Sa Bot,,Thailand,15240
Helyn,Beldham,49,hbeldhamno@ycombinator.com,816-251-8116,711 Lake View Avenue,Sol’-Iletsk,,Russia,461509
Silvano,Mordacai,84,smordacainp@google.com.br,245-481-4676,4 Myrtle Center,Oebai,,Indonesia,
Simone,Runham,83,srunhamnq@homestead.com,866-421-9169,06374 Prairie Rose Crossing,Lahad Datu,Sabah,Malaysia,91127
Sheryl,Stubbington,25,sstubbingtonnr@stumbleupon.com,907-634-6557,47 Ramsey Circle,Arroyo Seco,Guerrero,Mexico,41821
Oralle,Babington,45,obabingtonns@odnoklassniki.ru,521-891-2846,262 Sycamore Center,Lishan,,China,
Munmro,Newbatt,40,mnewbattnt@exblog.jp,754-621-8610,5630 Summer Ridge Junction,Río Segundo,,Argentina,5972
Olwen,Sarle,41,osarlenu@nymag.com,576-152-2603,633 Esker Way,Siliana,,Tunisia,
Courtney,Hounsom,44,chounsomnv@indiatimes.com,108-736-5370,12 Kropf Plaza,Kryvyy Rih,,Ukraine,
Ilyssa,Schelle,32,ischellenw@mysql.com,465-321-5348,184 Myrtle Street,Taoyuan,,China,
Dennet,Bolgar,33,dbolgarnx@hao123.com,507-990-6518,10641 Northview Trail,Yangong,,China,
Frieda,McEvon,39,fmcevonny@ovh.net,689-314-4760,2877 Melody Drive,Nanfeng,,China,
Kristina,China,31,kchinanz@vk.com,912-699-7569,001 Caliangt Circle,Cayambe,,Ecuador,
Rosemary,Ladd,22,rladdo0@youku.com,498-485-5633,935 4th Plaza,Uppsala,Uppsala,Sweden,757 59
Drusi,Schulken,37,dschulkeno1@goo.ne.jp,413-878-6397,514 Hudson Way,Tandag,,Philippines,8300
Monty,Gladdolph,25,mgladdolpho2@gmpg.org,506-388-7014,087 Prairie Rose Plaza,Petrokamenskoye,,Russia,624273
Daryle,McCaughren,59,dmccaughreno3@sourceforge.net,316-809-0404,09 Maywood Trail,Aurora,,Philippines,7020
Mattias,Tye,26,mtyeo4@lulu.com,395-965-7387,9 Browning Trail,Rędziny,,Poland,42-242
Whitman,Overington,20,woveringtono5@yahoo.co.jp,667-528-9920,1 High Crossing Street,Tchoban Bey,,Syria,
Turner,Ousley,81,tousleyo6@booking.com,698-861-4740,8422 Dottie Parkway,Mohammedia,,Morocco,
Marika,Pulver,80,mpulvero7@de.vu,882-422-4528,98 Elka Place,Nzega,,Tanzania,
Urbano,Rumbelow,45,urumbelowo8@booking.com,177-860-8080,1 Trailsway Place,Lembung Tengah,,Indonesia,
Rani,Gillio,45,rgillioo9@mit.edu,839-826-6374,8114 Center Plaza,Nuits-Saint-Georges,Bourgogne,France,21704 CEDEX
Lay,Heaselgrave,70,lheaselgraveoa@cdc.gov,217-174-1749,3 Moland Place,Macinhata da Seixa,Aveiro,Portugal,3720-085
Lurleen,Pagin,45,lpaginob@pcworld.com,752-153-9299,4 Southridge Drive,Pak Phanang,,Thailand,80140
Corenda,Giffaut,72,cgiffautoc@shinystat.com,678-545-6156,30 Heath Crossing,Staropavlovskaya,,Russia,361513
Barby,Bumpass,34,bbumpassod@wp.com,341-773-7231,4635 Bashford Crossing,Ðà Lạt,,Vietnam,
Robena,Plover,52,rploveroe@instagram.com,716-203-7073,20621 Towne Hill,Catac,,Peru,
Starlin,Gourlay,18,sgourlayof@amazon.co.jp,742-775-0624,21617 Elmside Pass,Solânea,,Brazil,58225-000
Lenka,Hastin,82,lhastinog@archive.org,212-881-3786,4 Jana Park,Fusagasuga,,Colombia,252219
Devondra,Dossettor,40,ddossettoroh@rambler.ru,771-710-3483,6900 Grasskamp Parkway,Sishilichengzi,,China,
Philbert,Rizzardo,53,prizzardooi@twitter.com,328-728-5011,73665 Pierstorff Alley,Teresita,,Philippines,9512
Lucretia,Maddams,59,lmaddamsoj@nytimes.com,806-796-4456,846 Huxley Drive,Drybin,,Belarus,
Lyndel,Lennard,34,llennardok@pinterest.com,175-319-2386,01163 Rusk Plaza,Tangjin,,South Korea,
Humfrid,Isakovic,48,hisakovicol@wordpress.org,754-748-3594,0 Scoville Plaza,Krajan Alastengah,,Indonesia,
Athene,Mish,58,amishom@ft.com,837-743-0258,13463 Lake View Pass,Poctol,,Philippines,7416
Ewan,Caulwell,74,ecaulwellon@exblog.jp,901-598-7187,7858 Browning Parkway,Dihtyari,,Ukraine,
Alick,Rustadge,54,arustadgeoo@blogspot.com,741-900-0977,25 Fallview Place,Umeå,Västerbotten,Sweden,904 04
Laureen,Jemison,62,ljemisonop@woothemes.com,568-218-9895,5723 Harper Trail,Pangao,,Philippines,4228
Ermentrude,Thacker,80,ethackeroq@wiley.com,857-414-4487,073 Derek Court,Nanying,,China,
Nicol,Broadwell,35,nbroadwellor@github.com,660-745-0830,663 Merrick Terrace,Xikou,,China,
Marti,Jodkowski,49,mjodkowskios@google.fr,867-357-7122,82 Dryden Street,Kutacane,,Indonesia,
Regina,Chatelain,28,rchatelainot@hugedomains.com,916-410-4394,32619 Glacier Hill Center,Sacramento,California,United States,95813
Stearne,Gimert,55,sgimertou@toplist.cz,567-150-5535,2425 Thompson Parkway,Sanxi,,China,
Roda,Handling,24,rhandlingov@ifeng.com,519-211-0425,9 Jenifer Trail,Bulangan,,Indonesia,
Gregg,Book,30,gbookow@yahoo.com,408-620-3909,55 Surrey Junction,Shuangmiaojie,,China,
Newton,Heaney`,31,nheaneyox@simplemachines.org,585-920-1500,84842 Eastwood Street,Alvito,Beja,Portugal,7920-015
Burtie,Petrecz,83,bpetreczoy@spotify.com,391-822-8661,34920 Golf Point,Montemor-o-Velho,Coimbra,Portugal,3140-253
Hollis,Goldby,19,hgoldbyoz@archive.org,967-793-7920,3 Pierstorff Circle,Kunyang,,China,
Esdras,Grisley,34,egrisleyp0@jugem.jp,771-524-0095,21 Heffernan Way,Busan,,South Korea,
Rodge,Vivien,85,rvivienp1@mit.edu,229-996-6672,55023 Logan Lane,Ocoyo,,Peru,
Reade,Gorries,30,rgorriesp2@chicagotribune.com,578-568-6358,89558 Aberg Circle,Mosta,,Malta,MST
Georgie,Katzmann,51,gkatzmannp3@lycos.com,815-760-2946,2 Moulton Center,Sukamulya,,Indonesia,
Ossie,Redmain,82,oredmainp4@un.org,713-590-0117,7548 Nobel Lane,Siemiechów,,Poland,33-181
Christabel,Salla,39,csallap5@arstechnica.com,782-313-4087,918 School Parkway,Duwe,,Indonesia,
Constantin,Le Noir,65,clenoirp6@digg.com,799-161-8035,13 Glacier Hill Circle,Cáceres,,Colombia,052458
Jakie,Bathowe,34,jbathowep7@intel.com,867-960-9955,4877 Manufacturers Point,Emiliano Zapata,Chiapas,Mexico,30890
Naomi,Revely,69,nrevelyp8@merriam-webster.com,566-652-3526,5 Lakewood Terrace,Río Bueno,,Chile,
Kenton,Paynter,25,kpaynterp9@hexun.com,181-644-3109,49041 Mockingbird Point,Laojieji,,China,
Garwin,Corteis,51,gcorteispa@fda.gov,392-160-8203,4729 Thackeray Trail,Mrzezino,,Poland,84-130
Lucho,Shelmerdine,65,lshelmerdinepb@intel.com,148-500-1554,8 Trailsway Pass,Paris 08,Île-de-France,France,75367 CEDEX 08
Josias,Mingasson,67,jmingassonpc@irs.gov,298-990-6447,93 Surrey Road,Awar-awar,,Indonesia,
Vicky,Argue,84,varguepd@jimdo.com,779-431-1793,15810 Meadow Vale Way,Cruz Alta,,Brazil,98000-000
Der,Drage,67,ddragepe@wiley.com,151-359-0163,5 Duke Hill,Buliran Segundo,,Philippines,3109
Anette,Twittey,39,atwitteypf@google.co.uk,379-257-0332,019 Golden Leaf Court,Hrvatini,,Slovenia,6281
Sal,Trees,81,streespg@columbia.edu,825-227-0478,984 Dunning Terrace,Filimonovo,,Russia,663620
Cordula,Awcoate,51,cawcoateph@examiner.com,444-370-3816,2553 Toban Pass,Zhoutou,,China,
Mariette,Werner,82,mwernerpi@admin.ch,517-541-3544,4360 Donald Street,Bogoria,,Poland,28-210
Rourke,Game,36,rgamepj@reference.com,994-643-2671,94851 Bartillon Crossing,Romanovo,,Russia,658640
Bronny,Hulance,32,bhulancepk@weebly.com,307-585-4388,29 Tony Crossing,Capivari,,Brazil,13360-000
Mill,Beacroft,78,mbeacroftpl@technorati.com,673-880-6941,7979 Rusk Street,Oświęcim,,Poland,32-610
Symon,Dilke,32,sdilkepm@opensource.org,820-994-3539,7648 Crescent Oaks Center,Cilebang Satu,,Indonesia,
Cassaundra,Joret,33,cjoretpn@sfgate.com,810-646-5087,10390 Hermina Terrace,Songhae,,South Korea,
Vanda,Halhead,74,vhalheadpo@bloglovin.com,341-375-8658,7 Sommers Crossing,Wa’eryi,,China,
Thom,Baseggio,55,tbaseggiopp@ameblo.jp,800-986-3768,47093 Vidon Avenue,Fteliá,,Greece,
Birch,Baitey,73,bbaiteypq@uol.com.br,215-266-5908,208 3rd Park,Alma,Québec,Canada,N6J
Betteann,Limpenny,65,blimpennypr@google.com,516-769-6961,7311 Hoard Drive,As Sab‘ Biyār,,Syria,
Llewellyn,Lavington,81,llavingtonps@csmonitor.com,164-519-2342,9973 John Wall Pass,Komono,,Japan,811-3122
Sara,Duinbleton,53,sduinbletonpt@npr.org,231-103-9045,4 Corscot Terrace,Hinunangan,,Philippines,6608
Brad,Bagott,72,bbagottpu@cyberchimps.com,331-860-1423,9 Shelley Terrace,Isaka,,Tanzania,
Hilary,Heinz,81,hheinzpv@telegraph.co.uk,796-182-1116,413 Westport Pass,Batad,,Philippines,5016
Homerus,Begent,78,hbegentpw@1und1.de,631-356-1282,5 Corben Junction,Jorf,,Morocco,
Idette,Rany,21,iranypx@umn.edu,327-666-2792,72163 Kings Crossing,Tangxi,,China,
Lonnie,Boggon,44,lboggonpy@dagondesign.com,839-484-7093,03155 Bobwhite Place,Landskrona,Skåne,Sweden,261 45
Welby,Matovic,48,wmatovicpz@psu.edu,758-893-3997,64107 Carioca Hill,Yangjingziwan,,China,
Caroline,MacMoyer,28,cmacmoyerq0@jalbum.net,919-199-4803,16 Superior Place,Świlcza,,Poland,36-072
Crosby,Fortey,26,cforteyq1@weibo.com,211-197-5886,98 Emmet Place,El Tablón,,Honduras,
Annamarie,Creasy,18,acreasyq2@spiegel.de,756-587-6929,143 Straubel Hill,Santa Cruz,,Philippines,5105
Godfry,Rucklidge,23,grucklidgeq3@1und1.de,147-888-7995,948 Laurel Pass,Qorovulbozor,,Uzbekistan,
Yetta,McCloid,18,ymccloidq4@cbc.ca,551-470-4375,4777 Katie Crossing,"Brgy. Nalook, kalibo",,Philippines,7207
Barbe,Pharaoh,79,bpharaohq5@wiley.com,808-130-3857,710 Kim Circle,Atakpamé,,Togo,
Datha,Pridmore,74,dpridmoreq6@pen.io,871-767-5819,5 Bartillon Pass,Skalat,,Ukraine,
Reidar,Scherer,40,rschererq7@usatoday.com,655-110-5470,77525 Alpine Hill,Banjar Jagasatru,,Indonesia,
Dasie,Baynton,26,dbayntonq8@thetimes.co.uk,139-398-0609,3 Sutherland Lane,Kaliska,,Poland,83-260
Levi,McGlaughn,32,lmcglaughnq9@yellowpages.com,816-704-1288,32 Doe Crossing Park,Delgerhaan,,Mongolia,
Kyle,Alflatt,42,kalflattqa@independent.co.uk,758-105-0365,13 Ridgeway Alley,Álftanes,,Iceland,225
Yalonda,Kirman,56,ykirmanqb@senate.gov,616-411-7166,16196 Carberry Street,Jiangxi,,China,
Annamarie,Gowthorpe,54,agowthorpeqc@usda.gov,501-961-1686,700 Merchant Junction,Taipalsaari,,Finland,54920
Shena,Enderlein,70,senderleinqd@ebay.co.uk,631-518-6862,9543 Bunting Circle,Banaba,,Philippines,4125
Pen,Arkin,43,parkinqe@moonfruit.com,419-276-3961,66 Shoshone Junction,Yaroslavskiy,,Russia,141032
Osgood,Golde,38,ogoldeqf@scribd.com,439-740-2576,280 Warner Circle,Póvoa,Porto,Portugal,4615-325
Mariette,Gibbieson,57,mgibbiesonqg@tamu.edu,519-486-5064,92 Vidon Terrace,Alès,Languedoc-Roussillon,France,30112 CEDEX
Kalinda,Duchesne,81,kduchesneqh@nymag.com,272-868-7383,019 Helena Alley,Toukh,,Egypt,
Gayle,Tewelson,39,gtewelsonqi@admin.ch,448-779-3481,78527 Killdeer Place,Melong,,Cameroon,
Redd,Reubbens,81,rreubbensqj@theatlantic.com,695-837-3043,15464 Golf Course Alley,Pemzashen,,Armenia,
Bailey,McLinden,54,bmclindenqk@merriam-webster.com,986-526-2094,60582 Bluestem Place,Urug,,Indonesia,
Powell,Tuxwell,32,ptuxwellql@geocities.com,162-454-1415,09 Kipling Avenue,Metz,Lorraine,France,57052 CEDEX 02
Trip,Pechell,60,tpechellqm@house.gov,105-464-6947,13 Anhalt Road,Hodošan,,Croatia,40320
Dolf,Alphonso,81,dalphonsoqn@nature.com,150-269-3990,5 Myrtle Lane,Rájec-Jestřebí,,Czech Republic,666 01
Chelsey,Crosier,52,ccrosierqo@sbwire.com,305-488-0450,650 Annamark Park,Miami,Florida,United States,33129
Abbey,Tickle,38,atickleqp@netscape.com,843-663-5403,0 Ridge Oak Street,Muromtsevo,,Russia,601389
Giulietta,Maggill'Andreis,64,gmaggillandreisqq@people.com.cn,866-407-0529,7 Lunder Plaza,Herval,,Brazil,96310-000
Aeriell,Husthwaite,39,ahusthwaiteqr@php.net,754-985-7273,51629 Ridgeview Road,Changhao,,China,
Miquela,Elsegood,26,melsegoodqs@wunderground.com,208-195-7428,13212 Londonderry Parkway,Boise,Idaho,United States,83722
Findlay,Walsom,57,fwalsomqt@booking.com,852-724-0051,769 Comanche Drive,Berestechko,,Ukraine,
Frederica,Sonner,55,fsonnerqu@blinklist.com,850-401-6707,9445 Crescent Oaks Circle,As Suwaydā,,Yemen,
Boigie,Putland,77,bputlandqv@abc.net.au,997-733-8044,94315 Dawn Court,Pacarkeling,,Indonesia,
Chrissy,Brownsett,59,cbrownsettqw@goo.gl,931-335-2546,3563 Declaration Pass,Qiandong,,China,
Sharlene,Keetch,33,skeetchqx@storify.com,768-843-5536,13785 Spohn Pass,Chelyabinsk,,Russia,454092
Tarrah,Berthe,65,tbertheqy@reuters.com,298-260-2298,47 Bultman Avenue,Penápolis,,Brazil,16300-000
Jazmin,Terne,51,jterneqz@myspace.com,761-364-0440,4855 Bluestem Circle,Uberlândia,,Brazil,38400-000
Karola,Mandy,32,kmandyr0@amazon.co.uk,587-443-6427,39202 Debra Park,Jawornik Polski,,Poland,37-232
Darrin,Haggart,53,dhaggartr1@npr.org,334-104-2811,5 Corscot Court,Warnes,,Bolivia,
Jesse,Chin,31,jchinr2@japanpost.jp,941-349-7869,4 Northport Pass,Łapsze Niżne,,Poland,34-442
Isidora,Louder,43,ilouderr3@unc.edu,819-660-3370,136 Anniversary Trail,Patapan,,Indonesia,
Bernita,McGinney,41,bmcginneyr4@youtu.be,146-191-0148,27312 Commercial Terrace,San Isidro,,Philippines,8421
Julia,Burhouse,46,jburhouser5@pagesperso-orange.fr,298-432-4023,34 Merchant Pass,Zhenghu,,China,
Wilmer,Fance,26,wfancer6@yahoo.co.jp,777-838-5617,8178 Mockingbird Junction,Bayanan,,Philippines,5200
Madelina,Harner,65,mharnerr7@com.com,410-253-0792,36202 Forest Circle,Annapolis,Maryland,United States,21405
Kenon,Strathern,74,kstrathernr8@godaddy.com,809-123-4166,95583 Pierstorff Way,Ungsang,,South Korea,
Dania,McNeillie,52,dmcneillier9@themeforest.net,129-956-6388,92 Forest Dale Lane,Oslo,Oslo,Norway,1257
Dame,Leavesley,60,dleavesleyra@issuu.com,866-196-7981,97 Hintze Avenue,Sasebo,,Japan,859-6411
Gnni,Shoorbrooke,45,gshoorbrookerb@narod.ru,676-956-7147,81 Logan Hill,Taldan,,Russia,676009
Earle,Wealthall,29,ewealthallrc@telegraph.co.uk,275-127-9658,91321 Anzinger Drive,Lukunor,,Micronesia,
Aurea,Shrubsall,29,ashrubsallrd@tuttocitta.it,207-608-2547,95045 Havey Pass,Kawengan,,Indonesia,
Valerye,Phelps,43,vphelpsre@nyu.edu,675-329-3066,989 Graceland Avenue,Albarraque,Lisboa,Portugal,2635-012
Jilleen,Kilshaw,32,jkilshawrf@netscape.com,723-941-2671,19 Mccormick Terrace,Soisy-sous-Montmorency,Île-de-France,France,95234
Debor,Capaldo,82,dcapaldorg@oaic.gov.au,977-556-0817,5757 Kingsford Pass,Hetian,,China,
Birdie,Mead,74,bmeadrh@reference.com,612-362-7358,3 Dawn Lane,Mawza‘,,Yemen,
Bibbye,Strangward,81,bstrangwardri@imageshack.us,732-807-3070,415 Annamark Crossing,Bashan,,China,
Wade,MacNeely,63,wmacneelyrj@washingtonpost.com,368-385-6632,5 Morning Junction,Wan Yai,,Thailand,49150
Renado,Kubin,34,rkubinrk@e-recht24.de,311-934-5072,52556 Thackeray Point,Khóra,,Greece,
Felizio,Kumar,27,fkumarrl@irs.gov,389-136-6945,44 Blue Bill Park Lane,Bilian,,China,
Oran,Barnet,82,obarnetrm@kickstarter.com,225-606-4064,1 Birchwood Road,Calape,,Philippines,6328
Carmine,Ashbey,57,cashbeyrn@vinaora.com,585-192-2508,14 Sutteridge Court,Long Thành,,Vietnam,
Antonia,Kernaghan,71,akernaghanro@fastcompany.com,319-371-3569,299 Nancy Way,Säffle,Värmland,Sweden,661 24
Forrest,Tweede,65,ftweederp@1und1.de,122-641-0101,59182 Green Place,Fengcheng,,China,
Berri,Haberjam,83,bhaberjamrq@huffingtonpost.com,903-830-2010,2908 Northwestern Alley,Huangshi,,China,
Paquito,Godbert,83,pgodbertrr@smugmug.com,388-207-2912,89358 Doe Crossing Crossing,Panji,,Indonesia,
