id,first_name,last_name,email,gender,ip_address
1,Bernetta,Mathiot,bmathiot0@pagesperso-orange.fr,Female,60.110.62.168
2,Sumner,Birkenshaw,sbirkenshaw1@miibeian.gov.cn,Male,99.76.25.106
3,Gardiner,Manning,gmanning2@ustream.tv,Genderfluid,32.171.86.225
4,Rozina,Gisburne,rgisburne3@abc.net.au,Female,187.4.74.2
5,Pedro,Maher,pmaher4@blogtalkradio.com,Male,13.152.20.89
6,Etty,Linnett,elinnett5@independent.co.uk,Female,114.27.119.132
7,Van,Redhills,vredhills6@gravatar.com,Male,3.238.156.186
8,Whit,Winnett,wwinnett7@china.com.cn,Male,250.175.167.227
9,Kerrill,Dauncey,kdauncey8@typepad.com,Female,10.57.235.150
10,Burtie,Demicoli,bdemicoli9@geocities.jp,Male,22.28.82.141
11,Dynah,Marmyon,dmarmyona@php.net,Female,154.216.146.8
12,Jillayne,Drance,jdranceb@blinklist.com,Female,215.158.203.31
13,Nolana,Chell,nchellc@barnesandnoble.com,Female,36.95.210.197
14,Mab,Fearneley,mfearneleyd@ucoz.com,Non-binary,67.51.36.162
15,Rosita,Upcraft,rupcrafte@nhs.uk,Female,208.139.187.240
16,Guthry,Luter,gluterf@homestead.com,Male,223.237.226.186
17,Nikita,O'Siaghail,nosiaghailg@ow.ly,Male,214.21.51.23
18,Janos,Roser,jroserh@phoca.cz,Male,35.147.4.19
19,Onfre,Hold,oholdi@globo.com,Male,204.103.12.107
20,Carla,Leechman,cleechmanj@simplemachines.org,Female,63.208.14.81
21,Rolland,Lewsley,rlewsleyk@toplist.cz,Male,73.144.22.44
22,Linnea,Simecek,lsimecekl@example.com,Polygender,150.39.146.80
23,Sullivan,Aireton,sairetonm@cargocollective.com,Non-binary,150.58.248.1
24,Ransom,Glendza,rglendzan@earthlink.net,Male,44.27.50.157
25,Stanly,Dowsey,sdowseyo@nps.gov,Male,43.152.112.75
26,Butch,Hessenthaler,bhessenthalerp@aol.com,Male,250.5.58.131
27,Rozalin,Fyldes,rfyldesq@1und1.de,Female,17.142.177.202
28,Kerrill,Hearnshaw,khearnshawr@bigcartel.com,Female,192.241.39.219
29,Ogdon,Gindghill,ogindghills@storify.com,Male,36.157.151.2
30,Shanna,Vasentsov,svasentsovt@canalblog.com,Polygender,181.172.98.83
31,Una,Iorizzo,uiorizzou@irs.gov,Female,69.212.190.58
32,Pavel,Pawling,ppawlingv@rakuten.co.jp,Genderqueer,16.35.127.40
33,Currey,Gayforth,cgayforthw@vk.com,Male,136.77.255.68
34,Kristo,Fylan,kfylanx@dmoz.org,Male,84.214.60.137
35,Asa,Jarmain,ajarmainy@businessinsider.com,Male,244.242.193.50
36,Inglebert,Schermick,ischermickz@ed.gov,Male,50.3.159.51
37,Linea,Hadcock,lhadcock10@ebay.co.uk,Female,22.25.180.52
38,Baily,Kleinschmidt,bkleinschmidt11@live.com,Male,103.31.46.114
39,Tomaso,Icom,ticom12@engadget.com,Male,253.247.161.54
40,Kristofer,Aldersley,kaldersley13@deviantart.com,Male,97.216.17.217
41,Dilly,McKevin,dmckevin14@cyberchimps.com,Male,228.219.50.45
42,Neddie,Teliga,nteliga15@squidoo.com,Male,227.160.193.42
43,Eirena,Greenough,egreenough16@amazon.co.uk,Female,212.31.221.65
44,Chan,Ponceford,cponceford17@sphinn.com,Male,151.155.240.179
45,Cariotta,Fomichyov,cfomichyov18@webnode.com,Female,165.73.51.106
46,Cordelia,Whellans,cwhellans19@usa.gov,Female,46.232.129.214
47,Gideon,Towse,gtowse1a@google.com.br,Male,114.251.42.163
48,Nathan,Sollitt,nsollitt1b@narod.ru,Male,120.158.156.200
49,Kylie,Burridge,kburridge1c@altervista.org,Bigender,139.12.123.156
50,Tadeas,Facher,tfacher1d@vk.com,Male,13.38.31.105
51,Sanderson,Postill,spostill1e@studiopress.com,Male,214.17.84.240
52,Mathilda,Moakes,mmoakes1f@wordpress.org,Female,133.154.190.120
53,Ferguson,Rookes,frookes1g@biglobe.ne.jp,Male,126.53.183.93
54,Dede,Dallinder,ddallinder1h@webnode.com,Female,72.74.24.28
55,Georgianne,Somerled,gsomerled1i@hubpages.com,Female,155.186.172.241
56,Jacki,Timmens,jtimmens1j@scientificamerican.com,Female,67.61.254.50
57,Averill,Myerscough,amyerscough1k@hugedomains.com,Male,66.158.240.72
58,Dana,Arundel,darundel1l@earthlink.net,Male,56.182.188.145
59,Judi,Norwich,jnorwich1m@github.io,Female,7.255.135.132
60,Coreen,De Lacey,cdelacey1n@quantcast.com,Female,75.33.220.116
61,Benoite,Kyme,bkyme1o@amazon.de,Female,72.41.64.97
62,Tanner,Measures,tmeasures1p@over-blog.com,Male,178.111.242.255
63,Any,Lanfranchi,alanfranchi1q@psu.edu,Male,214.27.110.52
64,Gavra,Menis,gmenis1r@google.pl,Female,143.89.220.191
65,Kiele,Tiddy,ktiddy1s@nhs.uk,Genderqueer,45.109.127.64
66,Blaine,Caughte,bcaughte1t@posterous.com,Male,192.243.255.157
67,Sindee,Skechley,sskechley1u@sogou.com,Female,129.151.21.235
68,Brandie,Joost,bjoost1v@tumblr.com,Female,162.255.188.113
69,Bendick,Pasley,bpasley1w@blinklist.com,Male,193.242.253.0
70,Germain,Dineges,gdineges1x@nasa.gov,Male,134.41.195.237
71,Ben,Bichard,bbichard1y@themeforest.net,Male,66.207.88.236
72,Sadye,Walder,swalder1z@last.fm,Female,229.59.61.38
73,Floria,Guy,fguy20@ycombinator.com,Female,233.118.96.201
74,Sidonnie,Medland,smedland21@etsy.com,Female,116.195.54.120
75,Camilla,Larmet,clarmet22@blogger.com,Female,222.162.2.138
76,Jimmy,Hair,jhair23@surveymonkey.com,Male,218.192.232.59
77,Bev,Mingaud,bmingaud24@miibeian.gov.cn,Female,178.246.108.232
78,Dione,Wathall,dwathall25@businessweek.com,Female,119.127.48.128
79,Sandy,Heathorn,sheathorn26@blogs.com,Male,151.60.13.16
80,Carmon,Zarfati,czarfati27@census.gov,Female,141.122.101.81
81,Farlie,Horning,fhorning28@soundcloud.com,Male,113.120.167.39
82,Wilek,Schooling,wschooling29@php.net,Male,104.128.79.126
83,Robin,Coulling,rcoulling2a@slashdot.org,Bigender,99.195.173.220
84,Eal,Saffen,esaffen2b@fc2.com,Male,195.145.146.106
85,Lurleen,Boustead,lboustead2c@google.pl,Female,20.3.67.104
86,Kalindi,McClements,kmcclements2d@bizjournals.com,Female,147.132.8.150
87,Elwood,Dawkins,edawkins2e@blogtalkradio.com,Male,5.106.91.118
88,Bayard,Whittaker,bwhittaker2f@webnode.com,Male,170.83.178.105
89,Donetta,Sewley,dsewley2g@bravesites.com,Female,66.126.106.101
90,Kirstyn,Abrahamowitcz,kabrahamowitcz2h@comcast.net,Female,165.184.40.196
91,Chris,Adnet,cadnet2i@mapy.cz,Female,120.113.109.135
92,Creighton,Biddell,cbiddell2j@indiegogo.com,Male,242.99.31.20
93,Bret,Houson,bhouson2k@hp.com,Male,42.197.99.184
94,Danika,Lief,dlief2l@dedecms.com,Female,209.166.10.30
95,Derwin,Bembridge,dbembridge2m@tiny.cc,Male,204.233.155.15
96,Gunter,Weinham,gweinham2n@walmart.com,Male,109.28.217.128
97,Holmes,Flaubert,hflaubert2o@dailymail.co.uk,Male,100.248.90.67
98,Norine,Coners,nconers2p@geocities.com,Female,36.91.51.0
99,Davidde,Allaker,dallaker2q@163.com,Male,17.204.153.229
100,Gabe,Goodlet,ggoodlet2r@usgs.gov,Male,151.84.203.138
101,Alaric,Takis,atakis2s@yellowbook.com,Male,71.46.211.210
102,Alfie,Wenman,awenman2t@goodreads.com,Female,26.16.217.87
103,Jen,Skurray,jskurray2u@google.ca,Female,172.207.98.181
104,Ortensia,Bewsy,obewsy2v@walmart.com,Female,199.27.251.79
105,Sophronia,Breston,sbreston2w@etsy.com,Female,211.205.63.25
106,Mario,Gummory,mgummory2x@behance.net,Male,113.167.136.100
107,Malva,Gapper,mgapper2y@scientificamerican.com,Female,236.44.241.78
108,Lona,Rowes,lrowes2z@csmonitor.com,Female,244.64.55.38
109,Meris,Naptin,mnaptin30@chicagotribune.com,Female,26.177.173.216
110,Nanny,Nicol,nnicol31@bravesites.com,Female,173.230.206.122
111,Maryanne,McKerton,mmckerton32@flavors.me,Genderqueer,131.146.134.99
112,Etienne,Staries,estaries33@bing.com,Male,240.147.179.165
113,Kelsey,Ratley,kratley34@bizjournals.com,Male,122.173.228.156
114,Jandy,Lamplough,jlamplough35@forbes.com,Female,17.172.189.236
115,Matthew,Jouning,mjouning36@altervista.org,Male,41.225.41.154
116,John,Seaborne,jseaborne37@hhs.gov,Male,12.91.205.192
117,Theressa,Grindle,tgrindle38@accuweather.com,Genderqueer,226.29.35.204
118,Marge,Aguirrezabala,maguirrezabala39@tripod.com,Female,143.44.138.210
119,Raffaello,Beams,rbeams3a@sakura.ne.jp,Male,172.26.166.130
120,Payton,McIlroy,pmcilroy3b@webeden.co.uk,Male,85.124.246.117
121,Car,Ebbett,cebbett3c@walmart.com,Male,190.14.238.7
122,Rodd,Howsden,rhowsden3d@bigcartel.com,Male,101.196.52.230
123,Valentijn,Bellam,vbellam3e@acquirethisname.com,Agender,49.146.227.149
124,Michele,Waycot,mwaycot3f@w3.org,Polygender,76.156.134.95
125,Arnuad,Heasley,aheasley3g@google.es,Male,176.254.200.219
126,Emlyn,Conibere,econibere3h@who.int,Female,189.182.208.104
127,Biron,Romain,bromain3i@prlog.org,Male,1.89.165.2
128,Gherardo,Ovesen,govesen3j@home.pl,Male,46.33.187.48
129,Samaria,Donnersberg,sdonnersberg3k@who.int,Female,6.180.99.246
130,Hildagarde,Nano,hnano3l@slideshare.net,Female,157.218.165.121
131,Muffin,Diano,mdiano3m@pinterest.com,Female,145.159.30.153
132,Mackenzie,Muzzillo,mmuzzillo3n@zdnet.com,Male,21.14.10.72
133,Vittoria,Castleton,vcastleton3o@artisteer.com,Female,248.112.64.147
134,Minnie,Hylton,mhylton3p@g.co,Female,165.12.124.60
135,Teressa,Folkard,tfolkard3q@harvard.edu,Female,119.52.186.134
136,Sonny,Readitt,sreaditt3r@instagram.com,Female,45.127.30.16
137,Grantham,Richardeau,grichardeau3s@163.com,Male,52.201.150.251
138,Renato,Rollingson,rrollingson3t@who.int,Male,82.152.243.42
139,Clemmie,Vogeler,cvogeler3u@tuttocitta.it,Female,73.205.161.207
140,Daren,Thal,dthal3v@uiuc.edu,Male,51.242.91.13
141,Cindra,Lightbourn,clightbourn3w@dmoz.org,Female,131.95.164.170
142,Carmine,Malinowski,cmalinowski3x@newsvine.com,Male,236.229.12.70
143,Joey,Attwell,jattwell3y@psu.edu,Female,10.201.88.232
144,Zaccaria,Sterre,zsterre3z@jiathis.com,Male,20.40.254.242
145,Goddart,Brunelleschi,gbrunelleschi40@google.co.uk,Male,188.164.193.164
146,Lennard,Barbary,lbarbary41@google.fr,Male,151.163.118.243
147,Kenny,Luetkemeyers,kluetkemeyers42@etsy.com,Male,179.115.231.185
148,Derek,Vice,dvice43@seesaa.net,Male,31.87.208.237
149,Konrad,Rapport,krapport44@netvibes.com,Male,92.125.140.135
150,Estella,Zanettini,ezanettini45@infoseek.co.jp,Female,21.116.24.13
151,Nolana,Fish,nfish46@nifty.com,Female,173.142.118.184
152,Dede,Lightbody,dlightbody47@unicef.org,Female,245.167.25.170
153,Judith,Leebeter,jleebeter48@dyndns.org,Female,40.126.52.131
154,Austin,Payne,apayne49@ovh.net,Female,78.143.29.203
155,Giordano,Ference,gference4a@usgs.gov,Male,164.60.96.136
156,Gerianne,Auld,gauld4b@xing.com,Female,216.36.144.121
157,Billie,Suckling,bsuckling4c@google.com,Agender,35.94.204.222
158,Ansell,Gowman,agowman4d@odnoklassniki.ru,Male,16.109.236.192
159,Morey,Graddell,mgraddell4e@answers.com,Male,175.153.114.248
160,Richmond,Lebbon,rlebbon4f@yahoo.com,Male,158.112.231.187
161,Marta,Tutsell,mtutsell4g@opera.com,Female,2.133.54.69
162,Sarajane,Kynoch,skynoch4h@google.com.hk,Female,75.132.15.157
163,Byron,Wafer,bwafer4i@google.ru,Male,154.27.78.255
164,Clair,Mandell,cmandell4j@dedecms.com,Male,148.41.106.164
165,Cord,Brighouse,cbrighouse4k@google.nl,Male,228.62.37.151
166,Roderich,Gapp,rgapp4l@usa.gov,Male,233.227.3.70
167,Vincent,Darlington,vdarlington4m@ihg.com,Non-binary,16.67.25.231
168,Phaidra,Tynemouth,ptynemouth4n@1688.com,Female,66.204.156.189
169,Chris,Biesinger,cbiesinger4o@mtv.com,Female,133.81.109.34
170,Dalenna,Brecken,dbrecken4p@t-online.de,Female,37.232.94.77
171,Claudius,Shucksmith,cshucksmith4q@accuweather.com,Male,212.182.47.221
172,Corney,McKeaney,cmckeaney4r@uiuc.edu,Male,49.14.234.184
173,Carolus,O'Lehane,colehane4s@flickr.com,Male,109.25.63.104
174,Silva,Hemms,shemms4t@oaic.gov.au,Non-binary,132.149.19.24
175,Blake,Demer,bdemer4u@google.com.br,Male,48.95.34.21
176,Anna-maria,O'Kinneally,aokinneally4v@ning.com,Female,114.239.211.25
177,Hinda,Kuzma,hkuzma4w@example.com,Bigender,241.135.251.180
178,Harrison,Broughton,hbroughton4x@live.com,Male,226.91.80.212
179,Fulton,Hofler,fhofler4y@twitpic.com,Male,227.73.133.245
180,Phoebe,Brimner,pbrimner4z@chronoengine.com,Female,36.32.181.68
181,Ramsey,McIlvaney,rmcilvaney50@wufoo.com,Male,141.19.204.109
182,Gannon,Wind,gwind51@zdnet.com,Male,133.254.87.185
183,Pancho,Gillease,pgillease52@squidoo.com,Male,142.212.141.56
184,Dylan,Mattson,dmattson53@mlb.com,Male,171.26.159.208
185,Lannie,Marfe,lmarfe54@telegraph.co.uk,Male,46.192.42.67
186,Frasier,Lumpkin,flumpkin55@amazon.co.uk,Male,173.218.53.249
187,Ives,Dudmesh,idudmesh56@ifeng.com,Male,114.40.120.7
188,Vincent,Meharg,vmeharg57@chron.com,Male,118.214.247.210
189,Maryellen,Massimi,mmassimi58@com.com,Female,37.70.14.238
190,Martina,Boatswain,mboatswain59@va.gov,Female,7.32.113.29
191,Fremont,Wildt,fwildt5a@gnu.org,Male,108.55.146.33
192,Walliw,Dunphy,wdunphy5b@amazonaws.com,Female,172.5.34.141
193,Vale,Filewood,vfilewood5c@jimdo.com,Female,89.79.206.145
194,Hy,Chisholm,hchisholm5d@usda.gov,Polygender,179.50.48.73
195,Cyrill,Talks,ctalks5e@columbia.edu,Male,41.217.101.77
196,Lee,Ledwich,lledwich5f@list-manage.com,Male,248.136.99.144
197,Iggie,Stuke,istuke5g@chicagotribune.com,Male,201.31.204.44
198,Thomasina,Walthall,twalthall5h@wsj.com,Female,41.208.156.4
199,Tann,Clissell,tclissell5i@so-net.ne.jp,Male,248.250.124.201
200,Cati,Rothera,crothera5j@princeton.edu,Genderqueer,57.219.128.199
201,Randell,Fee,rfee5k@state.gov,Agender,251.158.171.90
202,Kirby,Basek,kbasek5l@studiopress.com,Male,252.4.188.121
203,Putnam,Stainland,pstainland5m@live.com,Male,11.21.170.71
204,Anya,Telfer,atelfer5n@bizjournals.com,Female,225.0.76.13
205,Deana,Yateman,dyateman5o@1und1.de,Female,124.29.243.219
206,Kerr,ffrench Beytagh,kffrenchbeytagh5p@mail.ru,Genderfluid,153.74.3.235
207,Harrietta,Roman,hroman5q@de.vu,Female,45.43.70.77
208,Trumann,Drewett,tdrewett5r@clickbank.net,Male,22.119.66.206
209,Joel,Jedrzejczyk,jjedrzejczyk5s@de.vu,Male,60.113.131.187
210,Devina,Dadds,ddadds5t@arstechnica.com,Female,241.239.33.170
211,Aindrea,Gundry,agundry5u@kickstarter.com,Female,53.16.85.200
212,Bail,Cardenas,bcardenas5v@youtu.be,Male,86.82.160.227
213,Linus,Looney,llooney5w@seesaa.net,Male,190.105.234.196
214,Romola,Kliemchen,rkliemchen5x@1und1.de,Female,211.182.115.209
215,Ailee,McSorley,amcsorley5y@businessweek.com,Female,242.222.22.63
216,Lyda,Hingeley,lhingeley5z@t.co,Female,111.219.89.40
217,Monti,Ingman,mingman60@freewebs.com,Male,186.117.162.147
218,Trescha,Pounds,tpounds61@4shared.com,Female,211.116.209.67
219,Norry,MacGille,nmacgille62@sitemeter.com,Female,215.46.138.154
220,Ettie,McCarney,emccarney63@phoca.cz,Female,106.94.92.42
221,Jenine,Affron,jaffron64@theatlantic.com,Female,19.40.158.209
222,Niccolo,Cosham,ncosham65@tinypic.com,Male,112.193.171.14
223,Toiboid,Roomes,troomes66@scribd.com,Male,18.46.225.150
224,Norman,Spaldin,nspaldin67@google.it,Male,131.106.95.48
225,Chuck,Basezzi,cbasezzi68@amazonaws.com,Male,240.220.119.150
226,Margaretta,Legan,mlegan69@deliciousdays.com,Female,215.20.254.74
227,Enrichetta,Adamiec,eadamiec6a@csmonitor.com,Genderqueer,69.251.218.144
228,Nikkie,Bendell,nbendell6b@altervista.org,Agender,153.209.1.124
229,Saxe,Harrie,sharrie6c@clickbank.net,Male,218.56.232.3
230,Roxie,Skough,rskough6d@theglobeandmail.com,Female,197.102.64.20
231,Burton,Soanes,bsoanes6e@hp.com,Male,82.152.166.1
232,Chan,Lordon,clordon6f@yandex.ru,Male,23.205.72.116
233,Melloney,Gidney,mgidney6g@sciencedaily.com,Female,58.40.9.232
234,Terri,Abramov,tabramov6h@uol.com.br,Male,148.111.248.16
235,Averil,Gianelli,agianelli6i@barnesandnoble.com,Female,192.148.51.173
236,Dietrich,Caroll,dcaroll6j@amazon.co.uk,Male,175.69.226.25
237,Natalee,Bulter,nbulter6k@alibaba.com,Female,149.6.120.170
238,Jaquenetta,Manoelli,jmanoelli6l@soup.io,Female,7.28.184.108
239,Jorrie,Janout,jjanout6m@stanford.edu,Female,187.88.231.68
240,Adrianne,Bampford,abampford6n@youku.com,Female,251.224.29.247
241,Silvester,Treasure,streasure6o@dailymotion.com,Male,66.44.247.254
242,Jere,Hall,jhall6p@unicef.org,Female,113.173.15.44
243,Indira,Carabine,icarabine6q@flavors.me,Female,31.2.239.38
244,Rutger,Peeke,rpeeke6r@indiegogo.com,Male,75.206.196.51
245,Heath,Jaques,hjaques6s@squarespace.com,Male,132.110.23.12
246,Dacy,Chadwell,dchadwell6t@auda.org.au,Female,48.116.41.234
247,Jonis,Prall,jprall6u@networksolutions.com,Bigender,33.148.24.255
248,Broderic,Colliver,bcolliver6v@goo.ne.jp,Male,113.2.193.21
249,Redford,Langsbury,rlangsbury6w@bravesites.com,Male,168.51.156.16
250,Rog,Etheridge,retheridge6x@a8.net,Male,229.21.77.114
251,Ariel,Sitlington,asitlington6y@jimdo.com,Male,76.51.87.124
252,Burke,Igglesden,bigglesden6z@archive.org,Male,131.202.19.61
253,Mandel,Shank,mshank70@cbsnews.com,Male,93.17.150.61
254,Ugo,Geldert,ugeldert71@ycombinator.com,Male,168.49.38.111
255,Gabriella,Eagers,geagers72@t.co,Female,78.230.227.51
256,Erasmus,Blakeman,eblakeman73@wikimedia.org,Male,72.53.50.150
257,Datha,Jeannel,djeannel74@statcounter.com,Female,33.97.224.176
258,Bentley,Burns,bburns75@yellowpages.com,Male,123.88.135.113
259,Myra,Duval,mduval76@tinypic.com,Female,100.91.130.181
260,Ernie,Cameli,ecameli77@amazon.de,Male,149.161.4.173
261,Rivi,Ortner,rortner78@tripadvisor.com,Female,59.148.159.255
262,Doralyn,Eckley,deckley79@mysql.com,Female,9.138.117.15
263,Marigold,Prahm,mprahm7a@spotify.com,Female,104.224.1.131
264,Ira,Forst,iforst7b@bing.com,Male,39.70.157.241
265,Fidel,Howler,fhowler7c@prnewswire.com,Male,239.12.110.71
266,James,Charrington,jcharrington7d@github.com,Male,211.105.76.197
267,Sarena,Pennycuick,spennycuick7e@earthlink.net,Female,159.95.241.173
268,Maegan,Lukes,mlukes7f@4shared.com,Female,110.201.164.7
269,Marc,Denziloe,mdenziloe7g@phoca.cz,Male,82.200.210.151
270,Bondy,Cotta,bcotta7h@google.com.br,Male,155.54.34.61
271,Andree,Haynes,ahaynes7i@auda.org.au,Female,105.227.73.27
272,Chandler,Dawbury,cdawbury7j@vkontakte.ru,Male,99.217.156.7
273,Rube,Farbrother,rfarbrother7k@kickstarter.com,Male,24.1.83.119
274,Montgomery,Cordeux,mcordeux7l@diigo.com,Agender,28.163.80.100
275,Liana,Lecordier,llecordier7m@psu.edu,Female,222.224.251.96
276,Peirce,Board,pboard7n@nps.gov,Male,36.122.162.49
277,Charyl,Maffin,cmaffin7o@behance.net,Female,143.140.159.141
278,Rouvin,Levett,rlevett7p@ovh.net,Male,112.216.54.208
279,Rob,Bann,rbann7q@microsoft.com,Male,139.133.94.10
280,Kessiah,Braddick,kbraddick7r@facebook.com,Female,205.34.70.240
281,Jerrie,Dunne,jdunne7s@illinois.edu,Female,9.131.75.142
282,Lotta,Birrell,lbirrell7t@zdnet.com,Female,238.177.253.236
283,Lydie,Karchowski,lkarchowski7u@blogtalkradio.com,Female,53.188.161.92
284,Catharine,Hatterslay,chatterslay7v@mediafire.com,Female,46.18.23.168
285,Monti,Grane,mgrane7w@earthlink.net,Male,235.205.98.86
286,Tudor,Faltskog,tfaltskog7x@networkadvertising.org,Male,160.230.8.30
287,Guinna,Bloan,gbloan7y@blog.com,Female,177.168.106.155
288,Lisa,Ygou,lygou7z@squarespace.com,Female,5.212.200.166
289,Clemence,McCluskey,cmccluskey80@trellian.com,Female,211.217.186.83
290,Ashlan,Ditzel,aditzel81@sun.com,Female,237.238.179.46
291,Deanne,Snailham,dsnailham82@amazon.de,Female,232.150.97.48
292,Flinn,Edgerton,fedgerton83@imdb.com,Male,6.60.143.178
293,Delphine,Doxey,ddoxey84@infoseek.co.jp,Female,5.160.71.219
294,Allister,Risen,arisen85@yandex.ru,Bigender,148.11.96.139
295,Agata,Scholard,ascholard86@shinystat.com,Female,129.27.190.8
296,Barby,Cuxon,bcuxon87@elegantthemes.com,Female,204.183.143.96
297,Felic,Braysher,fbraysher88@europa.eu,Male,21.71.48.232
298,Delphinia,Ealles,dealles89@edublogs.org,Genderqueer,15.232.240.42
299,Carmelle,Olander,colander8a@is.gd,Female,134.24.28.11
300,Lowe,Cockroft,lcockroft8b@yolasite.com,Male,161.149.46.212
301,Emlen,Klimentov,eklimentov8c@ox.ac.uk,Male,23.21.228.155
302,Ingunna,Hannen,ihannen8d@webmd.com,Female,109.153.80.12
303,Lorette,Perse,lperse8e@nifty.com,Female,119.119.220.8
304,Pancho,Jeffs,pjeffs8f@exblog.jp,Male,110.84.7.230
305,Libby,Begin,lbegin8g@123-reg.co.uk,Female,17.73.138.15
306,Selle,Bourgaize,sbourgaize8h@acquirethisname.com,Female,100.180.180.6
307,Alie,Keetch,akeetch8i@cloudflare.com,Female,185.215.98.30
308,Addy,Mollison,amollison8j@freewebs.com,Male,43.190.33.156
309,Birdie,Brewitt,bbrewitt8k@blogs.com,Female,77.7.48.59
310,Adorne,Henriquet,ahenriquet8l@surveymonkey.com,Female,45.154.243.118
311,Winfield,Guymer,wguymer8m@google.com.au,Male,133.204.56.89
312,Christel,Myhill,cmyhill8n@arizona.edu,Female,199.197.32.201
313,Nyssa,Polotti,npolotti8o@hud.gov,Non-binary,228.70.121.223
314,Curr,Roz,croz8p@about.me,Male,91.35.239.1
315,Adrian,Rhule,arhule8q@gravatar.com,Female,183.29.55.79
316,Bartolomeo,Squirrell,bsquirrell8r@1und1.de,Male,183.94.79.43
317,Jobyna,McGriffin,jmcgriffin8s@ifeng.com,Female,238.150.185.6
318,Mommy,Cheavin,mcheavin8t@aboutads.info,Genderqueer,62.174.66.164
319,Eb,Tyreman,etyreman8u@state.tx.us,Male,140.218.206.184
320,Ludwig,Cornforth,lcornforth8v@gnu.org,Polygender,2.185.178.161
321,Cordelia,Fronks,cfronks8w@slashdot.org,Female,108.181.31.198
322,Newton,Lum,nlum8x@theatlantic.com,Male,7.243.134.19
323,Donnie,Dublin,ddublin8y@php.net,Male,186.37.158.55
324,Alyss,Cradick,acradick8z@technorati.com,Female,55.59.39.216
325,Leeanne,Abbet,labbet90@hc360.com,Female,38.33.129.109
326,Friedrich,Maro,fmaro91@wordpress.org,Male,254.195.191.203
327,Rodge,Matthesius,rmatthesius92@latimes.com,Male,178.235.94.146
328,Stefania,Reddy,sreddy93@stumbleupon.com,Female,118.0.210.13
329,Ilse,Arrighetti,iarrighetti94@china.com.cn,Female,83.85.98.130
330,Celka,Stitcher,cstitcher95@fotki.com,Female,84.150.8.222
331,Stanly,Ferschke,sferschke96@netvibes.com,Male,168.15.149.32
332,Shelly,Vasyutin,svasyutin97@ehow.com,Female,7.145.208.197
333,Carlye,Manie,cmanie98@hubpages.com,Female,87.130.13.137
334,Wilma,Kayzer,wkayzer99@youtube.com,Female,6.60.245.23
335,Goran,Bursnall,gbursnall9a@businessinsider.com,Male,54.206.87.218
336,Jamey,Axleby,jaxleby9b@wix.com,Male,111.194.111.160
337,Cariotta,Pretsell,cpretsell9c@elegantthemes.com,Female,97.171.9.202
338,Nickie,Featherstone,nfeatherstone9d@miitbeian.gov.cn,Male,172.200.72.16
339,Otes,Salery,osalery9e@smh.com.au,Male,17.112.38.79
340,Dillon,Eykel,deykel9f@w3.org,Male,122.34.138.23
341,Alphonse,Knottley,aknottley9g@zdnet.com,Male,128.241.198.40
342,Liuka,Durnan,ldurnan9h@infoseek.co.jp,Female,41.154.146.208
343,Delmar,Lewsley,dlewsley9i@lulu.com,Male,80.161.115.201
344,Korie,Pearn,kpearn9j@liveinternet.ru,Female,251.202.223.105
345,Carlyle,Rickson,crickson9k@posterous.com,Male,67.210.115.15
346,Gilburt,Doyle,gdoyle9l@networksolutions.com,Male,163.59.174.142
347,Berton,Rosander,brosander9m@ftc.gov,Male,202.233.151.188
348,Yoshiko,Pesek,ypesek9n@wordpress.org,Female,238.74.63.192
349,Etta,Gwillyam,egwillyam9o@dot.gov,Female,202.142.159.167
350,Prentiss,Gregr,pgregr9p@ft.com,Male,122.190.243.26
351,Rudolfo,Ritmeyer,rritmeyer9q@fema.gov,Male,192.31.30.40
352,Zuzana,Pendre,zpendre9r@acquirethisname.com,Female,102.192.18.187
353,Eryn,Meachem,emeachem9s@tumblr.com,Agender,159.90.32.127
354,Mariele,Zarb,mzarb9t@imageshack.us,Female,142.66.34.81
355,Aylmar,Treherne,atreherne9u@springer.com,Male,193.170.200.118
356,Hedi,Ellett,hellett9v@mail.ru,Female,28.0.103.175
357,Dayle,MacDwyer,dmacdwyer9w@blogs.com,Female,236.129.148.165
358,Web,Juliff,wjuliff9x@alibaba.com,Male,86.92.215.112
359,Bianca,Malham,bmalham9y@goo.ne.jp,Female,255.31.118.216
360,Matias,Lowle,mlowle9z@mtv.com,Male,16.88.222.118
361,Shane,Garnson,sgarnsona0@dagondesign.com,Female,220.108.125.195
362,Arlinda,Millea,amilleaa1@pinterest.com,Female,238.119.233.251
363,Dukie,Barringer,dbarringera2@wikipedia.org,Male,6.112.56.229
364,Hansiain,Anglin,hanglina3@fc2.com,Male,111.89.193.70
365,Nicolis,Schole,nscholea4@uol.com.br,Male,191.124.235.65
366,Gabriel,Kuhnke,gkuhnkea5@nba.com,Female,73.90.120.50
367,Gussie,Imlacke,gimlackea6@bizjournals.com,Female,103.86.153.58
368,Lorianne,Letts,llettsa7@oracle.com,Female,192.199.194.67
369,Veradis,McHale,vmchalea8@unc.edu,Female,155.168.198.148
370,Rice,Castagneto,rcastagnetoa9@opensource.org,Male,244.108.227.218
371,Clevey,Brazenor,cbrazenoraa@businesswire.com,Male,88.95.69.85
372,Louie,Tindall,ltindallab@squidoo.com,Male,106.67.78.103
373,Dan,Worrell,dworrellac@examiner.com,Male,211.24.252.233
374,Desi,Parks,dparksad@oracle.com,Male,161.221.196.86
375,Malanie,De Mattia,mdemattiaae@washingtonpost.com,Female,170.88.201.42
376,Bancroft,MacNelly,bmacnellyaf@e-recht24.de,Genderqueer,199.157.3.13
377,Teddi,Ficken,tfickenag@goodreads.com,Female,54.97.52.36
378,Rana,Gidley,rgidleyah@yahoo.co.jp,Female,53.136.119.99
379,Aube,Croall,acroallai@domainmarket.com,Male,36.34.47.83
380,Giacinta,Kierans,gkieransaj@abc.net.au,Female,22.153.39.82
381,Michaeline,Rayer,mrayerak@uiuc.edu,Female,22.58.138.88
382,Trent,Yeates,tyeatesal@comcast.net,Male,11.56.223.194
383,Lincoln,Traite,ltraiteam@geocities.jp,Male,0.98.61.201
384,Roscoe,Gemlett,rgemlettan@ebay.com,Male,161.8.251.47
385,Sophia,Schoffel,sschoffelao@dedecms.com,Female,143.206.96.114
386,Koralle,Claibourn,kclaibournap@bloglines.com,Female,68.128.165.156
387,Terry,Wonham,twonhamaq@virginia.edu,Male,245.215.216.114
388,Modesta,Syalvester,msyalvesterar@dell.com,Female,91.31.140.25
389,Beck,Duker,bdukeras@google.com.br,Male,169.98.67.44
390,Atlanta,Meachem,ameachemat@lycos.com,Genderqueer,168.69.240.243
391,Berkie,Phonix,bphonixau@yahoo.com,Male,104.83.241.144
392,Timothee,Tallant,ttallantav@rambler.ru,Male,177.125.182.13
393,Bryn,Penkman,bpenkmanaw@nature.com,Male,164.49.166.133
394,Lila,Glaum,lglaumax@nationalgeographic.com,Female,226.249.173.184
395,Luciano,Zahor,lzahoray@globo.com,Male,132.174.29.23
396,Myra,Oakinfold,moakinfoldaz@over-blog.com,Non-binary,216.255.117.114
397,Grady,Fuentez,gfuentezb0@cmu.edu,Male,75.35.54.239
398,Jamison,Durdy,jdurdyb1@xrea.com,Genderqueer,239.186.71.51
399,Rudd,Jeffs,rjeffsb2@sourceforge.net,Male,211.120.114.56
400,Dalt,Cabel,dcabelb3@slashdot.org,Male,122.254.73.157
401,Nils,Mishow,nmishowb4@webs.com,Male,241.21.135.67
402,Kristine,Sabberton,ksabbertonb5@hexun.com,Agender,171.121.194.150
403,Skyler,Franceschielli,sfranceschiellib6@about.me,Male,104.114.140.229
404,Estelle,Goosey,egooseyb7@army.mil,Female,120.119.3.161
405,Andrea,Coleiro,acoleirob8@pen.io,Female,191.37.186.253
406,Demetre,Chellenham,dchellenhamb9@omniture.com,Genderqueer,11.226.225.42
407,Ase,Bernet,abernetba@xrea.com,Male,2.224.230.251
408,Lira,Mansuer,lmansuerbb@godaddy.com,Female,120.114.209.164
409,Margaretta,Scally,mscallybc@cisco.com,Genderqueer,122.246.43.205
410,Anna-diane,Rundle,arundlebd@xinhuanet.com,Female,5.212.1.92
411,Betti,Pehrsson,bpehrssonbe@vkontakte.ru,Female,242.152.182.101
412,Johnna,Crosi,jcrosibf@phoca.cz,Female,58.70.234.218
413,Angelika,Cholomin,acholominbg@fda.gov,Female,172.50.102.6
414,Lianna,Carnegie,lcarnegiebh@com.com,Female,208.166.215.141
415,Gertrudis,Luckey,gluckeybi@paypal.com,Female,254.47.237.195
416,See,Heeps,sheepsbj@tinyurl.com,Male,150.23.62.20
417,Idalina,Culmer,iculmerbk@home.pl,Female,191.103.84.195
418,Shannan,Trundler,strundlerbl@mlb.com,Male,61.146.108.174
419,Juliana,Paquet,jpaquetbm@live.com,Female,242.172.13.15
420,Clarita,Du Fray,cdufraybn@devhub.com,Female,201.3.152.249
421,Hakeem,Swatland,hswatlandbo@marriott.com,Male,211.40.63.118
422,Sean,Vagg,svaggbp@example.com,Female,45.14.8.56
423,Delphinia,Holehouse,dholehousebq@nymag.com,Female,41.34.90.123
424,Kimberlyn,Simms,ksimmsbr@ebay.com,Female,70.60.108.237
425,Rickie,Schade,rschadebs@sakura.ne.jp,Female,39.209.237.117
426,Horten,Haswall,hhaswallbt@weibo.com,Male,82.106.75.99
427,Fredi,Lamerton,flamertonbu@imdb.com,Female,152.111.87.82
428,Dayle,Mattisssen,dmattisssenbv@yahoo.co.jp,Female,38.157.90.60
429,Linn,Ghiriardelli,lghiriardellibw@networkadvertising.org,Male,94.17.27.235
430,Hercules,Cluet,hcluetbx@goo.gl,Male,218.127.206.217
431,Corrinne,Bloomfield,cbloomfieldby@accuweather.com,Female,248.177.168.121
432,Lurette,Ferro,lferrobz@pen.io,Female,201.189.122.87
433,Moe,Merring,mmerringc0@epa.gov,Male,158.17.166.76
434,Cynthie,De Gregoli,cdegregolic1@xrea.com,Female,36.187.197.95
435,Hurleigh,Wanell,hwanellc2@tinypic.com,Male,209.59.175.175
436,Wayland,Oliveras,woliverasc3@nhs.uk,Male,38.212.111.133
437,Ferrel,Birtwhistle,fbirtwhistlec4@squarespace.com,Male,246.39.180.41
438,Kaye,Fuggles,kfugglesc5@sbwire.com,Female,107.54.105.150
439,Thane,Aikett,taikettc6@infoseek.co.jp,Male,171.215.14.89
440,Clari,Chopping,cchoppingc7@symantec.com,Female,7.185.164.163
441,Palmer,Baines,pbainesc8@spiegel.de,Male,247.35.156.137
442,Hogan,Geill,hgeillc9@tiny.cc,Male,52.60.55.20
443,Wood,Orsi,worsica@sbwire.com,Male,2.216.253.126
444,Shaine,Sheards,ssheardscb@etsy.com,Female,206.7.1.39
445,Alfredo,Owlner,aowlnercc@aboutads.info,Male,62.158.72.10
446,Cristobal,Woollcott,cwoollcottcd@boston.com,Male,138.220.9.168
447,Lem,Giovannazzi,lgiovannazzice@google.de,Male,48.69.75.81
448,Stirling,Chiverstone,schiverstonecf@forbes.com,Male,155.66.201.133
449,Mitzi,Abbotson,mabbotsoncg@hud.gov,Female,171.234.67.250
450,Derril,Parlour,dparlourch@last.fm,Agender,187.236.93.225
451,Kimble,Prate,kprateci@merriam-webster.com,Male,71.182.163.94
452,Merrielle,Triswell,mtriswellcj@sphinn.com,Female,254.248.143.194
453,Jeremie,Corbet,jcorbetck@seattletimes.com,Genderfluid,1.136.149.139
454,Ettore,Damrel,edamrelcl@hostgator.com,Male,105.133.18.195
455,Wang,Petr,wpetrcm@sina.com.cn,Male,171.212.224.18
456,Chelsae,Hendrik,chendrikcn@goo.ne.jp,Female,178.1.14.80
457,Constantin,Boone,cbooneco@sphinn.com,Male,125.99.98.17
458,Taylor,Dowrey,tdowreycp@washington.edu,Male,143.12.221.119
459,Elke,Dodgson,edodgsoncq@huffingtonpost.com,Female,26.98.243.218
460,Derry,Houdmont,dhoudmontcr@bizjournals.com,Bigender,78.165.62.120
461,Georgeta,Wimpey,gwimpeycs@bigcartel.com,Female,74.9.3.118
462,Chelsy,Brigginshaw,cbrigginshawct@360.cn,Female,207.112.105.112
463,Gretal,Pinsent,gpinsentcu@yahoo.com,Bigender,44.131.91.142
464,Averell,Mutimer,amutimercv@etsy.com,Male,162.178.136.105
465,Brear,Royste,broystecw@tripod.com,Female,40.161.150.199
466,Goraud,Paullin,gpaullincx@archive.org,Male,98.247.6.192
467,Nyssa,Northage,nnorthagecy@imgur.com,Female,212.224.193.120
468,Madelene,Redd,mreddcz@apple.com,Female,153.92.121.60
469,Shaina,Cronkshaw,scronkshawd0@issuu.com,Female,171.131.139.113
470,Cassandre,Smitheram,csmitheramd1@ox.ac.uk,Female,248.141.244.22
471,Fernandina,Hansard,fhansardd2@ihg.com,Female,43.64.207.201
472,Holly,Redshaw,hredshawd3@usnews.com,Female,40.133.30.126
473,Kendrick,Liddiatt,kliddiattd4@parallels.com,Male,167.112.247.117
474,Munroe,O'Brollachain,mobrollachaind5@wsj.com,Male,211.12.154.55
475,Vachel,Michelotti,vmichelottid6@sakura.ne.jp,Male,98.122.183.156
476,Mervin,Selley,mselleyd7@businessinsider.com,Male,204.125.224.47
477,Kelwin,Seedull,kseedulld8@geocities.jp,Male,152.203.66.136
478,Armand,Klamp,aklampd9@go.com,Male,179.234.42.236
479,Clarabelle,Niaves,cniavesda@yale.edu,Female,85.213.10.202
480,Lemmie,Kilius,lkiliusdb@about.com,Male,121.243.154.112
481,Murray,Philpot,mphilpotdc@alexa.com,Male,233.59.209.161
482,Charis,Girth,cgirthdd@seattletimes.com,Female,23.27.105.138
483,Gifford,Huckstepp,ghucksteppde@foxnews.com,Male,252.79.60.227
484,Shermie,Arnhold,sarnholddf@163.com,Male,100.190.196.147
485,Layney,Vannuccini,lvannuccinidg@unesco.org,Female,66.203.52.99
486,Orbadiah,Wyer,owyerdh@posterous.com,Agender,145.236.110.19
487,Jud,Hawkeswood,jhawkeswooddi@webmd.com,Male,137.176.129.219
488,Kennie,Ransome,kransomedj@discuz.net,Male,77.102.57.186
489,Wood,Pape,wpapedk@angelfire.com,Male,170.106.144.157
490,Efren,Ibbeson,eibbesondl@tumblr.com,Male,138.191.236.101
491,Moll,Remmers,mremmersdm@ucla.edu,Female,14.128.83.144
492,Britteny,Cogswell,bcogswelldn@imgur.com,Female,223.162.135.14
493,Arman,Cuttles,acuttlesdo@mayoclinic.com,Male,134.134.149.13
494,Doria,Mordey,dmordeydp@hhs.gov,Polygender,195.200.121.194
495,Carline,Algate,calgatedq@ihg.com,Female,39.34.152.177
496,Kliment,Pepper,kpepperdr@dot.gov,Male,135.243.186.20
497,Amabel,Elam,aelamds@wisc.edu,Female,78.151.36.159
498,Natalee,Jorgesen,njorgesendt@google.es,Female,151.21.194.33
499,Laurence,Puddin,lpuddindu@hibu.com,Male,95.111.221.215
500,Mirilla,Eilles,meillesdv@cpanel.net,Female,246.242.204.1
501,Ariadne,Gilberthorpe,agilberthorpedw@histats.com,Female,4.110.234.32
502,Odetta,Leupold,oleupolddx@comsenz.com,Female,215.10.65.203
503,Marylinda,Danilovitch,mdanilovitchdy@nba.com,Female,61.4.57.101
504,Eadie,Logg,eloggdz@slideshare.net,Female,194.0.134.211
505,Ernie,Pennicott,epennicotte0@cisco.com,Male,165.233.130.194
506,Pattin,Juett,pjuette1@cpanel.net,Male,161.242.233.252
507,Kareem,Beament,kbeamente2@aol.com,Male,215.248.153.33
508,Kelwin,Olenin,kolenine3@oaic.gov.au,Male,222.24.114.25
509,Wally,Hartly,whartlye4@uol.com.br,Female,7.141.146.238
510,Obadiah,Vieyra,ovieyrae5@google.co.uk,Male,41.27.78.18
511,Meridel,Janas,mjanase6@ocn.ne.jp,Female,91.22.16.246
512,Mia,Holburn,mholburne7@wordpress.org,Female,227.92.240.79
513,Herbert,Matejovsky,hmatejovskye8@mit.edu,Genderfluid,97.247.16.82
514,Clement,Philippart,cphilipparte9@edublogs.org,Male,123.123.88.155
515,Judon,Meggison,jmeggisonea@dropbox.com,Male,252.80.42.255
516,Aksel,Hewkin,ahewkineb@deviantart.com,Male,252.72.212.17
517,Garland,Crowson,gcrowsonec@typepad.com,Female,59.109.201.34
518,Belia,McNutt,bmcnutted@g.co,Female,239.163.152.50
519,Siegfried,Mathie,smathieee@msu.edu,Male,84.173.90.63
520,Edouard,Monan,emonanef@shareasale.com,Male,195.70.52.9
521,Jeth,Warman,jwarmaneg@google.it,Male,131.254.126.110
522,Evangeline,Ferryn,eferryneh@mysql.com,Female,42.241.202.87
523,Martie,Lavallin,mlavallinei@reddit.com,Male,154.247.37.124
524,Hanna,Sterke,hsterkeej@over-blog.com,Female,113.175.206.120
525,Heidi,Kears,hkearsek@topsy.com,Female,116.28.12.13
526,Guglielma,Hitzmann,ghitzmannel@netvibes.com,Female,16.67.87.122
527,Carla,Tschursch,ctschurschem@ucla.edu,Female,14.80.78.215
528,Idaline,Gaiter,igaiteren@wordpress.com,Female,237.223.94.7
529,Georgette,Jensen,gjenseneo@tuttocitta.it,Female,181.88.175.192
530,Lorianna,Pitone,lpitoneep@washington.edu,Female,77.199.23.79
531,Isa,Austick,iaustickeq@ovh.net,Male,226.134.113.125
532,Ringo,Dominighi,rdominighier@bbb.org,Male,122.56.145.91
533,Rockie,Boik,rboikes@mtv.com,Male,65.206.239.133
534,Marjorie,Mandrey,mmandreyet@sogou.com,Female,89.184.229.0
535,Adelle,Witheford,awithefordeu@timesonline.co.uk,Female,182.46.33.137
536,Wilmette,Jakubovitch,wjakubovitchev@histats.com,Female,134.169.43.146
537,Waverly,Pittendreigh,wpittendreighew@time.com,Male,232.115.139.130
538,Noelle,Sweed,nsweedex@engadget.com,Bigender,184.150.38.166
539,Shannan,Cullivan,scullivaney@histats.com,Male,53.59.191.196
540,Ludovico,Shillitto,lshillittoez@java.com,Male,37.44.170.131
541,Esteban,Skipsey,eskipseyf0@dailymotion.com,Male,113.53.239.239
542,Crawford,Ponder,cponderf1@huffingtonpost.com,Male,253.64.75.135
543,Angie,Sammon,asammonf2@sciencedaily.com,Male,196.241.89.66
544,Nefen,Lethley,nlethleyf3@4shared.com,Male,111.122.3.116
545,Curtice,de Broke,cdebrokef4@spotify.com,Male,154.103.97.2
546,Ham,O'Brogan,hobroganf5@ow.ly,Male,29.178.143.11
547,Derrick,Du Fray,ddufrayf6@de.vu,Male,149.207.243.65
548,Melony,Sunman,msunmanf7@i2i.jp,Female,178.105.58.124
549,Benny,Manders,bmandersf8@last.fm,Female,224.39.20.145
550,Nathanael,Grindall,ngrindallf9@blogspot.com,Male,147.69.145.57
551,Gerrard,Hampe,ghampefa@nydailynews.com,Male,49.203.71.90
552,Nerti,Dakers,ndakersfb@jimdo.com,Female,156.194.150.11
553,Gaspard,Ivanyushkin,givanyushkinfc@comcast.net,Male,216.61.158.176
554,Tamqrah,Wegman,twegmanfd@jugem.jp,Female,64.134.47.172
555,Honey,Alvis,halvisfe@youtube.com,Female,52.224.252.101
556,Jeana,Pendle,jpendleff@icq.com,Female,32.65.44.161
557,Eloisa,Auten,eautenfg@wired.com,Female,86.62.58.62
558,Anjanette,Daubney,adaubneyfh@jigsy.com,Bigender,225.40.241.207
559,Adriaens,Beckhurst,abeckhurstfi@senate.gov,Female,56.134.11.172
560,Nessa,Jedras,njedrasfj@dot.gov,Female,160.119.118.195
561,Pembroke,Wych,pwychfk@1und1.de,Genderfluid,165.110.16.225
562,Kippie,Bodesson,kbodessonfl@oaic.gov.au,Male,188.52.210.68
563,Hilly,Tatters,htattersfm@vistaprint.com,Male,179.222.72.128
564,Sarah,Enderle,senderlefn@g.co,Female,233.26.38.198
565,Lucille,Wardrop,lwardropfo@dagondesign.com,Female,12.67.62.249
566,Emmaline,Krzysztof,ekrzysztoffp@themeforest.net,Female,206.251.136.123
567,Nikolas,Askey,naskeyfq@cnbc.com,Male,147.242.21.128
568,Dale,Peele,dpeelefr@reverbnation.com,Female,74.242.95.184
569,Filberte,Shiel,fshielfs@zimbio.com,Male,10.69.130.6
570,Wilow,Hance,whanceft@google.it,Female,254.154.39.74
571,Kelcy,Dockery,kdockeryfu@networksolutions.com,Female,38.85.192.61
572,Shelton,Goman,sgomanfv@marketwatch.com,Male,109.237.166.136
573,Micheal,Terron,mterronfw@cocolog-nifty.com,Male,211.44.233.161
574,Imogene,Kuschek,ikuschekfx@hud.gov,Female,43.129.250.62
575,Dotti,Lumly,dlumlyfy@redcross.org,Female,197.54.35.16
576,Iormina,Tooting,itootingfz@nytimes.com,Female,235.241.49.193
577,Salomon,O'Hagan,sohagang0@java.com,Male,140.230.143.70
578,Gerome,Elsworth,gelsworthg1@mtv.com,Male,170.239.245.132
579,Lowrance,Whitmarsh,lwhitmarshg2@jiathis.com,Male,83.221.170.190
580,Jarrad,Fidler,jfidlerg3@godaddy.com,Male,19.157.169.203
581,Ronnie,Fearby,rfearbyg4@symantec.com,Male,228.30.68.242
582,Nil,Crowter,ncrowterg5@epa.gov,Male,116.111.191.67
583,Lyle,Leopard,lleopardg6@taobao.com,Genderfluid,94.249.239.54
584,Alta,Haberjam,ahaberjamg7@google.com,Female,86.175.213.181
585,Sisely,Eastbury,seastburyg8@tinyurl.com,Female,169.85.34.218
586,Gordon,Hast,ghastg9@lulu.com,Male,220.91.71.8
587,Sibella,Kaygill,skaygillga@virginia.edu,Female,199.255.165.237
588,Basil,Fatscher,bfatschergb@cdc.gov,Male,98.212.231.47
589,Delila,Langrish,dlangrishgc@constantcontact.com,Female,6.245.147.130
590,Euphemia,Kener,ekenergd@narod.ru,Female,172.154.23.59
591,Rodger,McNeish,rmcneishge@chicagotribune.com,Male,203.31.100.254
592,Byran,Pattini,bpattinigf@businessweek.com,Male,252.101.143.237
593,Nealy,Ceresa,nceresagg@tripadvisor.com,Genderqueer,25.69.88.122
594,Giuseppe,Douglass,gdouglassgh@wikimedia.org,Male,47.29.245.118
595,Melessa,Hovenden,mhovendengi@google.nl,Female,97.223.218.240
596,Ella,Proppers,eproppersgj@reuters.com,Female,54.201.75.207
597,Urbanus,Gunson,ugunsongk@cnet.com,Male,51.132.29.218
598,Reilly,Brettor,rbrettorgl@google.it,Male,42.64.246.185
599,Libbey,Kristof,lkristofgm@sakura.ne.jp,Female,211.136.98.36
600,Sibyl,Zumbusch,szumbuschgn@hexun.com,Female,88.248.110.70
601,Domenico,Playfair,dplayfairgo@hibu.com,Male,230.12.178.232
602,Dillie,Tilsley,dtilsleygp@gizmodo.com,Male,123.78.46.107
603,Heddie,Bimrose,hbimrosegq@prweb.com,Female,27.28.227.241
604,Bernardina,Argente,bargentegr@themeforest.net,Non-binary,44.89.104.223
605,Ginevra,Spoor,gspoorgs@stanford.edu,Female,58.80.193.0
606,Elbertina,Rawlins,erawlinsgt@com.com,Female,77.243.224.132
607,Latisha,Clemson,lclemsongu@businessinsider.com,Female,60.128.93.206
608,Homere,Goundry,hgoundrygv@amazon.de,Male,85.216.12.161
609,Trudie,Sent,tsentgw@cloudflare.com,Female,241.148.236.179
610,Jonah,Lumbley,jlumbleygx@vkontakte.ru,Male,4.105.76.232
611,Welsh,Halmkin,whalmkingy@tinypic.com,Male,23.156.190.153
612,Dom,Lob,dlobgz@skype.com,Male,225.183.78.238
613,Emelia,Toller,etollerh0@usda.gov,Female,42.62.20.208
614,Eulalie,Fisbey,efisbeyh1@artisteer.com,Female,234.78.85.9
615,Demetris,Shelton,dsheltonh2@merriam-webster.com,Male,22.115.189.139
616,Dimitri,Logan,dloganh3@nymag.com,Male,212.85.212.39
617,Ive,Macallam,imacallamh4@imgur.com,Male,77.113.239.145
618,Terry,Oakinfold,toakinfoldh5@microsoft.com,Male,237.196.217.50
619,Pace,Blockey,pblockeyh6@indiatimes.com,Male,239.144.200.160
620,Chester,Meadus,cmeadush7@people.com.cn,Male,21.149.89.140
621,Lorain,Reuben,lreubenh8@jugem.jp,Female,122.39.116.53
622,Prentiss,Kinghorne,pkinghorneh9@nbcnews.com,Male,20.98.209.8
623,Rozanna,Jansey,rjanseyha@google.co.jp,Female,55.22.121.82
624,Stevie,Jakobsson,sjakobssonhb@craigslist.org,Male,147.5.96.67
625,Hervey,Goodspeed,hgoodspeedhc@bbb.org,Male,47.251.232.150
626,Rogerio,Reside,rresidehd@xrea.com,Male,92.250.74.105
627,Sayer,Hoff,shoffhe@123-reg.co.uk,Male,156.226.211.131
628,Glynnis,Grimsdell,ggrimsdellhf@goodreads.com,Non-binary,221.236.178.9
629,Dalenna,Rosendale,drosendalehg@macromedia.com,Genderfluid,111.75.23.79
630,Friedrich,Francom,ffrancomhh@google.pl,Male,63.119.81.221
631,Madalyn,Waddell,mwaddellhi@youku.com,Female,116.203.150.206
632,Butch,Dring,bdringhj@hao123.com,Male,68.224.201.230
633,Emmalynne,Winger,ewingerhk@multiply.com,Female,114.227.31.19
634,Melanie,Ingamells,mingamellshl@wikimedia.org,Female,146.233.183.211
635,Tomasine,Andreone,tandreonehm@sakura.ne.jp,Female,251.251.47.212
636,Saunderson,Wilse,swilsehn@weibo.com,Male,133.241.213.91
637,Rosco,Martyn,rmartynho@yale.edu,Male,24.131.76.223
638,Antin,Maisey,amaiseyhp@sciencedaily.com,Male,220.76.187.73
639,Cheryl,Madgett,cmadgetthq@nbcnews.com,Bigender,94.242.164.181
640,Danna,Sanz,dsanzhr@last.fm,Female,119.2.123.219
641,Karon,Moneypenny,kmoneypennyhs@geocities.com,Female,185.222.113.38
642,Gannon,Koche,gkocheht@ocn.ne.jp,Male,145.142.177.45
643,Isacco,Cawsy,icawsyhu@geocities.jp,Male,182.165.5.10
644,Darren,Dubique,ddubiquehv@edublogs.org,Male,225.81.136.135
645,Kayley,Berrington,kberringtonhw@bbb.org,Female,94.133.1.121
646,Quillan,Testo,qtestohx@oaic.gov.au,Non-binary,196.190.234.85
647,Bat,Meryett,bmeryetthy@ebay.co.uk,Male,244.173.194.7
648,Alphard,Pyffe,apyffehz@tumblr.com,Agender,143.144.139.244
649,Barret,Jest,bjesti0@over-blog.com,Male,161.109.192.105
650,Cindee,Bewshire,cbewshirei1@alibaba.com,Female,254.134.45.120
651,Bartholomeus,Pippard,bpippardi2@altervista.org,Male,10.159.125.191
652,Ivie,Evamy,ievamyi3@ed.gov,Female,67.79.186.224
653,Isis,MacNeilage,imacneilagei4@de.vu,Female,157.2.178.68
654,Efrem,Storton,estortoni5@weebly.com,Male,237.22.228.52
655,Libbi,Guerrazzi,lguerrazzii6@geocities.jp,Female,117.65.254.135
656,Gusella,Whittaker,gwhittakeri7@surveymonkey.com,Female,154.86.147.102
657,Franklin,Franey,ffraneyi8@wsj.com,Male,242.70.168.141
658,Iggy,Dast,idasti9@mapquest.com,Polygender,29.9.240.193
659,Iver,Portigall,iportigallia@edublogs.org,Male,187.127.161.144
660,Ilise,Heller,ihellerib@samsung.com,Female,150.23.195.143
661,Astrid,Capron,acapronic@patch.com,Female,214.119.99.134
662,Bear,Iacobetto,biacobettoid@jalbum.net,Male,248.105.197.34
663,Shandie,Denidge,sdenidgeie@jalbum.net,Genderqueer,147.103.73.136
664,Jarrod,Ferrino,jferrinoif@nbcnews.com,Male,19.52.129.110
665,Staffard,Blenkensop,sblenkensopig@latimes.com,Non-binary,248.151.255.170
666,Stacee,Obington,sobingtonih@unblog.fr,Male,232.19.112.163
667,Leonhard,Perrone,lperroneii@usda.gov,Male,27.158.87.16
668,Lynea,Hillett,lhillettij@marriott.com,Female,135.150.6.173
669,Ray,Dusey,rduseyik@github.com,Male,205.127.8.46
670,Krystalle,Darthe,kdartheil@epa.gov,Female,4.175.40.30
671,Dorella,Weems,dweemsim@admin.ch,Female,235.156.109.8
672,Sibby,deKnevet,sdeknevetin@homestead.com,Female,140.241.106.234
673,Ogdon,Drioli,odrioliio@vk.com,Male,44.55.49.53
674,Bruis,Noir,bnoirip@seattletimes.com,Male,26.189.255.221
675,Pris,Frediani,pfredianiiq@edublogs.org,Female,254.184.106.5
676,Olly,Gorst,ogorstir@cam.ac.uk,Male,63.98.193.123
677,Gabriela,Kiely,gkielyis@boston.com,Female,229.255.62.166
678,Neall,Garstan,ngarstanit@cafepress.com,Genderfluid,133.124.111.62
679,Alice,Kydd,akyddiu@example.com,Polygender,145.173.75.36
680,Ber,Suckling,bsucklingiv@mit.edu,Male,129.192.19.156
681,Vivianne,Davidowich,vdavidowichiw@soup.io,Female,83.33.187.182
682,Garek,Goodread,ggoodreadix@about.me,Male,40.26.160.1
683,Gunar,O'Hickey,gohickeyiy@businessweek.com,Male,152.23.228.145
684,Mady,Sollas,msollasiz@digg.com,Female,33.39.64.76
685,Lanna,Armytage,larmytagej0@usatoday.com,Female,64.76.123.116
686,Maxine,Brayne,mbraynej1@cpanel.net,Female,35.168.90.205
687,Carlos,Shillingford,cshillingfordj2@deviantart.com,Male,135.234.206.97
688,Marlyn,Stammer,mstammerj3@dailymotion.com,Female,17.57.59.65
689,Lenore,Struan,lstruanj4@aboutads.info,Female,200.28.241.93
690,Marjy,Donegan,mdoneganj5@flickr.com,Female,127.82.208.64
691,Ranique,Leckey,rleckeyj6@youku.com,Female,148.144.205.92
692,Rufe,Stanex,rstanexj7@google.pl,Male,84.176.104.225
693,Rubina,Chuck,rchuckj8@blogspot.com,Genderfluid,117.10.122.122
694,Kimball,Chapier,kchapierj9@tinypic.com,Male,87.137.13.137
695,Nellie,Wavell,nwavellja@cisco.com,Female,155.4.131.39
696,Boyd,Hilling,bhillingjb@webmd.com,Male,128.15.225.134
697,Berky,Gogin,bgoginjc@squarespace.com,Male,116.11.36.128
698,Nikita,Brumbie,nbrumbiejd@gov.uk,Male,52.81.55.134
699,Karol,Playle,kplayleje@github.com,Female,79.10.81.126
700,Tomaso,Box,tboxjf@bizjournals.com,Male,197.85.130.206
701,Fanchon,Peele,fpeelejg@t-online.de,Female,2.230.162.99
702,Vida,Keat,vkeatjh@wufoo.com,Female,230.210.50.139
703,Charmion,Gossage,cgossageji@about.com,Female,195.121.31.7
704,Herold,Orans,horansjj@marketwatch.com,Male,88.128.216.35
705,Alex,Robertson,arobertsonjk@indiegogo.com,Male,12.124.213.8
706,Jeni,Fewkes,jfewkesjl@uol.com.br,Female,180.167.216.28
707,Cass,Iohananof,ciohananofjm@twitter.com,Female,46.225.134.63
708,Eolanda,Rooper,erooperjn@geocities.com,Female,74.37.45.206
709,Arly,Tregale,atregalejo@de.vu,Female,74.52.184.161
710,Lianne,Darville,ldarvillejp@4shared.com,Non-binary,87.91.110.77
711,Livvie,Michieli,lmichielijq@123-reg.co.uk,Female,101.180.215.28
712,Prescott,Freestone,pfreestonejr@blogs.com,Male,241.141.36.42
713,Lennie,Dahlberg,ldahlbergjs@seesaa.net,Male,189.185.208.241
714,Mikaela,Linsey,mlinseyjt@sitemeter.com,Female,198.51.253.9
715,Terri,Chrestien,tchrestienju@geocities.jp,Male,48.177.4.11
716,Christoforo,Hargess,chargessjv@vk.com,Male,194.138.249.197
717,Gratiana,Poag,gpoagjw@wired.com,Female,14.155.246.251
718,Martina,Pheazey,mpheazeyjx@reverbnation.com,Female,22.15.57.43
719,Marshal,Arendsen,marendsenjy@vk.com,Male,8.219.122.23
720,Magdalene,Carley,mcarleyjz@arstechnica.com,Female,47.85.120.160
721,Salvatore,Geaves,sgeavesk0@smugmug.com,Bigender,1.69.195.244
722,Jon,Milmith,jmilmithk1@dell.com,Male,9.177.3.179
723,Fax,Artrick,fartrickk2@bloomberg.com,Male,49.204.26.129
724,Aksel,MacDonogh,amacdonoghk3@narod.ru,Male,204.199.19.224
725,Mallory,Dearnaly,mdearnalyk4@mysql.com,Male,60.215.35.43
726,Mellie,Heisham,mheishamk5@timesonline.co.uk,Female,186.106.206.219
727,Marci,Jiruch,mjiruchk6@census.gov,Female,228.55.225.99
728,Zabrina,Rummin,zrummink7@google.com.au,Genderqueer,191.140.20.154
729,Rodolphe,Chettle,rchettlek8@howstuffworks.com,Male,44.163.185.113
730,Lora,Bossingham,lbossinghamk9@yale.edu,Female,196.208.52.55
731,Liesa,Frankcombe,lfrankcombeka@pen.io,Female,39.64.33.181
732,Elysha,Braine,ebrainekb@prweb.com,Female,18.52.251.161
733,Dulcine,Caro,dcarokc@huffingtonpost.com,Female,138.31.156.140
734,Delphine,Newbegin,dnewbeginkd@ted.com,Female,119.171.66.208
735,Bastian,Geraldo,bgeraldoke@auda.org.au,Male,28.30.175.167
736,Lyndsie,Yukhin,lyukhinkf@geocities.com,Female,49.140.119.114
737,Nils,Simoneschi,nsimoneschikg@github.com,Genderfluid,151.239.205.18
738,Corbin,Sheather,csheatherkh@meetup.com,Male,254.67.88.234
739,Etty,Coomer,ecoomerki@blogspot.com,Female,251.225.80.147
740,Brittany,Foux,bfouxkj@cdc.gov,Genderqueer,232.176.30.130
741,Tamera,Yallowley,tyallowleykk@ifeng.com,Bigender,21.88.8.112
742,Missy,Migheli,mmighelikl@joomla.org,Female,221.43.8.194
743,Chico,Robb,crobbkm@walmart.com,Male,29.84.87.254
744,Melamie,Farr,mfarrkn@bbb.org,Female,74.2.70.138
745,Nicky,Tift,ntiftko@salon.com,Female,57.129.145.120
746,Ysabel,Avraam,yavraamkp@sina.com.cn,Female,96.203.35.209
747,Gabie,Sture,gsturekq@prlog.org,Male,15.50.3.35
748,Ursa,Coventry,ucoventrykr@nyu.edu,Polygender,65.213.37.115
749,Edouard,Mallia,emalliaks@moonfruit.com,Male,42.231.168.3
750,Mora,Newrick,mnewrickkt@google.com.hk,Female,219.81.1.181
751,Bron,Wisden,bwisdenku@foxnews.com,Genderfluid,117.19.51.179
752,Camey,Hayth,chaythkv@ebay.com,Male,141.222.13.57
753,Morly,Crampin,mcrampinkw@ucoz.com,Male,96.41.223.243
754,Saunders,Niblock,sniblockkx@newyorker.com,Male,124.77.215.103
755,Denny,Howsin,dhowsinky@jiathis.com,Agender,106.238.232.99
756,Danice,Tooher,dtooherkz@salon.com,Female,58.92.181.241
757,Anthe,Sibborn,asibbornl0@youku.com,Female,176.187.29.141
758,Cullie,Pumfrey,cpumfreyl1@mediafire.com,Bigender,115.179.92.213
759,Staford,Killshaw,skillshawl2@moonfruit.com,Male,107.77.100.115
760,Orv,Brittin,obrittinl3@tinypic.com,Male,36.197.191.129
761,Bennie,Bakes,bbakesl4@google.co.jp,Female,63.155.4.249
762,Ricki,Biggs,rbiggsl5@netscape.com,Male,173.123.66.47
763,Thurston,Rawlin,trawlinl6@github.io,Male,44.219.242.117
764,Clay,Bonar,cbonarl7@time.com,Male,222.204.132.54
765,Zuzana,Filyaev,zfilyaevl8@huffingtonpost.com,Female,2.252.74.26
766,Margot,Dawidowicz,mdawidowiczl9@nba.com,Female,5.100.235.80
767,Benji,Aubin,baubinla@nyu.edu,Male,159.39.87.236
768,Kata,Yuill,kyuilllb@ed.gov,Female,173.54.248.106
769,Fancy,Ayto,faytolc@cnn.com,Female,68.53.9.86
770,Robinson,Simpson,rsimpsonld@about.com,Male,199.2.7.188
771,Austina,Hilland,ahillandle@about.me,Agender,156.209.19.15
772,Dorie,Josey,djoseylf@technorati.com,Female,85.169.180.122
773,Olvan,Real,oreallg@blogger.com,Male,52.186.120.170
774,Sylas,Kennaird,skennairdlh@live.com,Male,62.98.139.123
775,Penn,Cockrell,pcockrellli@redcross.org,Male,86.255.5.243
776,Clemmy,Lestor,clestorlj@desdev.cn,Female,208.8.205.39
777,Wallace,Johannesson,wjohannessonlk@google.com.hk,Male,98.166.15.248
778,Lydon,Ashworth,lashworthll@ocn.ne.jp,Male,59.132.183.168
779,Morry,Scambler,mscamblerlm@tripod.com,Genderfluid,36.134.13.205
780,Lay,Deaton,ldeatonln@hp.com,Male,6.42.247.217
781,Lorin,Boddie,lboddielo@nyu.edu,Male,200.209.18.166
782,Bobinette,Garbar,bgarbarlp@spotify.com,Female,129.244.179.76
783,Fairfax,Hillhouse,fhillhouselq@shareasale.com,Male,104.112.120.75
784,Rona,Bowart,rbowartlr@google.de,Female,106.78.8.135
785,Kinsley,Cutbush,kcutbushls@so-net.ne.jp,Male,89.219.147.26
786,Howey,Bolwell,hbolwelllt@photobucket.com,Male,130.170.96.159
787,Hunt,McCalister,hmccalisterlu@ovh.net,Male,39.27.166.116
788,Dedie,Prozillo,dprozillolv@topsy.com,Female,117.26.206.238
789,Craggie,Rubinek,crubineklw@dailymotion.com,Male,117.101.84.249
790,Jammal,Procter,jprocterlx@cbsnews.com,Male,208.190.42.162
791,Myra,Dixsee,mdixseely@theguardian.com,Non-binary,235.45.30.208
792,Heywood,Buckhurst,hbuckhurstlz@go.com,Male,183.210.9.118
793,Jennifer,Rylands,jrylandsm0@sun.com,Female,64.234.39.179
794,Hamish,Gonnard,hgonnardm1@ed.gov,Male,128.108.186.42
795,Frasquito,Lorking,florkingm2@flavors.me,Male,201.198.122.19
796,Duke,Busch,dbuschm3@issuu.com,Male,180.245.121.16
797,Giorgio,Maycock,gmaycockm4@histats.com,Male,147.167.152.218
798,Jory,Ivakhno,jivakhnom5@admin.ch,Male,150.252.243.136
799,Bernadene,Plomer,bplomerm6@github.io,Polygender,163.161.32.31
800,Tobiah,Gourdon,tgourdonm7@pagesperso-orange.fr,Male,70.51.216.45
801,Mandel,West,mwestm8@archive.org,Male,253.119.211.198
802,Osbert,Knottley,oknottleym9@sbwire.com,Male,179.173.241.16
803,Fraser,Hackinge,fhackingema@rakuten.co.jp,Male,127.106.210.216
804,Paola,Heskin,pheskinmb@prweb.com,Female,200.236.233.135
805,Derek,Coot,dcootmc@privacy.gov.au,Male,14.81.217.202
806,Townsend,Calton,tcaltonmd@bloglovin.com,Male,74.186.35.71
807,Elsbeth,Ingold,eingoldme@elpais.com,Female,156.136.225.204
808,Gabe,Kinrade,gkinrademf@seesaa.net,Male,9.112.78.211
809,Gilles,Atmore,gatmoremg@msu.edu,Male,169.216.36.129
810,Darcie,Pes,dpesmh@stumbleupon.com,Female,113.154.97.120
811,Rock,Van Son,rvansonmi@fastcompany.com,Male,19.33.91.9
812,Florian,Carvill,fcarvillmj@addthis.com,Male,240.95.22.252
813,Mariya,Radmer,mradmermk@umn.edu,Female,139.49.238.69
814,Valida,Dewick,vdewickml@theguardian.com,Female,126.220.225.209
815,Tommy,Hawkeridge,thawkeridgemm@tumblr.com,Male,236.96.95.200
816,Elwin,Jurca,ejurcamn@apache.org,Male,1.218.2.133
817,Renard,Hallatt,rhallattmo@illinois.edu,Male,28.210.156.195
818,Cord,Avraam,cavraammp@prlog.org,Male,123.0.16.27
819,Margy,Klosges,mklosgesmq@nhs.uk,Female,49.157.42.71
820,Drusie,Gaffey,dgaffeymr@desdev.cn,Female,42.251.71.148
821,Tobe,Calow,tcalowms@imgur.com,Female,155.244.56.89
822,Felizio,Carbert,fcarbertmt@pagesperso-orange.fr,Male,93.91.76.8
823,Riordan,Melson,rmelsonmu@craigslist.org,Male,59.161.65.114
824,Clarissa,Nockolds,cnockoldsmv@latimes.com,Female,34.151.175.39
825,Quinton,Swiffen,qswiffenmw@cpanel.net,Male,82.246.126.103
826,Tori,Sibylla,tsibyllamx@globo.com,Female,219.84.216.221
827,Jewel,Onslow,jonslowmy@icq.com,Female,236.45.198.253
828,Thedric,Vamplers,tvamplersmz@hp.com,Male,96.18.83.106
829,Bank,Carrington,bcarringtonn0@homestead.com,Male,53.200.101.14
830,Gennie,Littledyke,glittledyken1@netvibes.com,Female,176.187.122.62
831,Farly,Simoens,fsimoensn2@fotki.com,Agender,110.236.85.151
832,Morly,Liddon,mliddonn3@opensource.org,Male,22.145.214.191
833,Ally,Capron,acapronn4@1und1.de,Female,126.204.52.192
834,Ralina,Dibson,rdibsonn5@oracle.com,Female,180.194.162.248
835,Carce,Erington,ceringtonn6@blog.com,Bigender,9.222.60.0
836,Felizio,Duignan,fduignann7@freewebs.com,Male,119.111.28.35
837,Thor,Pessel,tpesseln8@usa.gov,Male,191.221.248.182
838,Shea,Bantick,sbantickn9@netlog.com,Non-binary,29.241.180.176
839,Sal,Lilburn,slilburnna@4shared.com,Female,22.199.105.27
840,Reinald,Varga,rvarganb@cbsnews.com,Male,191.47.58.23
841,Hersh,Tumulty,htumultync@baidu.com,Male,239.139.207.31
842,Ada,O'Gleasane,aogleasanend@nba.com,Female,249.35.22.41
843,Morly,Del Checolo,mdelchecolone@amazon.de,Male,145.199.187.105
844,Netta,Guisler,nguislernf@baidu.com,Female,187.121.254.141
845,Clementia,Guiver,cguiverng@dot.gov,Female,110.83.105.133
846,Kilian,Finker,kfinkernh@altervista.org,Male,233.60.107.19
847,Maurita,Abbison,mabbisonni@godaddy.com,Agender,218.58.190.226
848,Henrieta,Winterton,hwintertonnj@prlog.org,Female,171.155.240.172
849,Oran,Haryngton,oharyngtonnk@xinhuanet.com,Male,135.30.165.33
850,Minnaminnie,Solon,msolonnl@liveinternet.ru,Female,233.220.74.242
851,Winifred,Ferreira,wferreiranm@unesco.org,Female,205.109.216.176
852,Renie,MacAlpyne,rmacalpynenn@java.com,Female,176.196.34.172
853,Essa,Haldin,ehaldinno@1und1.de,Female,3.86.194.178
854,Dasie,Blewitt,dblewittnp@netvibes.com,Female,241.227.154.108
855,Alisa,Barratt,abarrattnq@posterous.com,Female,193.161.99.121
856,Nevil,Lemery,nlemerynr@ocn.ne.jp,Male,40.0.179.56
857,Ichabod,Claybourn,iclaybournns@canalblog.com,Male,206.216.97.210
858,Mirella,Frere,mfrerent@rambler.ru,Female,215.183.142.231
859,Cullen,Dulieu,cdulieunu@nba.com,Male,10.182.87.125
860,Hilly,Elbourn,helbournnv@uiuc.edu,Male,101.137.166.190
861,Lilah,Perez,lpereznw@berkeley.edu,Female,135.87.0.3
862,Salvatore,Antonomoli,santonomolinx@macromedia.com,Male,20.239.197.165
863,Milt,Mathivet,mmathivetny@aboutads.info,Male,168.244.168.168
864,Sibyl,Edwicke,sedwickenz@joomla.org,Male,48.195.118.186
865,Sindee,Lechmere,slechmereo0@rediff.com,Female,72.58.30.95
866,Ervin,Clacson,eclacsono1@domainmarket.com,Male,55.195.245.126
867,Maximilien,Rake,mrakeo2@yahoo.co.jp,Male,40.190.254.202
868,Goldina,Bamfield,gbamfieldo3@naver.com,Female,197.147.200.123
869,Monika,Triebner,mtriebnero4@usda.gov,Female,249.88.174.215
870,Berk,Pirot,bpiroto5@google.pl,Male,6.214.127.128
871,Tammie,Mullin,tmullino6@indiegogo.com,Genderfluid,163.24.209.162
872,Ches,Harding,chardingo7@pen.io,Male,205.13.235.73
873,Christos,Sigars,csigarso8@wix.com,Male,155.121.177.62
874,Barbee,Derell,bderello9@si.edu,Female,168.65.138.145
875,Minnnie,Alliban,mallibanoa@people.com.cn,Female,178.93.103.18
876,Torrie,Conquest,tconquestob@opensource.org,Female,104.169.175.138
877,Hagan,Slocomb,hslocomboc@google.pl,Bigender,107.62.153.149
878,Hi,Goburn,hgoburnod@usgs.gov,Male,162.185.109.122
879,Etienne,Irvine,eirvineoe@vkontakte.ru,Male,186.201.9.206
880,Quentin,Moberley,qmoberleyof@mozilla.org,Male,160.216.132.160
881,Jamil,Agate,jagateog@cmu.edu,Male,193.108.34.112
882,Payton,Carlozzi,pcarlozzioh@surveymonkey.com,Male,128.67.243.104
883,Barbara,Genery,bgeneryoi@weebly.com,Female,193.104.79.61
884,Fletch,Andrysek,fandrysekoj@craigslist.org,Male,61.92.110.69
885,Ted,Janjic,tjanjicok@tumblr.com,Female,119.148.92.110
886,Cyndi,Estick,cestickol@free.fr,Female,87.152.37.132
887,Verine,Francklyn,vfrancklynom@seesaa.net,Female,244.84.188.30
888,Rubina,Byham,rbyhamon@fotki.com,Female,225.213.48.71
889,Bartolemo,Willcox,bwillcoxoo@eventbrite.com,Male,156.200.103.81
890,Tabbatha,Lyndon,tlyndonop@dot.gov,Female,229.254.31.208
891,Alasteir,De Simone,adesimoneoq@youku.com,Male,198.228.155.125
892,Kerk,Playfair,kplayfairor@timesonline.co.uk,Male,51.173.251.167
893,Graeme,Linkie,glinkieos@bluehost.com,Male,237.207.205.15
894,Martha,Snedden,msneddenot@soup.io,Polygender,33.141.231.184
895,Adolphe,Gaish,agaishou@delicious.com,Male,177.231.42.167
896,Flore,Portugal,fportugalov@marketwatch.com,Female,8.235.221.230
897,Mariska,Scallan,mscallanow@google.co.jp,Female,18.211.190.136
898,Stanislas,Gamett,sgamettox@quantcast.com,Male,172.7.198.55
899,Rockie,Gormley,rgormleyoy@bizjournals.com,Male,249.119.108.252
900,Michelle,Deveril,mdeveriloz@plala.or.jp,Female,148.139.181.231
901,Gardner,Foran,gforanp0@reuters.com,Polygender,145.151.194.84
902,Basilius,Merrall,bmerrallp1@seattletimes.com,Male,73.219.13.196
903,Garv,Murton,gmurtonp2@china.com.cn,Male,89.54.49.218
904,Ame,Treverton,atrevertonp3@ning.com,Female,13.84.105.196
905,Ellette,Mepsted,emepstedp4@zdnet.com,Female,237.131.80.33
906,Giovanni,Leyzell,gleyzellp5@google.co.jp,Bigender,234.110.57.209
907,Maxy,Essame,messamep6@rakuten.co.jp,Female,28.108.50.64
908,Clayborne,Poleykett,cpoleykettp7@jalbum.net,Male,117.70.148.85
909,Doria,McGrath,dmcgrathp8@blogspot.com,Female,223.51.30.146
910,Pier,Hawksworth,phawksworthp9@photobucket.com,Female,124.76.106.122
911,Freeman,Feenan,ffeenanpa@rediff.com,Male,31.168.70.23
912,Arte,Polglase,apolglasepb@skype.com,Male,40.16.173.92
913,Catina,McNirlan,cmcnirlanpc@alibaba.com,Female,244.64.217.235
914,Chariot,Gofton,cgoftonpd@ning.com,Male,165.248.33.29
915,Hubert,Dominichelli,hdominichellipe@rambler.ru,Male,255.157.248.22
916,Deloris,Imorts,dimortspf@about.com,Female,63.128.110.42
917,Charlene,Herion,cherionpg@simplemachines.org,Female,76.26.231.139
918,Karie,Brookbank,kbrookbankph@hexun.com,Female,190.157.1.164
919,Godart,Embery,gemberypi@php.net,Male,71.59.161.229
920,Dave,Beckerleg,dbeckerlegpj@dropbox.com,Male,152.115.62.123
921,Tamma,Gristock,tgristockpk@soup.io,Female,177.251.108.42
922,Beale,Kraut,bkrautpl@simplemachines.org,Agender,165.113.213.99
923,Gisela,Barczynski,gbarczynskipm@tinyurl.com,Non-binary,59.72.103.70
924,Kesley,Chilton,kchiltonpn@go.com,Genderfluid,51.19.82.11
925,Lorraine,Adlem,ladlempo@aboutads.info,Female,228.182.153.5
926,Wyndham,Sellen,wsellenpp@discovery.com,Male,121.200.171.75
927,Noell,Killelay,nkillelaypq@themeforest.net,Female,74.31.26.44
928,Bibi,Bomb,bbombpr@senate.gov,Agender,23.225.110.242
929,Dalt,Spurling,dspurlingps@t.co,Genderqueer,14.34.243.172
930,Sig,Loxston,sloxstonpt@time.com,Non-binary,188.189.166.16
931,Doug,Schoffel,dschoffelpu@shop-pro.jp,Male,71.225.140.149
932,Curry,Odhams,codhamspv@e-recht24.de,Male,238.9.186.113
933,Randa,Coton,rcotonpw@chron.com,Female,37.49.14.163
934,Inez,Ashwell,iashwellpx@usnews.com,Female,40.125.4.61
935,Bearnard,Denham,bdenhampy@cbsnews.com,Male,30.23.171.5
936,Bartlet,Snibson,bsnibsonpz@tuttocitta.it,Male,82.218.131.113
937,Myrle,Pecht,mpechtq0@cocolog-nifty.com,Female,53.234.80.141
938,Edith,Sproule,esprouleq1@lycos.com,Female,13.193.181.17
939,Nathalie,Murrison,nmurrisonq2@discuz.net,Female,172.187.217.105
940,Min,Coleyshaw,mcoleyshawq3@cbsnews.com,Female,5.199.55.253
941,Zach,Bulled,zbulledq4@ibm.com,Male,217.241.67.247
942,Sullivan,Plumb,splumbq5@sun.com,Male,219.194.172.224
943,Peta,Yockney,pyockneyq6@vkontakte.ru,Female,145.247.46.122
944,Cairistiona,Liquorish,cliquorishq7@prnewswire.com,Female,221.80.112.128
945,Lockwood,Fosserd,lfosserdq8@naver.com,Male,229.113.215.85
946,Paolo,Stot,pstotq9@mozilla.com,Male,119.193.127.160
947,Doroteya,Fessler,dfesslerqa@dagondesign.com,Female,164.47.194.199
948,Vilhelmina,Borg,vborgqb@delicious.com,Female,110.211.58.220
949,Valera,Whartonby,vwhartonbyqc@infoseek.co.jp,Female,36.138.81.148
950,Devy,Connichie,dconnichieqd@illinois.edu,Male,38.32.54.3
951,Kennith,Fedder,kfedderqe@163.com,Male,59.134.162.38
952,Harmonia,McNeigh,hmcneighqf@newyorker.com,Female,26.87.114.99
953,Freemon,Soitoux,fsoitouxqg@usgs.gov,Male,89.173.103.227
954,Floyd,Davidovich,fdavidovichqh@apache.org,Male,211.93.212.80
955,Angil,Band,abandqi@paypal.com,Female,131.43.194.77
956,Lori,Dict,ldictqj@istockphoto.com,Female,1.72.117.75
957,Kandace,Pavlovic,kpavlovicqk@facebook.com,Female,109.187.160.53
958,Jenifer,Branche,jbrancheql@weibo.com,Female,148.114.5.26
959,Emlynn,Derwin,ederwinqm@europa.eu,Female,213.114.40.105
960,Tobie,Seden,tsedenqn@ox.ac.uk,Male,181.188.100.135
961,Deane,Genery,dgeneryqo@example.com,Female,175.176.81.113
962,Renaud,Melloi,rmelloiqp@examiner.com,Male,82.119.96.184
963,Brittni,Crinidge,bcrinidgeqq@godaddy.com,Female,47.34.0.126
964,Dion,Zwicker,dzwickerqr@toplist.cz,Male,179.149.132.94
965,Onfroi,Lanceter,olanceterqs@senate.gov,Male,111.81.70.213
966,Lowe,Samme,lsammeqt@apache.org,Male,44.218.173.223
967,Stephenie,Dutnell,sdutnellqu@amazon.de,Female,185.26.242.166
968,Tim,Crumly,tcrumlyqv@etsy.com,Female,133.61.231.124
969,Corey,Alday,caldayqw@webmd.com,Male,78.195.30.210
970,Pepe,Surby,psurbyqx@princeton.edu,Male,77.90.152.179
971,Gerry,Dosdale,gdosdaleqy@umich.edu,Male,100.81.202.147
972,Delano,Letteresse,dletteresseqz@about.com,Male,121.45.246.89
973,Betti,Sevitt,bsevittr0@addtoany.com,Female,8.228.184.176
974,Laina,Ryce,lrycer1@4shared.com,Female,28.119.51.231
975,Idaline,Enrico,ienricor2@spotify.com,Female,13.176.22.243
976,Durant,Geggus,dgeggusr3@statcounter.com,Male,189.38.201.45
977,Laughton,Demougeot,ldemougeotr4@cbslocal.com,Male,108.250.88.101
978,Hillary,Water,hwaterr5@phpbb.com,Male,210.111.220.79
979,Paxton,Trevance,ptrevancer6@exblog.jp,Male,90.106.173.37
980,Anett,Mingay,amingayr7@barnesandnoble.com,Female,63.3.12.71
981,Honor,Wheeliker,hwheelikerr8@dion.ne.jp,Female,57.247.17.153
982,Patrizio,Sancias,psanciasr9@tamu.edu,Male,147.170.40.25
983,Prent,Laying,playingra@discuz.net,Male,8.30.18.211
984,Jude,Tumilson,jtumilsonrb@businesswire.com,Male,80.187.253.169
985,Percival,Daenen,pdaenenrc@squarespace.com,Male,20.73.172.76
986,Kerrill,Challens,kchallensrd@stumbleupon.com,Female,87.75.34.149
987,Gabriele,Millbank,gmillbankre@auda.org.au,Male,48.124.221.93
988,Davon,Horsfield,dhorsfieldrf@mysql.com,Male,19.175.53.205
989,Alisun,Curless,acurlessrg@cnet.com,Polygender,90.115.198.57
990,Keely,Kidd,kkiddrh@japanpost.jp,Female,8.185.138.172
991,Isidore,Jouhandeau,ijouhandeauri@whitehouse.gov,Male,237.254.175.13
992,Gibbie,Tomkin,gtomkinrj@ucla.edu,Bigender,16.89.115.235
993,Star,Wisniowski,swisniowskirk@icq.com,Female,164.87.129.106
994,Roosevelt,Antognelli,rantognellirl@theguardian.com,Male,94.238.78.98
995,Berne,Patington,bpatingtonrm@wikispaces.com,Male,93.85.18.136
996,Ramsay,Reichardt,rreichardtrn@timesonline.co.uk,Male,223.197.117.247
997,Nikolai,Leinweber,nleinweberro@gravatar.com,Male,106.93.237.65
998,Terence,Tompkinson,ttompkinsonrp@senate.gov,Male,217.136.162.119
999,Tuesday,Claus,tclausrq@yellowpages.com,Female,134.105.141.107
1000,Monika,Gannicott,mgannicottrr@examiner.com,Female,220.247.141.140
