first_name,last_name,age,email,phone_number,address,city,state,country,postal_code
Anitra,Morden,30,amorden0@seattletimes.com,344-239-4807,7 Hagan Place,Empório,,Greece,
Gaye,Ailmer,51,gailmer1@noaa.gov,289-212-7952,73649 New Castle Drive,Campamento,,Honduras,
Zitella,Eddis,44,zeddis2@miibeian.gov.cn,886-815-3887,97 Michigan Court,Rotterdam postbusnummers,Provincie Zuid-Holland,Netherlands,3009
Nissa,Casellas,57,ncasellas3@tmall.com,793-230-7872,9948 Arkansas Point,Shankeng,,China,
June,Harbert,84,jharbert4@prlog.org,119-221-5803,9 Gulseth Way,Chadiza,,Zambia,
Emlyn,Krolak,35,ekrolak5@booking.com,295-696-8731,934 Prairie Rose Road,Bīleh Savār,,Iran,
Celesta,Troyes,38,ctroyes6@wordpress.com,994-743-0546,82 Northwestern Avenue,Tabuk,,Philippines,6010
Flory,Spraberry,74,fspraberry7@booking.com,596-371-4793,55 Waxwing Park,Chiduo,,China,
Dawna,Talbot,67,dtalbot8@wired.com,618-865-8037,07 Paget Alley,Nam Sách,,Vietnam,
Myrwyn,Clara,60,mclara9@fc2.com,954-944-6777,1691 Farmco Pass,Coro,,Venezuela,
Cad,Dipple,67,cdipplea@naver.com,214-791-7341,29 Rusk Place,El Rosario,Jalisco,Mexico,47849
Bobbe,Langran,42,blangranb@foxnews.com,531-916-4914,15457 Helena Crossing,Saint-Claude,Franche-Comté,France,39209 CEDEX
Shayla,Breach,68,sbreachc@over-blog.com,919-135-0043,0223 Boyd Point,Zhengchang,,China,
Alexi,Vala,18,avalad@google.nl,816-623-5996,8 Scott Center,Guayabal de Síquima,,Colombia,253217
Thedrick,Bayliss,30,tbaylisse@4shared.com,139-371-9291,5523 Meadow Vale Parkway,Cosne-Cours-sur-Loire,Bourgogne,France,58209 CEDEX
Umberto,Astlatt,38,uastlattf@independent.co.uk,247-743-7593,79 Burning Wood Road,Whitchurch,England,United Kingdom,BS14
Lorine,Chaman,83,lchamang@ihg.com,866-204-4489,03 Bobwhite Park,Pergan,,Indonesia,
Hanson,Blouet,38,hbloueth@bloomberg.com,257-216-0501,165 Porter Road,Bujanovac,,Serbia,
Celka,Dannett,49,cdannetti@mlb.com,484-796-8292,0 Ilene Center,Taunggyi,,Myanmar,
Cleopatra,Delacote,42,cdelacotej@google.com.au,922-185-5774,9 Sloan Crossing,Ta‘izz,,Yemen,
Rafaelita,Tute,33,rtutek@cargocollective.com,416-577-5000,90107 High Crossing Place,Dagou,,China,
Lev,Foster-Smith,84,lfostersmithl@hexun.com,353-679-5717,121 Victoria Trail,Al Muţayrifī,,Saudi Arabia,
Alano,Grinishin,32,agrinishinm@dropbox.com,671-396-0329,1071 Scott Center,Citeureup,,Indonesia,
Nobie,Estick,36,nestickn@walmart.com,579-476-7092,284 Havey Hill,Itaperuna,,Brazil,28300-000
Marylee,Kisbee,25,mkisbeeo@springer.com,139-742-9147,6 Miller Avenue,Sukasirna,,Indonesia,
Keeley,Stiegers,32,kstiegersp@wp.com,848-217-3499,6710 Mcguire Point,Le Blanc-Mesnil,Île-de-France,France,93591 CEDEX
Junette,Critten,34,jcrittenq@wordpress.com,252-284-2174,62483 Iowa Center,IJmuiden,Provincie Noord-Holland,Netherlands,1974
Ardith,Mucklestone,66,amucklestoner@bloglovin.com,876-597-1469,15 Thackeray Drive,Châu Thành,,Vietnam,
Ardyth,Luisetti,46,aluisettis@cmu.edu,333-862-4627,95530 Green Ridge Point,Sanxi,,China,
Jammie,Elia,75,jeliat@ibm.com,820-921-7746,67 Green Ridge Trail,Jomda,,China,
Shep,Noddle,58,snoddleu@imageshack.us,720-299-7761,77 Kenwood Street,Pengdian,,China,
Carmen,Jobbins,48,cjobbinsv@cam.ac.uk,588-258-8653,56 Packers Place,Belūsovka,,Kazakhstan,
Bruce,Purrington,48,bpurringtonw@thetimes.co.uk,357-582-1109,3 Hagan Way,Fort Liberté,,Haiti,
Martie,Bucklan,77,mbucklanx@earthlink.net,654-832-9671,13885 Marquette Center,Bouzov,,Czech Republic,783 25
Merla,Giddens,37,mgiddensy@angelfire.com,937-293-4518,3780 Boyd Pass,Dayton,Ohio,United States,45426
Lilllie,Prazer,63,lprazerz@illinois.edu,894-864-0628,422 Leroy Court,Rodionovo-Nesvetayskaya,,Russia,346580
Demetre,Hansberry,37,dhansberry10@tinypic.com,265-357-1173,75976 Maywood Circle,Phak Hai,,Thailand,31000
Mignonne,Lacaze,77,mlacaze11@mac.com,573-486-3580,0333 Sutteridge Park,Rozkishne,,Ukraine,
Armstrong,Luker,44,aluker12@hud.gov,727-923-3722,87657 Tennessee Park,Suban Jeriji,,Indonesia,
Nanny,Vigars,38,nvigars13@phoca.cz,737-949-8596,52400 Trailsway Point,Bolanon,,Philippines,2208
Arne,Avrahamian,40,aavrahamian14@house.gov,263-557-6563,05 Crest Line Plaza,Berezne,,Ukraine,
Lamond,Rosenschein,30,lrosenschein15@jimdo.com,784-717-0163,75 Dapin Terrace,Nangxian,,China,
May,Branchett,62,mbranchett16@bbc.co.uk,592-442-0868,242 Tennessee Junction,Hamberang Sabrang,,Indonesia,
Daphene,Turbard,68,dturbard17@newsvine.com,936-253-0029,262 Kropf Pass,Daleszyce,,Poland,26-021
Phedra,Pilgrim,63,ppilgrim18@so-net.ne.jp,117-676-7714,8100 Farmco Point,Lingkou,,China,
Floyd,Nutley,24,fnutley19@mac.com,297-366-8112,17 Mallard Court,Chernomorskiy,,Russia,353265
Antonina,Dilworth,64,adilworth1a@i2i.jp,658-253-9122,97355 Hooker Place,Bokkos,,Nigeria,
Hinda,Okill,85,hokill1b@thetimes.co.uk,147-537-0704,69 Hansons Junction,Ferdinandovac,,Croatia,48356
Jilli,Rubertelli,44,jrubertelli1c@mail.ru,344-877-4605,546 Vera Crossing,Euclides da Cunha,,Brazil,48500-000
Rainer,Matzeitis,27,rmatzeitis1d@bloglovin.com,966-271-7254,4 High Crossing Pass,Sinfra,,Ivory Coast,
Micky,Marquand,36,mmarquand1e@mayoclinic.com,647-885-3500,919 Moose Street,Yatunpu,,China,
Harmon,Betton,41,hbetton1f@youku.com,342-178-0922,31 Pennsylvania Point,Novaya Chigla,,Russia,397473
Gabi,Rilton,54,grilton1g@lulu.com,987-422-3829,6 Vermont Drive,Uppsala,Uppsala,Sweden,753 14
Iolanthe,Maidstone,27,imaidstone1h@1688.com,888-997-5681,371 Crescent Oaks Lane,Oratorio,,Guatemala,06006
Ambur,Newbatt,85,anewbatt1i@mac.com,596-164-0159,6028 Manley Terrace,Teplice,,Czech Republic,415 01
Des,Guilloton,69,dguilloton1j@creativecommons.org,563-623-5933,84 Lighthouse Bay Circle,Dąbie,,Poland,62-660
Cedric,Curmi,30,ccurmi1k@t-online.de,976-865-5656,83139 Lindbergh Park,Dzüünbulag,,Mongolia,
Kacie,Tousey,40,ktousey1l@jiathis.com,256-940-8085,2172 Jana Avenue,Huntsville,Alabama,United States,35895
Morganica,Orhtmann,83,morhtmann1m@foxnews.com,114-773-4126,63703 Dovetail Lane,Hornówek,,Poland,05-080
Cinnamon,Kynsey,27,ckynsey1n@nifty.com,478-357-5868,33799 Nobel Place,Long’anqiao,,China,
Celestina,Ventura,61,cventura1o@themeforest.net,945-555-5377,9 Milwaukee Plaza,Xiashitai,,China,
Angelia,Braine,72,abraine1p@dion.ne.jp,989-579-0122,43 Novick Circle,Nobinobi,,Indonesia,
Brynna,Graveson,55,bgraveson1q@simplemachines.org,529-465-8075,0784 Victoria Terrace,Taifu,,China,
Aldrich,Britto,22,abritto1r@cnet.com,896-382-4887,53318 Paget Road,Rawannawi Village,,Kiribati,
Natale,MacPadene,64,nmacpadene1s@nationalgeographic.com,538-397-1819,22352 Lakeland Road,Savyntsi,,Ukraine,
Tammy,Janic,64,tjanic1t@bluehost.com,649-132-0454,650 Buena Vista Lane,La Luz,,Venezuela,
Shannah,Brittle,80,sbrittle1u@smugmug.com,882-244-3577,1 Blackbird Parkway,Rueil-Malmaison,Île-de-France,France,92504 CEDEX
Deina,Rivaland,37,drivaland1v@spiegel.de,107-856-7029,07173 American Ash Drive,Tangguhang,,Indonesia,
Carmina,Bernardeau,43,cbernardeau1w@goo.gl,919-759-1895,779 Dottie Way,Raleigh,North Carolina,United States,27635
Perla,Bulfoot,81,pbulfoot1x@hud.gov,170-500-4024,9173 Melvin Terrace,Granada,Andalucia,Spain,18010
Joana,Atkinson,43,jatkinson1y@ifeng.com,700-673-4948,8300 Rusk Trail,Shuiting,,China,
Belva,McFaul,19,bmcfaul1z@php.net,717-215-3774,9763 Burning Wood Circle,Alurbulu,,Indonesia,
Renault,Aubert,80,raubert20@amazon.co.jp,432-597-3750,6175 Merry Avenue,Dahe,,China,
Crosby,Richarz,54,cricharz21@comcast.net,703-967-7357,76144 Eastlawn Junction,Qiaosi,,China,
Barclay,Gavaghan,72,bgavaghan22@sina.com.cn,525-188-2107,15 Waxwing Alley,Saint-Gaudens,Midi-Pyrénées,France,31804 CEDEX
Lyndsey,Shankland,39,lshankland23@ycombinator.com,587-524-9702,609 Shopko Lane,Pamakayo,,Indonesia,
Willi,Boorn,52,wboorn24@uol.com.br,232-863-0821,717 Barnett Court,Jianchang,,China,
Bronny,Giacobini,81,bgiacobini25@mediafire.com,535-764-9299,40635 Ryan Avenue,Jishan,,China,
Chrotoem,Cristoforetti,35,ccristoforetti26@house.gov,917-862-4721,7 Waxwing Center,Francisco Beltrão,,Brazil,85600-000
Bessy,Menghi,40,bmenghi27@jimdo.com,490-113-8228,46 Crescent Oaks Lane,Chegdomyn,,Russia,682038
Coleen,Janiak,75,cjaniak28@state.tx.us,137-344-2706,9 Dapin Crossing,Hikone,,Japan,526-0826
Abel,Cobbled,48,acobbled29@google.co.uk,724-592-2330,390 Debs Junction,Walenrang,,Indonesia,
Yuri,Klimochkin,50,yklimochkin2a@biblegateway.com,919-506-9417,0 Schurz Park,Bauan,,Philippines,4201
Kaia,Lindstrom,71,klindstrom2b@php.net,179-413-4237,92 Aberg Junction,Milano,Lombardia,Italy,20136
Abner,Dignan,35,adignan2c@delicious.com,607-678-4731,7 1st Lane,Pinhal General,Setúbal,Portugal,2865-193
Mufi,Potier,63,mpotier2d@illinois.edu,909-885-4895,995 Moulton Court,Havtsal,,Mongolia,
Maybelle,Welchman,42,mwelchman2e@biglobe.ne.jp,262-644-7837,36703 Cherokee Park,Tahoua,,Niger,
Gloriane,Handes,45,ghandes2f@amazon.co.uk,376-616-2375,9 Southridge Parkway,Singkir,,Indonesia,
Tildi,Ostridge,83,tostridge2g@lulu.com,348-387-6444,1949 Hooker Way,Xiling,,China,
Tabina,Kleynen,69,tkleynen2h@answers.com,653-164-9328,8 Red Cloud Center,Aranitas,,Albania,
Jacquie,Tebb,31,jtebb2i@creativecommons.org,659-497-4833,2 Algoma Trail,Angoulême,Poitou-Charentes,France,16004 CEDEX
Stanislas,Leheude,39,sleheude2j@eepurl.com,569-253-4296,657 Twin Pines Trail,Bukedea,,Uganda,
Sybyl,Blood,71,sblood2k@google.ru,336-790-5209,0 Barnett Alley,Grubišno Polje,,Croatia,43290
Leeanne,Gowdy,43,lgowdy2l@tripadvisor.com,515-307-1983,49 Vera Trail,Des Moines,Iowa,United States,50362
Mahmud,Pearn,57,mpearn2m@businessweek.com,297-543-0029,57 Rutledge Trail,Xinsheng,,China,
Jed,Gandrich,71,jgandrich2n@webmd.com,609-940-2211,1756 Rusk Hill,Nancy,Lorraine,France,54046 CEDEX
Bartlet,Abramsky,22,babramsky2o@parallels.com,426-343-9964,907 Haas Place,Juai,,Indonesia,
Merci,Pryell,59,mpryell2p@ovh.net,790-227-8517,8 Pennsylvania Road,Kant,,Kyrgyzstan,
Chaddy,Sliman,55,csliman2q@walmart.com,291-775-4395,458 Walton Pass,Dioila,,Mali,
Cathlene,Townsend,70,ctownsend2r@google.cn,631-318-1421,763 Acker Drive,Obršani,,Macedonia,7509
Anders,Willingale,48,awillingale2s@lulu.com,690-953-5283,9 Melvin Plaza,Laocheng,,China,
Cathee,Hornbuckle,21,chornbuckle2t@nature.com,141-787-0161,97 Del Sol Junction,Taourirt,,Morocco,
Caril,Fray,59,cfray2u@vk.com,503-761-9017,22868 Artisan Place,Otofuke,,Japan,463-0015
Josiah,Scotchmore,63,jscotchmore2v@desdev.cn,185-241-9229,10634 Delaware Crossing,Moshenskoye,,Russia,174450
Katrina,Stickells,43,kstickells2w@wikispaces.com,474-547-6821,9083 Eagan Parkway,Manhush,,Ukraine,
Juditha,Valintine,79,jvalintine2x@geocities.jp,267-116-1269,552 New Castle Way,Qianzhou,,China,
Robbert,Watmough,63,rwatmough2y@cmu.edu,581-651-1454,909 Fordem Trail,Nacka,Stockholm,Sweden,131 46
Hilarius,Keers,68,hkeers2z@liveinternet.ru,901-386-9428,3475 Summerview Avenue,Maralal,,Kenya,
Nadine,McMychem,55,nmcmychem30@hhs.gov,881-331-2686,81 Eastlawn Drive,Liuqu,,China,
Roderich,Tomadoni,77,rtomadoni31@bbb.org,133-146-7654,3372 Jackson Way,San Miguel,Mexico,Mexico,51690
Nanine,Grinikhin,32,ngrinikhin32@umn.edu,151-981-4830,54222 Green Plaza,Suka Makmue,,Indonesia,
Lorin,Chaundy,56,lchaundy33@feedburner.com,877-642-3592,25 Superior Circle,Ta’ Xbiex,,Malta,ZTN
Marne,Danihelka,85,mdanihelka34@youtu.be,312-740-2874,20 Cordelia Parkway,Maastricht,Provincie Limburg,Netherlands,6214
Selestina,Randalson,38,srandalson35@sphinn.com,186-996-4884,936 Cascade Street,Vahdat,,Tajikistan,
Sioux,Mount,60,smount36@odnoklassniki.ru,191-647-3916,5 Little Fleur Alley,Andarapa,,Peru,
Pavia,Woolner,64,pwoolner37@marketwatch.com,363-752-7352,74 Algoma Alley,San Antonio Oeste,,Argentina,8520
Welsh,Giorgione,42,wgiorgione38@lulu.com,136-708-9086,3 Colorado Terrace,Communal,,Philippines,3302
Jedediah,Brandsma,27,jbrandsma39@columbia.edu,733-218-3631,37974 Bay Parkway,Yurla,,Russia,619222
Judon,MacMearty,48,jmacmearty3a@t-online.de,205-501-1795,15 Ilene Point,Tuscaloosa,Alabama,United States,35487
Othilie,McGinley,54,omcginley3b@delicious.com,371-694-4915,113 Susan Hill,Osias,,Philippines,1550
Elsie,Guynemer,27,eguynemer3c@ihg.com,805-925-1468,8806 Continental Circle,Xianyi,,China,
Mervin,Trimmill,18,mtrimmill3d@zimbio.com,480-992-3824,0 Cherokee Alley,Geita,,Tanzania,
Mollie,Maulden,25,mmaulden3e@lulu.com,833-586-3768,0 Elmside Terrace,Heemskerk,Provincie Noord-Holland,Netherlands,1964
Burnaby,Ferronet,78,bferronet3f@huffingtonpost.com,420-902-8977,4710 Hoffman Pass,Brandsen,,Argentina,1981
Frederich,Wann,41,fwann3g@adobe.com,169-292-7254,5 Bonner Crossing,Oele,,Indonesia,
Eudora,Crosskell,71,ecrosskell3h@mapy.cz,222-722-9454,2 Clove Lane,Changqi,,China,
Noella,Rainon,84,nrainon3i@spotify.com,930-611-3123,30850 Emmet Drive,Arazane,,Morocco,
Bo,Aikenhead,52,baikenhead3j@opera.com,904-619-0472,2 Daystar Junction,Bobrowice,,Poland,66-627
Petey,Abyss,21,pabyss3k@shinystat.com,480-294-6750,45 Oakridge Plaza,Krynki,,Poland,16-120
Alphonse,Wallworke,84,awallworke3l@uiuc.edu,166-934-4091,429 4th Terrace,Severoural’sk,,Russia,624486
Rupert,Salandino,57,rsalandino3m@prweb.com,735-993-1829,0632 Fallview Road,Bila Krynytsya,,Ukraine,
Lanie,Chilles,81,lchilles3n@unc.edu,332-446-7710,1735 Cambridge Crossing,Almodôvar,Beja,Portugal,7700-015
Caresse,Stroyan,24,cstroyan3o@blog.com,683-310-2348,6552 Gina Trail,Grzęska,,Poland,37-240
Brear,Dallywater,55,bdallywater3p@cam.ac.uk,513-744-4431,3446 Homewood Park,Cincinnati,Ohio,United States,45228
Lonny,Kenwrick,72,lkenwrick3q@ifeng.com,633-202-1353,327 Old Gate Place,Panenjoan,,Indonesia,
Ellwood,Oehm,24,eoehm3r@icio.us,830-849-8603,0663 Bunker Hill Lane,Rizal,,Philippines,7104
Berrie,Antonin,82,bantonin3s@bbc.co.uk,832-321-6686,15485 Scott Way,Torino,Piemonte,Italy,10141
Bryant,Lillico,53,blillico3t@aol.com,218-752-0063,62 Nevada Place,Buqei‘a,,Israel,
Gabbie,Heeps,57,gheeps3u@dailymail.co.uk,396-818-2743,76 Miller Circle,Cilangla,,Indonesia,
Jerrilee,Carbin,66,jcarbin3v@a8.net,282-626-1291,6 Hallows Avenue,Isehara,,Japan,277-0883
Rriocard,Westberg,49,rwestberg3w@rakuten.co.jp,767-471-5765,755 Mockingbird Plaza,Rodatychi,,Ukraine,
Agace,Drinkwater,18,adrinkwater3x@upenn.edu,468-772-0651,7 Duke Drive,Vapnyarka,,Ukraine,
Keelia,Bettington,41,kbettington3y@miibeian.gov.cn,785-315-6196,596 Briar Crest Terrace,Bolotnoye,,Russia,633343
Valerie,Prestland,43,vprestland3z@blogtalkradio.com,235-610-5115,88 Moulton Way,Porta,Viana do Castelo,Portugal,4940-352
Rolf,Fayne,27,rfayne40@discuz.net,666-136-1925,7 Maryland Way,Sumberkrajan,,Indonesia,
Blisse,Paaso,27,bpaaso41@soup.io,490-719-4658,068 Canary Point,Soa,,Indonesia,
Shaina,McCheyne,56,smccheyne42@friendfeed.com,778-100-0675,651 Thackeray Junction,Tierp,Uppsala,Sweden,815 36
Rea,Adamczewski,37,radamczewski43@cpanel.net,222-862-6690,0682 Golf Avenue,Adirejo,,Indonesia,
Uriah,Chellam,50,uchellam44@apache.org,614-376-2895,984 Luster Road,Ualog,,Philippines,1703
Joycelin,Zaple,54,jzaple45@buzzfeed.com,746-245-8105,946 Huxley Street,Arys,,Kazakhstan,
Lorilyn,Prisk,46,lprisk46@weather.com,133-909-5461,423 Elka Place,Ķegums,,Latvia,
Carolyne,Van den Hof,52,cvandenhof47@cloudflare.com,774-833-7574,18 American Avenue,Bacong,,Philippines,6216
Tallia,Vell,41,tvell48@oracle.com,886-481-2968,25 Maryland Way,Abū Zabad,,Sudan,
Jordan,Jedrzejczak,47,jjedrzejczak49@fda.gov,382-184-5900,21 Arizona Plaza,Morales,,Colombia,134548
Raine,Sarre,80,rsarre4a@howstuffworks.com,155-985-8805,3022 Forster Circle,Qal‘ah-ye Na‘īm,,Afghanistan,
Reggie,Bygrove,49,rbygrove4b@apple.com,462-216-4679,07151 8th Place,Bogorejo,,Indonesia,
Anton,Koenraad,81,akoenraad4c@sakura.ne.jp,365-590-8154,3116 Kipling Parkway,Batumi,,Georgia,
Swen,Chesswas,19,schesswas4d@i2i.jp,635-577-7292,51 Chive Center,Jhingergācha,,Bangladesh,7420
Adrea,Worcester,28,aworcester4e@blinklist.com,363-336-7318,163 Atwood Alley,Gorgān,,Iran,
Eustace,Ollenbuttel,56,eollenbuttel4f@elegantthemes.com,653-745-1526,70 Clyde Gallagher Drive,Pavlogradka,,Russia,646760
Sly,Toppes,48,stoppes4g@squidoo.com,957-546-5478,564 John Wall Center,Maputsoe,,Lesotho,
Emmalyn,Lyon,65,elyon4h@wp.com,624-983-2399,28654 Badeau Parkway,Falun,Dalarna,Sweden,791 91
Valry,Cammock,60,vcammock4i@flickr.com,332-809-9251,0091 Steensland Crossing,Church End,England,United Kingdom,N3
Marieann,Janku,82,mjanku4j@nasa.gov,963-856-5463,362 Ronald Regan Center,Tamra,,Israel,
Yoshi,Gathercole,67,ygathercole4k@senate.gov,689-686-3597,2948 Schurz Circle,Finspång,Östergötland,Sweden,612 32
Terrijo,Freiberg,18,tfreiberg4l@thetimes.co.uk,352-581-8916,24 Oakridge Junction,Dongxing,,China,
Rosaleen,Jerrolt,28,rjerrolt4m@un.org,803-484-9710,3204 Summit Place,Detupia,,Indonesia,
Barnabas,Sharrem,34,bsharrem4n@redcross.org,229-988-8110,6980 Service Parkway,Kumane,,Serbia,
Zebulen,Mathison,66,zmathison4o@mapy.cz,637-226-9382,97 Morningstar Road,Kulykiv,,Ukraine,
Malia,Rapo,18,mrapo4p@cyberchimps.com,184-254-8675,28788 Londonderry Terrace,Konibodom,,Tajikistan,
Breena,Thornham,27,bthornham4q@oracle.com,679-123-9601,639 Kipling Road,Nangka,,Philippines,1808
Tomasine,Moxted,30,tmoxted4r@prnewswire.com,801-817-5755,029 Glacier Hill Point,Xuji,,China,
Yevette,Guitte,46,yguitte4s@parallels.com,478-360-4079,4638 Straubel Court,Armentières,Nord-Pas-de-Calais,France,59425 CEDEX
Ted,Gaye,34,tgaye4t@scribd.com,251-889-6299,0341 Warrior Junction,Debre Werk’,,Ethiopia,
Tessie,Vurley,52,tvurley4u@cbslocal.com,436-617-2462,3 Express Way,Rijswijk,Provincie Zuid-Holland,Netherlands,2284
Burlie,McGaw,52,bmcgaw4v@ftc.gov,678-999-5367,51 Fremont Street,Jiamaying,,China,
Tandie,Ungerechts,31,tungerechts4w@odnoklassniki.ru,703-603-8732,8611 Shelley Drive,Takanini,,New Zealand,2245
Jolynn,O'Dunneen,78,jodunneen4x@wikimedia.org,282-675-1134,6372 Mallard Crossing,La Paz Centro,,Nicaragua,
Esdras,Suche,81,esuche4y@miitbeian.gov.cn,894-144-1842,1603 Tony Pass,Eastern Suburbs Mc,New South Wales,Australia,1391
Brinna,Speedy,38,bspeedy4z@example.com,900-867-0202,3 Glacier Hill Trail,Skanör,Skåne,Sweden,239 30
Mace,Grantham,37,mgrantham50@mayoclinic.com,197-569-7126,78977 Namekagon Junction,Aqtöbe,,Kazakhstan,
Bobbye,Sapsforde,82,bsapsforde51@zimbio.com,148-652-3208,846 Ronald Regan Drive,Williamsfield,,Jamaica,
Sheff,Branscomb,75,sbranscomb52@photobucket.com,373-287-6402,58340 Doe Crossing Court,Shangtian,,China,
Harp,MacCarrane,81,hmaccarrane53@canalblog.com,120-377-6465,5312 Sunbrook Way,Uppsala,Uppsala,Sweden,753 81
Karalee,Chucks,44,kchucks54@pcworld.com,437-187-6793,7 Luster Alley,Pillpinto,,Peru,
Phedra,Mila,47,pmila55@over-blog.com,347-180-6327,20 Quincy Lane,Seremban,Negeri Sembilan,Malaysia,71770
Frans,Yve,42,fyve56@bloglines.com,232-498-7835,9314 Pennsylvania Trail,Nairobi,,Kenya,
Becki,Lukock,57,blukock57@sfgate.com,272-564-1609,5445 Commercial Lane,Sol’-Iletsk,,Russia,461509
Hart,Fontelles,49,hfontelles58@godaddy.com,847-877-3144,28446 Delladonna Plaza,Balidian,,China,
Felicio,Barniss,26,fbarniss59@wisc.edu,817-402-8757,34 Briar Crest Hill,Raofeng,,China,
Ki,Vasyagin,47,kvasyagin5a@fda.gov,231-162-7086,091 Mcbride Alley,Campbellton,New Brunswick,Canada,E3N
Dukey,Dunford,60,ddunford5b@tiny.cc,685-754-0476,04 Hooker Terrace,Zhigulevsk,,Russia,445359
Eduino,Imason,81,eimason5c@unicef.org,166-767-6982,2 Little Fleur Road,Dame-Marie,,Haiti,
Kyle,Wickardt,59,kwickardt5d@slate.com,692-780-2825,58 Elmside Lane,Mafang,,China,
Dion,Caslake,57,dcaslake5e@timesonline.co.uk,602-551-3212,55981 Mccormick Circle,Ningshan Chengguanzhen,,China,
April,Bland,44,abland5f@admin.ch,829-260-8192,3885 7th Center,Lieksa,,Finland,81720
Twila,Tripett,85,ttripett5g@icq.com,608-672-0580,05 Golf Course Circle,Madison,Wisconsin,United States,53716
Idalia,Muzzlewhite,39,imuzzlewhite5h@businesswire.com,514-681-7658,44848 Packers Park,Oytal,,Kazakhstan,
Rodney,Stollard,26,rstollard5i@epa.gov,917-748-9855,4 Del Mar Center,Tatebal,,Indonesia,
Barrie,Ambrosch,63,bambrosch5j@yahoo.com,143-387-5169,5220 Kinsman Place,Lutowiska,,Poland,38-713
Kermit,Gherardesci,29,kgherardesci5k@unicef.org,770-316-0838,5 Marquette Crossing,Trhové Sviny,,Czech Republic,374 01
Susana,Driscoll,39,sdriscoll5l@sogou.com,434-276-1146,666 Calypso Trail,Gongfang,,China,
Friedrich,Albone,45,falbone5m@free.fr,698-159-0887,0242 Chinook Court,Gengzhuang,,China,
Robinetta,Pepper,54,rpepper5n@cmu.edu,468-919-8333,083 Hanover Place,Haibara,,Japan,779-3601
Murray,Brecon,81,mbrecon5o@cpanel.net,975-639-1812,399 Leroy Pass,Huangyan,,China,
Torey,Cadany,41,tcadany5p@fotki.com,786-564-5971,6684 Magdeline Center,Cankova,,Slovenia,9261
Merola,Roebuck,67,mroebuck5q@vinaora.com,389-586-6250,32 Victoria Hill,Gaojian,,China,
Shani,Braidon,62,sbraidon5r@ebay.co.uk,278-993-7924,39590 Maywood Way,Shuyuan,,China,
Kelsey,Mellor,70,kmellor5s@last.fm,771-897-7497,45 Hintze Hill,Giyon,,Ethiopia,
Gabriel,Tardiff,48,gtardiff5t@naver.com,395-562-0168,472 Riverside Avenue,Zhengyangshan,,China,
Marsh,Mac,40,mmac5u@ed.gov,356-333-7856,5 Farmco Junction,Duraykīsh,,Syria,
Borden,Goff,24,bgoff5v@free.fr,883-602-3494,59 Monument Parkway,Mayma,,Russia,659780
Lombard,Edghinn,68,ledghinn5w@domainmarket.com,200-668-7525,9726 Havey Circle,Tortosendo,Castelo Branco,Portugal,6200-723
Jerrold,Germaine,65,jgermaine5x@spiegel.de,490-171-1616,3 Summit Parkway,Pieniężno,,Poland,14-520
Madonna,Puvia,57,mpuvia5y@theguardian.com,313-831-9898,93 Anthes Point,Tanamiting,,Indonesia,
Minerva,Hynd,22,mhynd5z@symantec.com,720-601-0874,52 Algoma Avenue,Gavarr,,Armenia,
Oswald,Maillard,31,omaillard60@biblegateway.com,281-323-2488,51 Onsgard Street,Zhanxu,,China,
Charles,Fenemore,19,cfenemore61@chicagotribune.com,673-173-2793,24 Maple Wood Lane,Armenia,,Philippines,5401
Alvera,Larrett,27,alarrett62@noaa.gov,255-711-7845,39 Evergreen Avenue,Ulluaya,,Russia,368324
Barri,Brouard,77,bbrouard63@cnn.com,665-844-7275,88 Loomis Hill,Patrang,,Indonesia,
Addy,Boles,60,aboles64@sciencedaily.com,339-111-1840,92 Rusk Drive,Pochep,,Russia,243418
Frans,Pavlishchev,50,fpavlishchev65@cdc.gov,726-277-1102,489 Hauk Alley,Hluboká nad Vltavou,,Czech Republic,373 41
Korie,Lisamore,61,klisamore66@theatlantic.com,669-816-0475,197 Schlimgen Trail,Jawhar,,Somalia,
Mufi,Jardein,41,mjardein67@4shared.com,222-420-6825,51698 Little Fleur Center,Smederevo,,Serbia,
Kalie,Assiratti,83,kassiratti68@godaddy.com,823-718-3589,15576 Hollow Ridge Hill,Ovsyanka,,Russia,663083
Laughton,Ivushkin,66,livushkin69@flavors.me,777-161-5345,810 Mandrake Park,Darenzhuang,,China,
Chiquita,Marcum,50,cmarcum6a@live.com,791-201-8188,1 Pleasure Crossing,Al Qābil,,Oman,
Perrine,Antwis,47,pantwis6b@stanford.edu,133-730-1500,64469 Boyd Street,Suizhong,,China,
Judie,Bernadon,22,jbernadon6c@com.com,785-492-9152,17 Marcy Court,Kebonagung,,Indonesia,
Tonnie,Darbyshire,73,tdarbyshire6d@ed.gov,550-717-6120,602 Oxford Circle,Haoyi,,China,
Nils,Halversen,36,nhalversen6e@rediff.com,591-919-2305,98114 Little Fleur Pass,Knyszyn,,Poland,19-120
Jerrold,Scouller,19,jscouller6f@behance.net,695-731-4976,2990 Gale Center,Mokronog,,Slovenia,8230
Freddy,Cummins,41,fcummins6g@freewebs.com,726-682-8071,7 Bay Road,Benito Juarez,Guerrero,Mexico,41800
Dede,Guilbert,81,dguilbert6h@businesswire.com,990-705-2132,83588 Bultman Drive,Åby,Östergötland,Sweden,616 32
Larissa,Riggey,34,lriggey6i@digg.com,307-239-9952,655 Fisk Center,Karanganyar,,Indonesia,
Vi,Pennacci,36,vpennacci6j@posterous.com,489-792-9934,04846 Garrison Place,Falun,Dalarna,Sweden,791 55
Dane,Whitland,33,dwhitland6k@people.com.cn,903-430-2761,606 Twin Pines Junction,Peterhof,,Russia,198804
Roby,Lavington,32,rlavington6l@dropbox.com,366-575-3644,02 Delaware Place,Katunayaka,,Sri Lanka,11558
Wesley,Berecloth,24,wberecloth6m@europa.eu,269-592-1650,0450 Riverside Place,Palenggihan,,Indonesia,
Kaine,MacTrustam,50,kmactrustam6n@mapquest.com,129-243-2231,8 Clarendon Junction,Ilihan,,Philippines,6217
Hermia,O' Meara,28,homeara6o@nifty.com,268-267-2467,89580 Tony Crossing,Putrajaya,Putrajaya,Malaysia,62606
Barnard,Steane,82,bsteane6p@fema.gov,673-712-0965,30 Monterey Drive,Muquiyauyo,,Peru,
Nadine,Pedroli,66,npedroli6q@twitter.com,515-822-3716,84259 Lawn Drive,Aracruz,,Brazil,29190-000
Boot,Prodrick,34,bprodrick6r@independent.co.uk,966-870-8914,1337 Merchant Street,Balky,,Ukraine,
Papageno,Broggelli,66,pbroggelli6s@nps.gov,369-160-2443,3113 Coolidge Road,Somerset East,,South Africa,5850
Elbertine,Lafay,45,elafay6t@wisc.edu,171-525-1565,4205 Mesta Crossing,Ouégoa,,New Caledonia,98821
Isabelle,Greenhaugh,40,igreenhaugh6u@wix.com,315-259-8936,6357 5th Hill,Vojkovice,,Czech Republic,739 51
Teodor,Pennrington,67,tpennrington6v@rambler.ru,217-347-6750,6 Forster Street,Springfield,Illinois,United States,62711
Lola,Aspinell,74,laspinell6w@weibo.com,190-970-5397,16 Sutherland Alley,Racławice,,Poland,32-222
Mollee,Cello,55,mcello6x@wp.com,174-443-2164,15898 Nova Road,Kotri,,Pakistan,76000
Diana,Jane,60,djane6y@bbb.org,789-422-1940,8 Annamark Plaza,Vimmerby,Kalmar,Sweden,598 93
Loree,Cleere,22,lcleere6z@dion.ne.jp,456-345-3392,5 Annamark Way,Gucheng,,China,
Eddy,Gosalvez,24,egosalvez70@craigslist.org,755-256-8746,74986 Sauthoff Road,Jinan,,China,
Kimbra,Murch,30,kmurch71@ow.ly,840-739-3801,67 Golf Circle,Huallanca,,Peru,
Bill,Capaldo,84,bcapaldo72@berkeley.edu,172-428-6084,372 Bartelt Circle,Nakano,,Japan,999-7734
Bethena,Whittuck,33,bwhittuck73@cbslocal.com,439-619-5789,52452 New Castle Point,Sumilao,,Philippines,8701
Willy,Jaine,59,wjaine74@miitbeian.gov.cn,448-733-9591,53238 Warner Junction,Kuching,Sarawak,Malaysia,93150
Hakeem,Shepheard,60,hshepheard75@ning.com,283-841-7492,75747 Mallory Street,Castelsarrasin,Midi-Pyrénées,France,82104 CEDEX
Dawn,Gooble,70,dgooble76@comcast.net,278-126-1291,1 Summit Parkway,Puan Selatan,,Indonesia,
Sheree,McVane,65,smcvane77@joomla.org,701-394-6576,819 Declaration Avenue,Tanakawu Dua,,Indonesia,
Lorianna,Macon,38,lmacon78@zdnet.com,616-921-0906,98 Hayes Junction,Bandar Pusat Jengka,Pahang,Malaysia,26485
Amie,Simla,61,asimla79@typepad.com,512-969-7342,0749 Lake View Avenue,Lekaj,,Albania,
Monro,Valti,73,mvalti7a@google.com.au,980-837-2204,96 Rusk Road,Kalatongke,,China,
Elita,Spreag,74,espreag7b@psu.edu,534-569-7397,65779 Kensington Hill,Bassa,,Nigeria,
Cy,Mathet,30,cmathet7c@youtu.be,798-333-4937,5 Artisan Hill,Looc,,Philippines,5507
Debee,Puleque,62,dpuleque7d@e-recht24.de,861-516-2687,971 Hauk Avenue,Xiangquan,,China,
Clem,Le Page,69,clepage7e@cloudflare.com,761-976-8938,2537 Moulton Alley,Tras Cerros,,Honduras,
Athene,Smart,22,asmart7f@chicagotribune.com,212-288-2497,211 Melby Plaza,Padangbai,,Indonesia,
Pepito,Furman,19,pfurman7g@theglobeandmail.com,720-147-3716,0961 Almo Drive,Changzhou,,China,
Lynsey,Triggel,54,ltriggel7h@seattletimes.com,877-750-5077,20 Clemons Pass,Sanfins,Aveiro,Portugal,4520-525
Bernardina,Van den Velden,56,bvandenvelden7i@yahoo.com,578-950-5845,707 Crownhardt Lane,Vostryakovo,,Russia,141662
Jonas,Rowledge,63,jrowledge7j@nasa.gov,317-855-1845,29 Mariners Cove Junction,Kuching,Sarawak,Malaysia,93658
Tanitansy,Twaite,67,ttwaite7k@google.nl,853-224-8394,0 Del Sol Plaza,Potikosin,,Indonesia,
Daisie,Crosi,49,dcrosi7l@ucsd.edu,277-221-7894,66231 Nelson Hill,Levoberezhnaya,,Russia,141707
Buddie,Sheppey,52,bsheppey7m@usnews.com,279-441-3608,91 Esch Trail,Upernavik,,Greenland,3962
Bernetta,Figgures,51,bfiggures7n@amazon.co.uk,490-952-5481,36 Mayer Park,Konibodom,,Tajikistan,
Doralin,Hansom,61,dhansom7o@craigslist.org,304-268-7138,62798 Fremont Parkway,Watubuku,,Indonesia,
Camella,Macia,84,cmacia7p@tinypic.com,897-279-5264,7975 Myrtle Plaza,Baima,,China,
Philippine,Pablos,37,ppablos7q@cloudflare.com,586-209-5527,59499 Chive Road,Batulawang,,Indonesia,
Tammie,Eede,75,teede7r@icio.us,173-653-4748,147 Kensington Terrace,Shenavan,,Armenia,
Corbie,Okell,45,cokell7s@merriam-webster.com,429-668-7031,2472 Mayer Pass,Qingfeng,,China,
Raul,Pedri,48,rpedri7t@nymag.com,504-675-5988,913 Goodland Park,Dongdong,,China,
Hally,Reicharz,21,hreicharz7u@ted.com,988-731-5607,03090 Hoepker Court,Nelidovo,,Russia,182156
Giuditta,Shapira,52,gshapira7v@mozilla.com,863-835-1585,9578 Packers Street,Nam Som,,Thailand,41210
Lindsay,Yuryatin,18,lyuryatin7w@blogspot.com,788-538-9165,69392 Pond Crossing,Kavýli,,Greece,
Maxy,Nortunen,61,mnortunen7x@dot.gov,357-639-4215,74 Barby Park,Koz’modem’yansk,,Russia,425359
Merrilee,Walicki,26,mwalicki7y@businesswire.com,601-925-8906,6 Spaight Drive,Salantai,,Lithuania,97035
Edin,McQuarter,36,emcquarter7z@statcounter.com,419-916-0755,2921 Granby Drive,Ushibuka,,Japan,700-0904
Leonora,Manby,82,lmanby80@mit.edu,488-660-5541,4 Sachs Park,Jerez,,Guatemala,22010
Burch,Del Checolo,82,bdelchecolo81@issuu.com,157-643-5850,81 Killdeer Avenue,Wanhu,,China,
Aveline,Tuminelli,65,atuminelli82@barnesandnoble.com,708-992-3170,3 West Park,Buzen,,Japan,871-0921
Abe,Calloway,36,acalloway83@posterous.com,287-961-2436,7029 Kenwood Center,Maninihon,,Philippines,5510
Bambie,Radenhurst,43,bradenhurst84@prlog.org,858-397-9822,8942 Anderson Park,Sevaster,,Albania,
Matthus,Rowthorn,46,mrowthorn85@census.gov,731-590-8106,69476 Maywood Place,Pulau Pinang,Pulau Pinang,Malaysia,10740
Aaren,Marchiso,77,amarchiso86@boston.com,652-880-1404,9930 Spenser Terrace,Phùng,,Vietnam,
Hannie,Sibbs,55,hsibbs87@hp.com,856-710-3446,1566 East Plaza,Jugezhuang,,China,
Cairistiona,Davidovich,50,cdavidovich88@smugmug.com,813-204-3841,039 Transport Court,Kołaczyce,,Poland,38-213
Ilysa,Rantoul,38,irantoul89@microsoft.com,531-286-0343,678 Bobwhite Park,Oslo,Oslo,Norway,0211
Mindy,Klauer,72,mklauer8a@ow.ly,987-740-5943,00249 Nova Street,Oguma,,Nigeria,
Hamlen,Tunuy,57,htunuy8b@statcounter.com,896-846-4377,5711 Crownhardt Way,Kota Bharu,Kelantan,Malaysia,15517
Gretel,Yoxall,67,gyoxall8c@macromedia.com,234-748-3191,78 Meadow Ridge Court,Changpu,,China,
Tamra,Brownell,42,tbrownell8d@gravatar.com,526-513-2184,2 Spohn Alley,Náousa,,Greece,
Cele,Swafield,22,cswafield8e@so-net.ne.jp,335-141-4491,90007 Melody Lane,Mali Iđoš,,Serbia,
Van,Purdon,49,vpurdon8f@sbwire.com,713-409-9025,21 John Wall Parkway,Houston,Texas,United States,77075
Koralle,Scawton,81,kscawton8g@stumbleupon.com,863-194-7909,9711 Vermont Point,Sheshory,,Ukraine,
Hubey,Ord,19,hord8h@cyberchimps.com,732-232-6739,25988 Karstens Road,Yushan,,China,
Yule,Swigger,18,yswigger8i@mozilla.com,518-632-4388,8 Blackbird Way,Albany,New York,United States,12205
Amandie,Zylberdik,76,azylberdik8j@myspace.com,248-576-7156,9460 Summerview Alley,Cerinza,,Colombia,150627
Web,Seydlitz,33,wseydlitz8k@nytimes.com,717-396-4113,9 Blue Bill Park Road,Kuwumkumambal,,Indonesia,
Cob,Napton,62,cnapton8l@newsvine.com,988-940-6202,0 Ronald Regan Trail,San Isidro,Veracruz Llave,Mexico,94723
Solly,Newcome,69,snewcome8m@oakley.com,879-627-8764,6247 Sutherland Terrace,Avdzaga,,Mongolia,
Shirline,Lauritzen,39,slauritzen8n@auda.org.au,442-223-0315,30368 Sunbrook Crossing,Nariño,,Colombia,252837
Jaquelyn,Bennen,47,jbennen8o@mtv.com,740-481-1828,1 Golf Center,Wu’erbu Baolige,,China,
Sofie,Thuillier,27,sthuillier8p@artisteer.com,629-666-6517,9147 Spohn Avenue,Annotto Bay,,Jamaica,
Alfy,Kenway,80,akenway8q@acquirethisname.com,213-753-3772,822 Bellgrove Way,Stavanger,Rogaland,Norway,4025
Corbie,Mobius,58,cmobius8r@amazonaws.com,385-228-4234,1048 Granby Terrace,Messina,,South Africa,0900
Denys,Redsall,47,dredsall8s@addthis.com,218-900-1250,4 Mccormick Court,Zhangjiang,,China,
Casandra,Osbaldstone,41,cosbaldstone8t@sphinn.com,198-665-3771,015 Havey Trail,El Sombrero,,Venezuela,
Shermie,Olsson,74,solsson8u@issuu.com,736-221-5878,27601 Merrick Pass,Vito,,Philippines,1659
Vin,Nesbeth,35,vnesbeth8v@posterous.com,788-856-6346,54 Amoth Circle,Bagikkedok Lauk,,Indonesia,
Kacie,Ellsbury,67,kellsbury8w@discovery.com,403-247-0052,5 Banding Alley,Fortios,Portalegre,Portugal,7300-655
Granthem,Whetton,25,gwhetton8x@upenn.edu,356-133-8004,725 Mcbride Drive,Áno Liósia,,Greece,
Kass,Sadlier,69,ksadlier8y@de.vu,338-690-0856,74 Continental Parkway,Dafundo,Lisboa,Portugal,1495-701
Mendel,Tebbut,69,mtebbut8z@lycos.com,688-424-0624,2807 Warbler Lane,Quxi,,China,
Justina,Malatalant,30,jmalatalant90@jugem.jp,242-847-5500,7 Farwell Way,Puerto Guzmán,,Colombia,861088
Kelly,Zambonini,50,kzambonini91@instagram.com,710-635-6618,11225 Armistice Pass,Madjeouéni,,Comoros,
Kalil,Reuss,38,kreuss92@whitehouse.gov,345-180-7177,7845 Columbus Hill,Grootfontein,,Namibia,
Alene,Boldry,57,aboldry93@stanford.edu,198-274-1357,47 Sycamore Drive,Cocachacra,,Peru,
Gilberte,Rennock,50,grennock94@freewebs.com,305-105-7968,97640 Manufacturers Hill,Paujiles,,Honduras,
Zebulen,Moughton,85,zmoughton95@tinyurl.com,343-295-3863,508 Anhalt Road,Shuizhai,,China,
Virgina,Lackie,20,vlackie96@wordpress.org,593-534-8944,208 Ludington Point,Rosario,,Argentina,4187
Friedrich,Saintsbury,22,fsaintsbury97@mozilla.com,350-198-6814,8155 Truax Drive,Kunvald,,Czech Republic,561 81
Tull,MacTrustie,75,tmactrustie98@taobao.com,492-813-9865,88246 Rieder Lane,Gornji Breg,,Serbia,
Tucker,Carlsson,40,tcarlsson99@trellian.com,159-780-0612,0480 Pawling Avenue,Kosmach,,Ukraine,
Lewiss,Littlefair,37,llittlefair9a@psu.edu,860-238-7190,712 Lindbergh Place,Xindian,,China,
Octavia,Keaton,55,okeaton9b@earthlink.net,105-178-9998,8082 La Follette Pass,Pomacanchi,,Peru,
Michelina,Brydone,29,mbrydone9c@dedecms.com,986-764-9247,75 Esch Pass,Bayt ‘Adhāqah,,Yemen,
Anatol,D' Angelo,75,adangelo9d@wp.com,442-851-8004,57362 Westridge Park,Buan,,Philippines,3114
Bendix,Waryk,75,bwaryk9e@flavors.me,910-177-2553,6 South Parkway,Velké Opatovice,,Czech Republic,679 63
Anderson,Wedmore,76,awedmore9f@tripod.com,141-815-1628,5 Thackeray Road,Liuyuan,,China,
Marlo,Ruddoch,52,mruddoch9g@howstuffworks.com,704-792-8678,886 Magdeline Point,Charlotte,North Carolina,United States,28289
Smitty,Harsum,84,sharsum9h@cargocollective.com,625-177-7584,31 Bunker Hill Center,Luebo,,Democratic Republic of the Congo,
Miguelita,Blandford,51,mblandford9i@smh.com.au,793-874-5950,3098 Dexter Place,Tsukuba,,Japan,369-0114
Kirby,Everly,82,keverly9j@vk.com,300-656-0568,3 Old Shore Alley,Guaiúba,,Brazil,61890-000
Emlyn,Vasyutin,53,evasyutin9k@domainmarket.com,278-133-4970,4 Anzinger Trail,San Vicente,,Chile,
Christophorus,Burdin,69,cburdin9l@cargocollective.com,385-483-5187,4557 Westport Place,Maggotty,,Jamaica,
Gerald,Mattacks,31,gmattacks9m@google.es,529-811-5893,2 Talisman Place,Lewolere,,Indonesia,
Peggie,Aronow,21,paronow9n@wordpress.org,753-691-9892,0 Macpherson Junction,Leping,,China,
Rice,Stollen,24,rstollen9o@telegraph.co.uk,154-293-9931,2 Bellgrove Park,Tatebal,,Indonesia,
Jone,Poston,64,jposton9p@smh.com.au,659-510-4829,12 Loftsgordon Road,Esmeralda,,Cuba,
Laurianne,Trahearn,65,ltrahearn9q@springer.com,505-231-8568,67 Vidon Junction,Caibarién,,Cuba,
Beltran,Lambdon,49,blambdon9r@usda.gov,547-475-4884,23706 Forster Alley,Maogou,,China,
Ronny,Haine,27,rhaine9s@house.gov,430-249-8759,75 Hovde Point,Tsimlyansk,,Russia,347320
Abbey,Tutill,51,atutill9t@desdev.cn,901-227-9017,781 Esch Lane,Memphis,Tennessee,United States,38168
Janelle,Sussems,45,jsussems9u@surveymonkey.com,242-900-5158,5113 Maple Hill,Altkirch,Alsace,France,68134 CEDEX
Ruthe,Oats,46,roats9v@e-recht24.de,884-868-8290,67 Amoth Hill,Chengzhong,,China,
Trude,Roskell,55,troskell9w@disqus.com,805-409-6887,89031 Gateway Circle,Kuching,Sarawak,Malaysia,93520
Nomi,Waliszek,83,nwaliszek9x@cbslocal.com,814-912-5951,87 Sauthoff Plaza,Paris 15,Île-de-France,France,75729 CEDEX 15
Zerk,Haylands,41,zhaylands9y@constantcontact.com,465-943-7190,89334 Hollow Ridge Lane,Calabugao,,Philippines,2721
Tremaine,Ballay,79,tballay9z@wired.com,579-155-8592,9 Fordem Terrace,Tandayag,,Philippines,6203
Karil,Keane,30,kkeanea0@nasa.gov,325-604-7960,82269 Del Sol Plaza,Klippan,Skåne,Sweden,264 36
Meriel,Szymon,56,mszymona1@prlog.org,592-228-8283,2 Charing Cross Court,Jambulang,,Indonesia,
Ermengarde,Swenson,41,eswensona2@businessweek.com,707-761-0496,89414 Dorton Road,Karangsuko,,Indonesia,
Woodrow,Della,22,wdellaa3@mlb.com,884-121-8303,1 Debs Alley,Göteborg,Västra Götaland,Sweden,417 57
Carrol,Roots,67,crootsa4@cisco.com,926-244-8362,39996 Burrows Road,Oujiangcha,,China,
Eb,Cobden,31,ecobdena5@comsenz.com,326-191-2853,0890 Bartillon Pass,Baturyn,,Ukraine,
Riobard,Groarty,83,rgroartya6@angelfire.com,760-846-6462,9 Reindahl Junction,Shiyan,,China,
Hagen,Labusch,74,hlabuscha7@house.gov,598-162-9201,793 Redwing Point,Zhaojia,,China,
Etienne,Logg,22,elogga8@networksolutions.com,795-497-6398,828 Dennis Center,Dumalneg,,Philippines,2921
Emanuel,O'Malley,52,eomalleya9@merriam-webster.com,786-868-0503,2 Towne Point,Norrköping,Östergötland,Sweden,602 24
Leandra,Preddle,73,lpreddleaa@bravesites.com,839-446-3327,725 School Pass,Acopampa,,Peru,
Fremont,Crix,65,fcrixab@hexun.com,146-564-7485,4767 Oneill Pass,San Remigio,,Philippines,6011
Eolande,Longmate,48,elongmateac@youku.com,901-177-0945,3155 Sycamore Parkway,Kepahiang,,Indonesia,
Juliann,Beedle,57,jbeedlead@google.com,236-654-0910,91 Autumn Leaf Junction,Challans,Pays de la Loire,France,85304 CEDEX
Lin,Pechet,73,lpechetae@ask.com,671-804-7504,10522 Arizona Hill,Fenkeng,,China,
Von,Iredale,71,viredaleaf@senate.gov,279-725-1793,54030 Ruskin Drive,Pechenga,,Russia,391357
Briggs,Whitney,65,bwhitneyag@engadget.com,129-733-3812,55733 Center Circle,Tokuyama,,Japan,526-0212
Huey,Baptista,70,hbaptistaah@t-online.de,845-208-0943,501 Maple Crossing,Labelle,Québec,Canada,N2L
Marcellina,Roskell,36,mroskellai@indiatimes.com,575-896-3597,6 Park Meadow Drive,Xujiafang,,China,
Reeva,Walkinshaw,61,rwalkinshawaj@uol.com.br,790-105-1378,852 Magdeline Court,Nularan,,Indonesia,
Cathi,Lawtey,74,clawteyak@irs.gov,219-362-8695,31128 Anderson Pass,Trondheim,Sor-Trondelag,Norway,7425
Demott,Sparrowhawk,57,dsparrowhawkal@cam.ac.uk,618-334-7249,14 Lillian Alley,Pukou,,China,
Micheline,Martelet,18,mmarteletam@ycombinator.com,378-752-0658,785 Nobel Road,Ensanche Luperón,,Dominican Republic,11806
Birch,Fausset,37,bfaussetan@infoseek.co.jp,709-997-8907,61 Corry Court,Wadung,,Indonesia,
Chantal,Blonfield,83,cblonfieldao@wix.com,836-733-5425,9400 Northport Alley,Reckange-sur-Mess,,Luxembourg,L-4982
Shelly,Stansbury,19,sstansburyap@foxnews.com,720-375-0001,06860 Mendota Place,Denver,Colorado,United States,80241
Cross,Grealy,56,cgrealyaq@odnoklassniki.ru,344-159-0341,1967 Springs Junction,Heshui,,China,
Erny,Voase,49,evoasear@patch.com,727-594-9543,68540 Debs Lane,Itaqui,,Brazil,97650-000
Friederike,Goaley,38,fgoaleyas@is.gd,314-825-2263,41367 Lotheville Alley,Chuangwang,,China,
Leonhard,Rosbrough,79,lrosbroughat@blog.com,951-488-6313,85026 Almo Plaza,Hafnarfjörður,,Iceland,221
Feliza,Rawstorn,23,frawstornau@vinaora.com,886-644-9048,88691 Tennessee Terrace,Xiyang,,China,
Helge,Blease,68,hbleaseav@odnoklassniki.ru,964-310-7082,04933 Green Ridge Way,Conceição da Abóboda,Lisboa,Portugal,2785-025
Johann,Caroline,53,jcarolineaw@army.mil,360-573-3156,809 Mifflin Drive,Vancouver,Washington,United States,98682
Alexine,Lukasen,47,alukasenax@nationalgeographic.com,297-584-4310,7 Cambridge Plaza,Nakhon Ratchasima,,Thailand,31110
Jillana,Voden,29,jvodenay@hp.com,445-756-3910,64 Charing Cross Center,Bagadó,,Colombia,271058
Moses,Copestake,57,mcopestakeaz@economist.com,350-516-3196,8913 Evergreen Terrace,Reszel,,Poland,11-440
Bertine,Bowerbank,85,bbowerbankb0@shop-pro.jp,262-104-8842,5274 Nelson Park,Zheleznovodsk,,Russia,357408
Niall,Nelligan,19,nnelliganb1@shinystat.com,700-862-4698,5175 Waywood Street,Longchi,,China,
Doy,MacCallum,54,dmaccallumb2@slideshare.net,298-907-0445,60091 Huxley Lane,Lizhai,,China,
Huberto,Baumadier,27,hbaumadierb3@who.int,505-538-3659,261 Carberry Hill,Curití,,Colombia,684039
Willie,Schimke,37,wschimkeb4@ning.com,399-392-8232,0774 Monument Parkway,Gunungsari,,Indonesia,
Eloise,O'Curran,70,eocurranb5@umn.edu,966-731-4378,20334 Drewry Hill,Sarulla,,Indonesia,
Adamo,Purslow,78,apurslowb6@indiatimes.com,414-728-3183,244 Esker Road,Machinda,,Equatorial Guinea,
Arlee,Sparey,26,aspareyb7@godaddy.com,727-161-3473,8 Morningstar Parkway,Guisa,,Cuba,
Dean,Feldberg,75,dfeldbergb8@elpais.com,296-322-4184,623 Huxley Road,Roscoff,Bretagne,France,29688 CEDEX
Hetty,Capstick,20,hcapstickb9@wordpress.com,524-871-0505,6 Forest Street,Mocajuba,,Brazil,68420-000
Estele,Whittam,39,ewhittamba@nbcnews.com,484-468-6963,437 South Road,Mubende,,Uganda,
Atalanta,Birden,22,abirdenbb@mapy.cz,351-996-8690,38005 Wayridge Way,Sydney,New South Wales,Australia,1009
Filbert,Pranger,56,fprangerbc@taobao.com,794-780-9304,4 Hollow Ridge Center,Jūrmala,,Latvia,
Sampson,Kollas,41,skollasbd@comcast.net,386-165-3766,3 John Wall Pass,Zuhu,,China,
Jeri,Dootson,47,jdootsonbe@mlb.com,736-726-5501,7 Coolidge Hill,Vale de Madeiros,Viseu,Portugal,3525-355
Sharleen,Pydcock,81,spydcockbf@admin.ch,468-382-0554,671 Merry Lane,Sampués,,Colombia,705079
Clim,Golagley,27,cgolagleybg@icq.com,752-304-8419,21563 Riverside Alley,Latung,,Philippines,1119
Charmane,McGrudder,55,cmcgrudderbh@mashable.com,150-540-3844,704 Nobel Street,Serednye,,Ukraine,
Corabel,Peaple,38,cpeaplebi@livejournal.com,642-294-7153,0227 Beilfuss Way,Hukeng,,China,
Florian,Girardengo,81,fgirardengobj@ft.com,131-907-6721,2 Carioca Center,Heishui,,China,
Amory,Falkner,83,afalknerbk@tmall.com,258-460-3785,4108 Homewood Trail,Göteborg,Västra Götaland,Sweden,414 71
Ransom,Kiffe,62,rkiffebl@behance.net,840-356-7111,35157 Moulton Court,Kaparéllion,,Greece,
Linnie,Wanek,57,lwanekbm@simplemachines.org,526-513-9970,8 3rd Hill,Jiuxian,,China,
Rufus,Deaton,19,rdeatonbn@princeton.edu,334-377-0533,23962 Sage Hill,Shaozhai,,China,
Klaus,Squibb,76,ksquibbbo@ebay.co.uk,404-449-6839,2864 Talmadge Street,Lawrenceville,Georgia,United States,30045
Tynan,Puller,72,tpullerbp@netlog.com,454-125-3457,13440 Mcbride Circle,Leżajsk,,Poland,37-300
Ferguson,Keyhoe,49,fkeyhoebq@altervista.org,546-676-1513,62 Ridgeway Lane,San Jerónimo,,Peru,
Sunny,McEnteggart,83,smcenteggartbr@nyu.edu,199-289-2476,84182 Algoma Court,La Jicaral,,Nicaragua,
Emmit,Murch,79,emurchbs@jigsy.com,712-327-9548,082 Claremont Pass,Cauayan,,Philippines,6112
Carola,Brandts,67,cbrandtsbt@ycombinator.com,456-591-8659,8740 Almo Pass,Ábrego,,Colombia,546079
Elka,Huckfield,21,ehuckfieldbu@businessweek.com,588-587-7397,5370 Walton Circle,Huangcun,,China,
Freddie,Whapham,18,fwhaphambv@twitpic.com,424-323-7655,297 Mcguire Crossing,Donggaocun,,China,
Morena,Vincent,69,mvincentbw@1688.com,119-513-1317,41 Pierstorff Pass,Furong,,China,
Brant,Malcolmson,42,bmalcolmsonbx@lulu.com,643-250-2106,961 Pearson Court,Vitez,,Bosnia and Herzegovina,
Erma,Varfalameev,82,evarfalameevby@cdbaby.com,169-996-2252,8 Old Shore Crossing,Shixiang,,China,
Lotty,Ghilks,68,lghilksbz@wired.com,253-815-1867,198 Lunder Court,Yunji,,China,
Florella,Bessent,80,fbessentc0@cdbaby.com,482-100-5248,7 Drewry Point,Ipoti,,Nigeria,
Darlene,Malloy,25,dmalloyc1@cloudflare.com,821-469-9371,9576 Donald Center,Bantul,,Indonesia,
Erma,Wilfing,50,ewilfingc2@ovh.net,646-315-0795,8 Saint Paul Crossing,Al Burayqah,,Libya,
Allx,Vaneschi,68,avaneschic3@samsung.com,214-447-1871,17002 Dawn Terrace,Dallas,Texas,United States,75387
Burt,Crossland,22,bcrosslandc4@youtube.com,965-494-6583,90 2nd Terrace,Piquillín,,Argentina,5172
Kiri,Coupar,80,kcouparc5@ed.gov,252-944-7553,7044 Moose Avenue,Jiuxian,,China,
Sherry,Cutler,53,scutlerc6@dropbox.com,672-117-6349,62223 Texas Lane,Maracaçumé,,Brazil,65289-000
Lyndsay,Capinetti,36,lcapinettic7@lycos.com,913-919-1811,65 Di Loreto Place,Pueblo Viejo,,Panama,
Meriel,Lethabridge,45,mlethabridgec8@businesswire.com,988-836-1759,75 Magdeline Trail,Hongyi,,China,
Hewitt,Michie,64,hmichiec9@topsy.com,273-646-7792,403 Eastlawn Junction,La Unión,,Colombia,761548
Marchall,Primmer,32,mprimmerca@123-reg.co.uk,958-124-8725,46873 Tomscot Road,Boulaouane,,Morocco,
Cyrillus,Cramer,20,ccramercb@wikimedia.org,897-547-0826,709 Jana Circle,Eindhoven,Provincie Noord-Brabant,Netherlands,5609
Clayson,Somerset,68,csomersetcc@cbsnews.com,266-415-3973,0822 Summerview Hill,Quezon City,,Philippines,5312
Ely,Heathfield,52,eheathfieldcd@geocities.com,677-614-1177,22707 Delaware Lane,Cibungur,,Indonesia,
Mufinella,Delle,30,mdellece@economist.com,412-735-8035,98311 Hovde Street,Baruny,,Belarus,
Hamlin,Hardesty,25,hhardestycf@etsy.com,951-390-9123,426 Hoepker Alley,Dongmafang,,China,
Tabbie,Choke,37,tchokecg@timesonline.co.uk,174-987-7756,3391 Banding Way,Zhanbei,,China,
Cyril,Radki,51,cradkich@nationalgeographic.com,684-567-3787,560 Blaine Point,Mawang,,China,
Albert,Hansom,59,ahansomci@dot.gov,420-809-2520,3 Merry Junction,Ush-Tyube,,Kazakhstan,
Joana,Ruddell,50,jruddellcj@narod.ru,379-423-0396,44987 Birchwood Point,Voronezh,,Russia,394075
Jennie,Limpertz,39,jlimpertzck@telegraph.co.uk,712-369-5608,7 Blaine Way,Lolodorf,,Cameroon,
Alyce,Ferriday,20,aferridaycl@apache.org,601-609-9882,53 Loeprich Street,Novi Sad,,Serbia,
Rochester,Thebes,52,rthebescm@hp.com,962-293-2154,9308 Summer Ridge Street,Tmourghout,,Morocco,
Shayne,Sugarman,50,ssugarmancn@edublogs.org,616-499-2665,26 Maryland Trail,Shuibian,,China,
Marian,Piesing,23,mpiesingco@drupal.org,649-548-5170,82578 Amoth Pass,Formosa,,Brazil,73800-000
Gunner,Lacy,56,glacycp@about.me,193-236-3293,98 Brentwood Plaza,Armenia,,Colombia,630008
Ralina,Gabbitis,25,rgabbitiscq@washington.edu,675-749-3669,14457 Tennessee Alley,Aourir,,Morocco,
Arlin,Bradman,35,abradmancr@domainmarket.com,144-478-0177,28755 Troy Parkway,Hefei,,China,
Karlik,Kinlock,55,kkinlockcs@sun.com,591-829-9266,5918 Fuller Place,Zargarān,,Afghanistan,
Euell,Hathaway,34,ehathawayct@mapquest.com,421-320-3937,015 Hanover Trail,Siak Sri Indrapura,,Indonesia,
Cherlyn,Feek,38,cfeekcu@loc.gov,509-620-5725,60253 Wayridge Parkway,Arrepiado,Santarém,Portugal,2140-605
Mort,Lambart,53,mlambartcv@guardian.co.uk,886-166-4294,29367 Onsgard Parkway,Gif-sur-Yvette,Île-de-France,France,91199 CEDEX
Armin,Cust,33,acustcw@craigslist.org,912-606-1623,1660 Sunnyside Park,Marigot,,Haiti,
Bella,Domsalla,63,bdomsallacx@surveymonkey.com,603-781-9255,48 David Crossing,Kihancha,,Kenya,
Gisele,Wychard,56,gwychardcy@arstechnica.com,389-362-9975,0446 Sycamore Street,Muzhou,,China,
Kare,Roles,35,krolescz@godaddy.com,274-781-6111,49261 Fair Oaks Hill,Bourges,Centre,France,18934 CEDEX 9
Janene,Canty,50,jcantyd0@meetup.com,427-264-7627,44 Troy Alley,Năm Căn,,Vietnam,
Rita,Cratchley,47,rcratchleyd1@cmu.edu,485-957-0009,73 Stang Court,Eldoret,,Kenya,
Stepha,Routledge,47,sroutledged2@liveinternet.ru,710-375-4012,281 Oakridge Crossing,Cihaurbeuti,,Indonesia,
Mikey,Chaudhry,35,mchaudhryd3@nyu.edu,988-499-1918,46 Eastwood Hill,Nagornyy,,Russia,142817
Price,Garwood,76,pgarwoodd4@twitter.com,511-551-8641,5 Hagan Avenue,Ansermanuevo,,Colombia,762018
Angelica,Collinwood,47,acollinwoodd5@sohu.com,634-999-6642,59 Troy Court,Bandhagen,Stockholm,Sweden,124 64
Boothe,Hince,49,bhinced6@seesaa.net,544-319-9181,33917 Rusk Street,Jiapeng,,China,
Forester,Kollasch,61,fkollaschd7@mashable.com,664-849-1922,79 Forest Street,Pulau Pinang,Pulau Pinang,Malaysia,10840
Wilek,Wardingly,55,wwardinglyd8@redcross.org,347-116-3139,3 Express Hill,Arroyo Seco,Guerrero,Mexico,41821
Zola,Klimsch,77,zklimschd9@acquirethisname.com,420-334-5878,150 Charing Cross Park,Daqiao,,China,
Gerry,Kiddle,67,gkiddleda@google.com.au,950-216-0198,2 Weeping Birch Street,Castanhal,,Brazil,68740-000
Jecho,Danbye,35,jdanbyedb@wsj.com,973-241-8190,37489 Moulton Trail,Leonárisso,,Cyprus,
Luz,Lago,48,llagodc@facebook.com,262-679-4867,6 Waywood Avenue,Bílovice,,Czech Republic,687 12
Kerk,Sainsbury-Brown,71,ksainsburybrowndd@slate.com,150-561-4245,51 Elka Place,Capandanan,,Philippines,2445
Joelie,McKibben,73,jmckibbende@ox.ac.uk,771-759-6509,89704 Magdeline Road,Krasnyy Oktyabr’,,Russia,188903
Jaimie,Ajean,83,jajeandf@yellowbook.com,429-361-7889,05818 Hooker Drive,Coronel Vivida,,Brazil,85550-000
Druci,Kinningley,23,dkinningleydg@sphinn.com,571-185-3644,05 Sullivan Terrace,Ubay,,Philippines,6315
Inga,Slayny,18,islaynydh@com.com,168-438-8833,31 Rigney Parkway,Bang Khon Thi,,Thailand,75120
Preston,Conelly,47,pconellydi@unblog.fr,113-690-0702,1 Mcguire Avenue,São Luís do Quitunde,,Brazil,57920-000
Kessia,Lisle,28,klisledj@cnet.com,520-713-9156,052 Granby Road,Norrtälje,Stockholm,Sweden,761 43
Nanni,Jerger,48,njergerdk@gnu.org,380-913-6603,437 Spaight Hill,Lagarto,,Brazil,49400-000
Quincey,Valentinetti,19,qvalentinettidl@huffingtonpost.com,649-214-1469,0 Lindbergh Center,Zarzis,,Tunisia,
Codie,Hebble,29,chebbledm@apache.org,551-126-1336,83 Texas Plaza,Santa Rosa de Copán,,Honduras,
Rudie,MacGee,29,rmacgeedn@storify.com,911-801-4035,43699 Butterfield Road,Karangduren Dua,,Indonesia,
Cristi,Gladhill,38,cgladhilldo@ow.ly,232-237-5546,9456 Chinook Alley,København,Region Hovedstaden,Denmark,1757
Blair,Okie,64,bokiedp@china.com.cn,742-954-8143,76 Declaration Pass,Yinghua,,China,
Felice,Surgeon,24,fsurgeondq@rakuten.co.jp,767-292-7897,5715 Killdeer Center,Vrané nad Vltavou,,Czech Republic,252 46
Queenie,Schultes,67,qschultesdr@seattletimes.com,934-166-0115,0 Carioca Hill,Dongluqiao,,China,
Augustine,Freschi,22,afreschids@eepurl.com,544-282-5393,9 Coolidge Place,Dawan,,China,
Lloyd,Giovannilli,21,lgiovannillidt@shareasale.com,123-960-6164,06 Mcguire Street,Sumiainen,,Finland,44280
Pietra,Cushworth,23,pcushworthdu@ebay.co.uk,649-634-1101,6988 Mendota Drive,Zhulin,,China,
Ariela,Suggitt,59,asuggittdv@lycos.com,922-147-5382,14 Thompson Junction,Magbay,,Philippines,1275
Xenia,Plumridege,40,xplumridegedw@google.it,306-132-3320,3609 Nelson Place,Uritsk,,Russia,663594
Gisella,Ricciardi,62,gricciardidx@slashdot.org,470-796-7736,748 Birchwood Street,Wuchagou,,China,
Prent,Privost,25,pprivostdy@forbes.com,165-325-5278,8617 Barby Place,Ibiá,,Brazil,38950-000
Mufi,Crommett,62,mcrommettdz@un.org,618-661-7626,13473 Sage Parkway,Götene,Västra Götaland,Sweden,533 50
Urbain,Trayes,55,utrayese0@diigo.com,136-290-4081,76 Graedel Crossing,Izumo,,Japan,925-0215
Aubert,Henkmann,44,ahenkmanne1@telegraph.co.uk,501-843-1608,87 Tomscot Center,Pingshan,,China,
Berny,Klampt,33,bklampte2@engadget.com,916-217-5440,93313 Nancy Street,Yong’an,,China,
Zacherie,Clausen,45,zclausene3@prweb.com,487-756-4199,5 Gale Hill,Dongshe,,China,
Allyn,Jarmaine,22,ajarmainee4@dyndns.org,687-243-4989,5977 Sauthoff Plaza,Basen,,Indonesia,
Constancia,Elderkin,54,celderkine5@chron.com,627-843-2945,938 Cordelia Terrace,Oslo,Oslo,Norway,0211
Lorianne,Storres,62,lstorrese6@icq.com,917-286-6503,856 Westend Hill,Jönköping,Jönköping,Sweden,551 21
Bradley,Adelsberg,82,badelsberge7@pcworld.com,319-787-2874,66 Orin Park,Créteil,Île-de-France,France,94009 CEDEX
Johannes,Reavell,80,jreavelle8@ezinearticles.com,646-133-4083,5312 Sutherland Hill,El Refugio,Durango,Mexico,35488
Germain,Hort,45,ghorte9@unesco.org,910-614-6384,149 Cardinal Crossing,Gelemso,,Ethiopia,
Marten,Catteroll,25,mcatterollea@google.co.jp,783-364-4698,05801 Browning Parkway,Marína,,Greece,
Susana,Fentem,80,sfentemeb@ifeng.com,345-764-6153,0979 Del Mar Court,Nakhodka,,Russia,692909
Andre,Schulken,28,aschulkenec@examiner.com,310-892-2538,509 Blaine Way,Mainz,Rheinland-Pfalz,Germany,55124
Goran,Caistor,71,gcaistored@prweb.com,401-445-0003,89559 Butternut Crossing,Poříčany,,Czech Republic,289 14
Jacobo,Bulmer,39,jbulmeree@networkadvertising.org,512-253-1181,2 Warrior Way,Del Rosario,,Philippines,5408
Moishe,Kinnen,53,mkinnenef@google.es,813-109-6513,9897 Stang Alley,Радовиш,,Macedonia,2423
Loren,Clutram,47,lclutrameg@51.la,461-588-9810,8483 Superior Place,Junzhuang,,China,
Jon,Abbatini,46,jabbatinieh@sakura.ne.jp,177-385-4834,54 Corben Circle,Xingou,,China,
Inna,Kuhle,70,ikuhleei@stumbleupon.com,731-907-0776,8 Corscot Park,Pindi Gheb,,Pakistan,43260
Liliane,Whaplington,39,lwhaplingtonej@canalblog.com,521-714-2689,111 Oak Court,Vahdat,,Tajikistan,
Milty,Bambra,54,mbambraek@bbc.co.uk,813-788-4769,8744 Lighthouse Bay Drive,Burträsk,Västerbotten,Sweden,937 91
Vinni,Mitcheson,74,vmitchesonel@merriam-webster.com,800-119-9440,222 Di Loreto Plaza,Sumbe,,Angola,
Dall,Haughian,46,dhaughianem@businessinsider.com,547-381-2314,66 Annamark Trail,Clarence-Rockland,Ontario,Canada,K4K
Juline,Deane,85,jdeaneen@live.com,347-326-6868,40 Bunker Hill Junction,Lebedyn,,Ukraine,
Christal,Bergin,25,cbergineo@devhub.com,453-774-3316,858 Roth Avenue,Babice,,Poland,37-754
Terri-jo,Deaton,60,tdeatonep@mayoclinic.com,398-472-2373,25 Graedel Center,Nha Trang,,Vietnam,
Chantalle,Grim,51,cgrimeq@intel.com,643-719-5377,79 Merry Court,Staryy Cherek,,Russia,361327
Melba,Le Strange,24,mlestrangeer@mysql.com,463-904-6911,65432 1st Street,Kakanj,,Bosnia and Herzegovina,
Stephana,Labbet,29,slabbetes@about.com,400-680-2537,97 Hudson Hill,Depapre,,Indonesia,
Hilde,Iori,65,hioriet@wunderground.com,197-813-6934,72 Transport Road,Balakliya,,Ukraine,
Mack,Swanne,77,mswanneeu@bing.com,273-992-5502,8552 Grim Drive,Bankaw,,Philippines,1211
Judith,Stripp,27,jstrippev@de.vu,846-887-2873,2555 Portage Lane,Pasanggrahan,,Indonesia,
Merle,Reeson,46,mreesonew@census.gov,269-281-0983,4380 Bowman Park,Freiria,Santarém,Portugal,2040-105
Rebecka,Robathon,24,rrobathonex@fastcompany.com,679-925-9581,6690 Fremont Parkway,Longbo,,China,
Cord,Claybourn,31,cclaybourney@arstechnica.com,816-216-7519,709 Pearson Pass,Ban Kruat,,Thailand,31180
Garvey,Doutch,81,gdoutchez@slideshare.net,755-963-4067,0 Kenwood Hill,Mont-Tremblant,Québec,Canada,J8E
Torrie,Castelijn,32,tcastelijnf0@bluehost.com,875-404-4848,9836 Novick Road,Paine,,Chile,
Matias,Ramsby,57,mramsbyf1@shop-pro.jp,113-795-6011,6063 Eagle Crest Point,Zhendong,,China,
Dreddy,Skepper,31,dskepperf2@fema.gov,920-165-0288,2 Ramsey Pass,Villa Nueva,,Guatemala,01064
Norina,Inglesfield,36,ninglesfieldf3@jalbum.net,409-120-7550,508 Scott Crossing,Sertãozinho,,Brazil,14160-000
Donella,Camin,30,dcaminf4@4shared.com,319-453-2956,44 Golden Leaf Junction,Nianpan,,China,
Alethea,Hastewell,76,ahastewellf5@digg.com,595-104-2073,67 Katie Hill,Tianyuan,,China,
Willow,Smallwood,34,wsmallwoodf6@arstechnica.com,603-221-7997,21187 8th Point,Matsuyama,,Japan,999-3146
Anett,Cleal,78,aclealf7@digg.com,248-894-3988,52 Elka Place,Villanova,Emilia-Romagna,Italy,29010
Goran,Walkey,81,gwalkeyf8@delicious.com,808-912-4981,2342 Tennessee Circle,Honolulu,Hawaii,United States,96835
Jaquelin,Duinbleton,28,jduinbletonf9@princeton.edu,671-897-4833,9771 Golf Course Alley,Sansanné-Mango,,Togo,
Rora,Hawsby,61,rhawsbyfa@toplist.cz,105-148-3374,6300 Southridge Circle,Bafang,,Cameroon,
Giffard,Latham,77,glathamfb@npr.org,460-947-9732,952 Forest Dale Circle,Yangzhuang,,China,
Molly,Childers,83,mchildersfc@stumbleupon.com,249-399-1337,43046 Clemons Parkway,Rušanj,,Serbia,
Armstrong,Heims,82,aheimsfd@w3.org,613-309-0195,60310 Thierer Court,Paris 17,Île-de-France,France,75817 CEDEX 17
Goddard,Munn,34,gmunnfe@google.nl,467-364-9080,340 Coleman Point,Mogadishu,,Somalia,
Liza,Brocks,71,lbrocksff@amazon.co.jp,224-582-4231,172 Oneill Alley,Ystad,Skåne,Sweden,271 51
Zorine,Grundle,55,zgrundlefg@webmd.com,399-439-5341,1 Mendota Drive,El Tambo,,Colombia,522068
Linnie,Eliaz,39,leliazfh@narod.ru,109-690-8416,39 Carioca Avenue,Martinlongo,Faro,Portugal,8970-255
Allene,Seabon,21,aseabonfi@mayoclinic.com,377-660-6086,44898 Montana Street,Huaping,,China,
Cornelius,Mingauld,78,cmingauldfj@aol.com,143-995-5885,0 Gateway Way,Strawczyn,,Poland,26-067
Sancho,Alvy,74,salvyfk@census.gov,803-848-4204,0922 Anhalt Crossing,Bulnes,,Chile,
Ambrosi,Davers,81,adaversfl@acquirethisname.com,245-682-6152,79 Debs Court,Alverca do Ribatejo,Lisboa,Portugal,2615-009
Babb,Maleby,56,bmalebyfm@amazon.com,715-823-0636,3 Maryland Parkway,Maca,,Peru,
Lindsey,Gillard,42,lgillardfn@arstechnica.com,160-417-2864,996 Jay Place,Pinoma,,Philippines,3404
Vernen,Mould,42,vmouldfo@examiner.com,274-345-9741,30528 Steensland Trail,Bao’an,,China,
Hillel,Tummond,81,htummondfp@trellian.com,986-778-8813,805 Ridgeway Center,Perpignan,Languedoc-Roussillon,France,66921 CEDEX
Valery,Kynsey,21,vkynseyfq@dailymail.co.uk,781-210-9153,2 Service Trail,Karpokhórion,,Greece,
Darrel,Latimer,18,dlatimerfr@chicagotribune.com,999-776-7458,14992 Reinke Lane,Bunirasa,,Indonesia,
Jerrilyn,Schwandt,25,jschwandtfs@businesswire.com,504-194-2886,98198 Fair Oaks Alley,Mników,,Poland,32-064
Kamillah,Goretti,76,kgorettift@vimeo.com,183-998-1930,9 Monument Plaza,Atafu Village,,Tokelau,
Jody,Halsted,43,jhalstedfu@theatlantic.com,306-407-2667,8 Holmberg Place,Arivonimamo,,Madagascar,
Sibilla,Bandy,47,sbandyfv@pcworld.com,831-829-7882,5223 Saint Paul Crossing,Al ‘Ulá,,Saudi Arabia,
Cheston,Clamo,29,cclamofw@issuu.com,364-751-3668,7 Waubesa Park,München,Bayern,Germany,80804
Arnaldo,Baldocci,71,abaldoccifx@ox.ac.uk,759-686-5263,8 Pankratz Street,Hepo,,China,
Wynnie,Ranyell,18,wranyellfy@sogou.com,902-982-8394,7 Commercial Circle,Boundiali,,Ivory Coast,
Adelaide,Trenaman,49,atrenamanfz@miitbeian.gov.cn,710-657-2553,02546 Grasskamp Place,Miracema,,Brazil,28460-000
Rebe,Occleshaw,24,roccleshawg0@is.gd,448-419-8190,6 Linden Crossing,Agbor,,Nigeria,
Sinclair,Biscomb,52,sbiscombg1@jugem.jp,729-137-0476,4 Vidon Avenue,Padangpanjang,,Indonesia,
Elysia,Vannacci,29,evannaccig2@businessweek.com,214-711-6757,5 Fulton Pass,Zhonghe,,China,
Jobi,Furnival,45,jfurnivalg3@moonfruit.com,975-122-4744,26512 Namekagon Center,Bayt ‘Īnūn,,Palestinian Territory,
Consalve,D'Cruze,40,cdcruzeg4@hp.com,391-787-8809,17 Banding Terrace,Satsumasendai,,Japan,899-1922
Kincaid,Thame,80,kthameg5@gnu.org,343-556-1683,1 Artisan Road,Jiefang,,China,
Bill,Fenimore,63,bfenimoreg6@amazon.co.uk,240-206-5856,39902 Orin Trail,Muranovo,,Russia,385741
Charlene,Judge,81,cjudgeg7@ning.com,470-886-0618,20 Becker Junction,Semanding,,Indonesia,
Babita,Hanley,64,bhanleyg8@yellowpages.com,485-711-7912,2 Doe Crossing Circle,Berezniki,,Russia,618409
Stanleigh,Malec,63,smalecg9@guardian.co.uk,108-642-6621,82 Grim Plaza,Meshcherino,,Russia,142855
Simonne,Le - Count,68,slecountga@i2i.jp,968-500-3028,7979 Superior Hill,Sighnaghi,,Georgia,
Brittany,Honnan,51,bhonnangb@jigsy.com,420-948-9621,8 6th Crossing,Novonikol’sk,,Russia,692557
Christin,Marlen,78,cmarlengc@hp.com,538-951-5136,947 Bartillon Center,Carolina,Pr,Puerto Rico,00987
Joseito,Czaja,29,jczajagd@taobao.com,262-549-2261,309 Westport Plaza,Tagbilaran City,,Philippines,6300
Ellissa,Isham,33,eishamge@yellowbook.com,925-382-6701,37 Algoma Road,Kathmandu,,Nepal,
Alyssa,Rowaszkiewicz,48,arowaszkiewiczgf@goo.gl,521-529-2052,1742 Ohio Park,Santa Cruz do Bispo,Porto,Portugal,4455-794
Willem,Denyakin,19,wdenyakingg@epa.gov,167-175-3105,16 Ramsey Center,General Ramírez,,Argentina,3165
Tessa,Chorley,19,tchorleygh@exblog.jp,562-998-8377,789 Fulton Park,Terpsithéa,,Greece,
Sapphire,Dewsnap,31,sdewsnapgi@npr.org,582-924-9795,7 Alpine Court,Huancapallac,,Peru,
Howie,Langley,22,hlangleygj@cnbc.com,399-746-4239,8154 Truax Alley,Al Buţayḩah,,Syria,
Bordy,Dowdney,73,bdowdneygk@51.la,171-321-2972,539 Hoepker Point,Taibao,,China,
Amelina,Rundall,48,arundallgl@altervista.org,536-548-7422,203 Northport Drive,Lunel,Languedoc-Roussillon,France,34404 CEDEX
Norri,Hodge,49,nhodgegm@yellowbook.com,797-586-4035,9949 Pleasure Pass,Puerto Castilla,,Honduras,
Nathalie,Duce,78,nducegn@fotki.com,787-640-3764,4 Melby Court,Bang Pakong,,Thailand,24130
Letizia,Langshaw,70,llangshawgo@skype.com,291-855-2246,78 Shopko Drive,Onokivtsi,,Ukraine,
Nefen,Nockalls,35,nnockallsgp@ucoz.com,728-847-2669,1047 Sugar Alley,Bålsta,Uppsala,Sweden,746 40
Kalie,Fluin,26,kfluingq@histats.com,853-101-0433,78 Debs Junction,Ratíškovice,,Czech Republic,696 02
Marybeth,Gierth,75,mgierthgr@comsenz.com,942-913-9379,86262 Ludington Drive,Funan Chengguanzhen,,China,
Chan,Hudless,66,chudlessgs@opera.com,513-215-0046,9 Farwell Crossing,Hongtang,,China,
Dedie,Brabin,52,dbrabingt@unesco.org,817-901-4141,85151 Roxbury Crossing,São Luiz Gonzaga,,Brazil,97800-000
Ellswerth,Baudichon,55,ebaudichongu@mlb.com,347-605-1016,3312 Utah Park,Köping,Västmanland,Sweden,731 27
Jerri,Kline,53,jklinegv@bandcamp.com,285-841-7523,91527 Blaine Crossing,Loa Janan,,Indonesia,
Leland,Dugget,62,lduggetgw@tripod.com,849-921-2067,7676 Beilfuss Way,Žďár,,Czech Republic,679 02
Beatrisa,Hadingham,25,bhadinghamgx@bigcartel.com,351-515-9744,89 Bobwhite Alley,Tlumach,,Ukraine,
Joelle,Barde,79,jbardegy@studiopress.com,426-389-3432,0440 Summerview Alley,Karangpete,,Indonesia,
Bevan,Bruckstein,69,bbrucksteingz@tuttocitta.it,308-185-6192,9 Towne Point,Pefkochóri,,Greece,
Dore,Aronson,76,daronsonh0@dedecms.com,920-609-6944,80 Northview Court,Naj‘ Ḩammādī,,Egypt,
Tori,Stead,77,tsteadh1@biglobe.ne.jp,583-852-6372,12 Summerview Park,Tsetsegnuur,,Mongolia,
Sarena,Gilliatt,75,sgilliatth2@lulu.com,678-410-4050,6218 Eggendart Court,Kahnūj,,Iran,
Hoyt,Himpson,53,hhimpsonh3@blogspot.com,902-795-6305,92 Union Drive,Antwerpen,Vlaanderen,Belgium,2170
Mora,Tellesson,35,mtellessonh4@etsy.com,812-835-3559,83522 New Castle Place,Bela-Bela,,South Africa,0492
Chan,Patton,60,cpattonh5@edublogs.org,213-154-5897,6 Westerfield Place,Bājitpur,,Bangladesh,2338
Caralie,McKue,19,cmckueh6@wp.com,305-224-9736,39825 Shoshone Point,Shireet,,Mongolia,
Fields,O' Concannon,68,foconcannonh7@gizmodo.com,689-218-7969,0178 Hallows Drive,Limulan,,Philippines,9808
Fancy,Petrovsky,74,fpetrovskyh8@so-net.ne.jp,738-496-5797,6698 Michigan Avenue,Sedatigede,,Indonesia,
Yule,Woodhall,61,ywoodhallh9@smugmug.com,391-234-5879,2 Paget Pass,Brampton,Ontario,Canada,L7A
Berny,Furnell,57,bfurnellha@jimdo.com,224-652-9372,7 Boyd Drive,Phayakkhaphum Phisai,,Thailand,44110
Verna,Willshere,63,vwillsherehb@zimbio.com,885-309-5319,02635 Oxford Park,Kalodu,,Indonesia,
Raoul,Drieu,34,rdrieuhc@4shared.com,697-308-6481,2044 Crescent Oaks Hill,Vila Nova da Baronia,Beja,Portugal,7920-355
Loria,McConaghy,32,lmcconaghyhd@bizjournals.com,696-482-7867,3286 Troy Terrace,Kerep Wetan,,Indonesia,
Johanna,Quickfall,84,jquickfallhe@yellowpages.com,266-601-9753,2904 Reindahl Place,Boituva,,Brazil,18550-000
Elyn,Charlewood,58,echarlewoodhf@reverbnation.com,660-700-6730,605 Bayside Center,Huibu,,China,
Bran,Ivey,40,biveyhg@bloglovin.com,430-335-0731,4 Texas Alley,Shalqīya,,Kazakhstan,
Dolley,Ramelot,65,dramelothh@smugmug.com,563-509-3491,614 Lerdahl Terrace,Kronoby,,Finland,01760
Matthew,Tomczak,42,mtomczakhi@dot.gov,373-739-9479,95 Ryan Trail,San Patricio,,Paraguay,
Conrad,Isselee,48,cisseleehj@bravesites.com,326-127-0466,1716 Memorial Street,Terenozek,,Kazakhstan,
Allianora,Margrie,62,amargriehk@hatena.ne.jp,664-198-0621,711 Toban Way,Zeguo,,China,
Silvano,Armand,47,sarmandhl@ebay.com,363-777-5414,30 Kings Junction,Karlskrona,Blekinge,Sweden,371 47
Eugenio,Schwartz,74,eschwartzhm@360.cn,765-247-1158,926 Arrowood Avenue,Zhengyangshan,,China,
Levey,Hardin,69,lhardinhn@mysql.com,330-579-9236,01747 Anthes Court,Nyköping,Södermanland,Sweden,611 35
Katie,Abrahart,18,kabrahartho@berkeley.edu,861-494-1414,332 Lyons Court,Changpu,,China,
Isa,Lortz,68,ilortzhp@usgs.gov,930-949-7079,98 Tony Pass,Moguqi,,China,
Valentine,D'Ugo,51,vdugohq@globo.com,899-730-2606,3299 West Terrace,Gagarawa,,Nigeria,
Brianne,Fike,36,bfikehr@list-manage.com,415-339-6612,1169 Sheridan Pass,San Bernardino,,Peru,
Thibaut,Lafayette,27,tlafayettehs@harvard.edu,909-996-2636,1 Comanche Alley,Al ‘Azīzīyah,,Iraq,
Manfred,Searight,28,msearightht@tinyurl.com,542-792-8603,54 Cody Point,Bendo,,Indonesia,
Giacobo,Boorn,60,gboornhu@parallels.com,867-672-2995,1 Bartillon Street,Les Cèdres,Québec,Canada,J6S
Dinny,Severwright,33,dseverwrighthv@goo.ne.jp,484-284-1625,1 Upham Parkway,Kibiya,,Nigeria,
Decca,Presslee,25,dpressleehw@stanford.edu,656-168-1941,36 Jana Point,Ferraria,Leiria,Portugal,2445-079
Coreen,Pearne,26,cpearnehx@twitter.com,365-985-4854,76 Nancy Center,Samir,,Indonesia,
Casandra,Gerriets,80,cgerrietshy@list-manage.com,820-953-6977,83394 Doe Crossing Road,Amapala,,Honduras,
Agnes,Wathey,65,awatheyhz@berkeley.edu,347-328-6466,2 Little Fleur Drive,Myrnyy,,Ukraine,
Hyacintha,Boag,40,hboagi0@independent.co.uk,404-622-3772,0 South Plaza,Prosperous,,Ireland,R14
Den,Folds,31,dfoldsi1@homestead.com,335-758-3513,9864 Trailsway Avenue,Codajás,,Brazil,69450-000
Rey,Maypes,26,rmaypesi2@nba.com,666-692-6055,16591 Comanche Plaza,Fulin,,China,
Geneva,Greenrodd,55,ggreenroddi3@comsenz.com,564-714-7947,83839 Waywood Trail,Krasnyye Barrikady,,Russia,416357
Quentin,Handyside,58,qhandysidei4@qq.com,289-431-8355,9 Emmet Point,Il’ya,,Belarus,
Fitzgerald,Loren,26,floreni5@mozilla.com,715-992-3304,7388 Autumn Leaf Way,Asaka,,Japan,963-0107
Manuel,Limerick,23,mlimericki6@aol.com,529-669-4710,6233 Northview Parkway,Linshi,,China,
Harlen,Filippozzi,47,hfilippozzii7@marriott.com,855-875-4200,2520 Harper Park,Banda Layung,,Indonesia,
Donnamarie,Liccardo,19,dliccardoi8@dailymotion.com,416-175-0427,29 Crownhardt Center,Yurimaguas,,Peru,
Corliss,Micklewicz,20,cmicklewiczi9@sitemeter.com,211-301-7045,91 Amoth Circle,Qingshan,,China,
Jen,Lamminam,71,jlamminamia@ihg.com,748-251-8078,98 Cambridge Center,Sigeng,,China,
Anna,Grazier,61,agrazierib@theatlantic.com,903-330-2047,6 Prairieview Alley,Erjiegou,,China,
Augustin,Cornu,48,acornuic@clickbank.net,971-233-2780,2 Brickson Park Plaza,Votkinsk,,Russia,427439
Darrick,Gauvain,81,dgauvainid@stumbleupon.com,568-302-9929,1 Bobwhite Park,Komsomol’sk,,Russia,155150
Johny,Hakeworth,24,jhakeworthie@wikispaces.com,491-854-6609,669 Bowman Trail,Svetlyy,,Russia,634506
Antonino,Lowthorpe,54,alowthorpeif@sciencedirect.com,689-176-3623,9305 7th Park,Gialo,,Libya,
Dniren,Fliege,45,dfliegeig@google.es,709-644-6078,5 Elka Terrace,Masis,,Armenia,
Edouard,Mullinger,38,emullingerih@house.gov,540-872-3608,16 Scoville Crossing,Buawan,,Philippines,9025
Hiram,Belfelt,63,hbelfeltii@phoca.cz,694-395-5225,060 Eastwood Lane,Heilangkou,,China,
Lauryn,Petriello,64,lpetrielloij@cargocollective.com,694-532-9124,7 Oxford Drive,Bęczarka,,Poland,32-445
Philippine,Riply,39,priplyik@list-manage.com,926-763-2226,396 Killdeer Point,Katipunan,,Philippines,7109
Gerta,Willan,36,gwillanil@mayoclinic.com,669-110-3026,5 Almo Hill,Seria,,Brunei,
Ware,Yelland,61,wyellandim@sciencedaily.com,403-742-0513,42 Fallview Point,Kemisē,,Ethiopia,
Daisi,Accomb,80,daccombin@google.com,181-664-0540,8 Eliot Plaza,La Mohammedia,,Tunisia,
Nalani,Dainty,19,ndaintyio@themeforest.net,136-401-3833,7 Spaight Center,Konëvo,,Russia,357005
Stirling,Baldin,75,sbaldinip@epa.gov,909-778-5514,386 Hanover Center,Sūrān,,Iran,
Torry,Egglestone,56,tegglestoneiq@vimeo.com,229-556-0441,92 Superior Point,Hongdu,,China,
Vaclav,Moorrud,35,vmoorrudir@chronoengine.com,102-341-6347,3835 Merry Alley,Espera Feliz,,Brazil,36830-000
Lanita,Dahl,30,ldahlis@thetimes.co.uk,608-811-6696,93 Darwin Alley,Mueang Suang,,Thailand,45220
Elisabeth,Hunnable,44,ehunnableit@walmart.com,400-832-2767,049 Lawn Way,Shahe,,China,
Talbert,Otton,70,tottoniu@rediff.com,334-286-9650,50 Fulton Point,Vereshchagino,,Russia,303642
Cari,Annets,81,cannetsiv@wordpress.com,936-426-9685,148 Schurz Alley,Trélazé,Pays de la Loire,France,49804 CEDEX
Hew,Lunny,66,hlunnyiw@ask.com,765-133-3587,68471 Summerview Terrace,Oetuke,,Indonesia,
Liesa,Klamp,43,lklampix@studiopress.com,412-374-7164,2 Harper Court,Abakan,,Russia,655131
Bar,Gherardi,37,bgherardiiy@cdc.gov,295-899-5345,29 Darwin Alley,Xingpinglu,,China,
Thorndike,Loadsman,52,tloadsmaniz@shutterfly.com,120-761-1540,317 Manley Way,Žlutice,,Czech Republic,364 52
Glynn,MacKerley,18,gmackerleyj0@nih.gov,214-127-1333,2191 Sommers Street,Dallas,Texas,United States,75260
Berkley,Gillian,80,bgillianj1@smh.com.au,511-639-4058,0 Summit Point,Xianyan,,China,
Tedra,O'Hoey,55,tohoeyj2@mail.ru,854-482-6690,8712 Forster Crossing,Sukarama,,Indonesia,
Elvera,Woolston,56,ewoolstonj3@twitter.com,639-358-9442,704 Sunnyside Hill,Nikolina Gora,,Russia,143031
Ring,McMenamin,53,rmcmenaminj4@hud.gov,626-741-9378,9 Morningstar Hill,Bangeran,,Indonesia,
Damara,Schinetti,71,dschinettij5@gravatar.com,887-333-1120,1 Ilene Place,Novoaltaysk,,Russia,658089
Raeann,Riddall,68,rriddallj6@mapy.cz,482-798-1795,0244 Gina Crossing,Dazhou,,China,
Phyllida,McIan,69,pmcianj7@webeden.co.uk,604-790-1934,1793 Katie Point,Nazarje,,Slovenia,3331
Alic,Binner,19,abinnerj8@google.co.jp,854-451-4911,83872 Eagle Crest Pass,Kaberamaido,,Uganda,
Dido,Stockau,45,dstockauj9@abc.net.au,231-645-4718,9 Hallows Terrace,Palotina,,Brazil,85950-000
Maria,Springford,21,mspringfordja@acquirethisname.com,285-867-8285,14 Lillian Drive,Rostock,Mecklenburg-Vorpommern,Germany,18147
Jolyn,Nassie,33,jnassiejb@taobao.com,716-375-0402,0175 Leroy Plaza,Karapyshi,,Ukraine,
Egor,Jachimak,67,ejachimakjc@miibeian.gov.cn,962-168-5834,275 Arkansas Alley,Catia La Mar,,Venezuela,
Phillip,Oylett,60,poylettjd@twitter.com,427-702-1873,6 Cherokee Crossing,Kota Kinabalu,Sabah,Malaysia,88512
Riccardo,Sugge,34,rsuggeje@wired.com,958-357-4102,1937 Mifflin Court,Las Vegas,,Honduras,
Claudetta,Stollberger,59,cstollbergerjf@blogtalkradio.com,295-867-4425,798 Randy Lane,Al Madīd,,Yemen,
Cora,Rundle,22,crundlejg@sun.com,863-649-4901,32 Hoffman Court,Embi,,Kazakhstan,
Jard,Nolte,40,jnoltejh@businesswire.com,800-364-6849,41175 Surrey Drive,Culeng,,Indonesia,
Selestina,Karmel,82,skarmelji@spotify.com,463-262-9558,7 Northport Terrace,Perpignan,Languedoc-Roussillon,France,66050 CEDEX
Laurie,Vicary,41,lvicaryjj@loc.gov,742-846-3883,759 Carberry Parkway,Panambi,,Brazil,98280-000
Law,Egdell,43,legdelljk@utexas.edu,727-602-5658,63 Duke Trail,La Ronge,Saskatchewan,Canada,J9P
Sanford,Messager,77,smessagerjl@blogs.com,585-391-3514,3983 Colorado Avenue,Pimenta Bueno,,Brazil,78984-000
Mela,Suddards,18,msuddardsjm@merriam-webster.com,972-852-4483,783 Westerfield Road,Villa María,,Argentina,5900
Glynda,Feehily,66,gfeehilyjn@delicious.com,924-351-9752,17 Melvin Trail,Huifeng,,China,
Jabez,Ewells,80,jewellsjo@dell.com,469-257-6355,1 Hudson Park,Berthierville,Québec,Canada,S3N
Adriano,Gorke,45,agorkejp@soup.io,741-942-9318,949 Randy Junction,Almere Haven,Provincie Flevoland,Netherlands,1354
Ardelis,Denning,23,adenningjq@whitehouse.gov,781-131-9439,05549 Clemons Street,Dado,,Philippines,5037
Melisenda,Glencorse,56,mglencorsejr@vistaprint.com,990-870-1801,5738 Marcy Terrace,Sanying,,China,
Herschel,Saker,80,hsakerjs@typepad.com,131-271-5439,84982 Badeau Pass,Durazno,,Uruguay,
Carly,Nabbs,44,cnabbsjt@goodreads.com,896-606-8579,997 Duke Point,Avon,Île-de-France,France,77214 CEDEX
Leonardo,Qualtro,43,lqualtroju@sciencedaily.com,813-763-9529,41332 Prentice Alley,Strömsund,Jämtland,Sweden,833 34
Reeba,Bazoge,32,rbazogejv@fc2.com,967-152-9228,68443 Claremont Point,Kotabumi,,Indonesia,
Tara,Welldrake,41,twelldrakejw@europa.eu,826-635-8555,447 Pond Hill,Guangshan Chengguanzhen,,China,
Kiri,Nattriss,78,knattrissjx@google.es,619-668-8452,2691 Morrow Avenue,Smiltene,,Latvia,
Nicolis,Thorbon,74,nthorbonjy@comsenz.com,524-789-5194,36 Oakridge Drive,Ngetkib,,Palau,
Helene,Hunnawill,64,hhunnawilljz@nbcnews.com,900-722-4392,0 Helena Pass,Shitang,,China,
Oby,Hupe,74,ohupek0@redcross.org,850-870-5296,93 Browning Park,Novodmitriyevskaya,,Russia,353250
Leone,Huntingdon,69,lhuntingdonk1@bbc.co.uk,387-965-7019,8 Namekagon Street,Palauig,,Philippines,6615
Corissa,Gohn,23,cgohnk2@domainmarket.com,967-166-8044,31891 Acker Drive,Riangwale,,Indonesia,
Leila,Chilvers,59,lchilversk3@over-blog.com,283-179-8061,46582 Summit Crossing,Lang Suan,,Thailand,86110
Rodolphe,Pfeiffer,55,rpfeifferk4@livejournal.com,498-928-2795,445 Dovetail Lane,Shuikou,,China,
Tina,Hungerford,70,thungerfordk5@51.la,247-120-6540,5605 Charing Cross Junction,Shezhu,,China,
Maurise,Rapier,63,mrapierk6@friendfeed.com,982-379-8831,031 La Follette Way,Sanjiangkou,,China,
Deni,Grolle,39,dgrollek7@zimbio.com,741-935-0737,151 Cody Plaza,Borås,Västra Götaland,Sweden,501 78
Alejandro,Abbess,27,aabbessk8@uiuc.edu,719-476-2440,9 American Ash Court,Tipitapa,,Nicaragua,
Gregoire,Borsay,19,gborsayk9@cbsnews.com,126-416-7777,89405 Debs Drive,La Gacilly,Bretagne,France,56209 CEDEX
Humfrid,Ayre,24,hayreka@liveinternet.ru,163-374-4421,087 Bashford Point,Duba-Yurt,,Russia,366304
Demott,Heinrici,55,dheinricikb@ameblo.jp,604-717-5246,506 Forest Alley,Northern Suburbs Mc,New South Wales,Australia,1694
Hetty,Asbrey,80,hasbreykc@yale.edu,517-238-5735,532 Arapahoe Way,Chornukhyne,,Ukraine,
Dyana,Dingsdale,60,ddingsdalekd@fastcompany.com,166-185-2768,01214 Knutson Terrace,Pingyang,,China,
Chrotoem,Camili,67,ccamilike@simplemachines.org,852-774-5336,70 Grim Avenue,Bishan,,China,
Dario,Sango,59,dsangokf@statcounter.com,634-769-2625,72 Farmco Court,Pyin Oo Lwin,,Myanmar,
Sianna,Ducaen,64,sducaenkg@flavors.me,119-175-5837,893 Bultman Terrace,Nalinggou,,China,
Jocelyn,Trevillion,54,jtrevillionkh@vkontakte.ru,410-623-7485,3569 Glendale Way,Santa Rita,,Paraguay,
Becka,Henricsson,25,bhenricssonki@webmd.com,279-606-0698,6536 Fairview Lane,Krajan Timur Mlokorejo,,Indonesia,
Babb,Abbotts,40,babbottskj@rediff.com,195-253-2965,5940 Glacier Hill Drive,Vila Chã,Porto,Portugal,4485-518
Josiah,Olenikov,60,jolenikovkk@unc.edu,773-650-0332,68 Cottonwood Plaza,Gajrug,,Indonesia,
Ugo,Boobyer,24,uboobyerkl@eventbrite.com,422-419-8113,019 Farmco Center,"Coruña, A",Galicia,Spain,15190
Addia,Snartt,32,asnarttkm@studiopress.com,357-358-8047,3 Dryden Way,Tân Hòa,,Vietnam,
Nickolaus,Petyakov,69,npetyakovkn@dyndns.org,587-682-6792,5693 Namekagon Drive,Tiblawan,,Philippines,3503
Gaby,Spreull,55,gspreullko@si.edu,835-451-1455,49486 Arkansas Court,Dzvinogrud,,Ukraine,
Andrea,Wilflinger,25,awilflingerkp@t.co,570-934-1392,35 Kings Circle,União da Vitória,,Brazil,84600-000
Sonya,Weafer,44,sweaferkq@topsy.com,776-835-8201,5299 Grover Junction,Suwaru,,Indonesia,
Burnaby,Sawter,83,bsawterkr@mayoclinic.com,705-855-7536,66 Arkansas Avenue,Ceuta,Ceuta,Spain,51005
Chandal,Cahey,58,ccaheyks@time.com,963-251-0491,1694 Marcy Hill,Xianlong,,China,
Cleopatra,Dri,76,cdrikt@tamu.edu,637-661-7440,26342 Debs Place,Oslo,Oslo,Norway,1291
Jana,Codrington,60,jcodringtonku@archive.org,134-401-9971,0 Lakewood Gardens Park,Sebulu,,Indonesia,
Barrie,Climson,40,bclimsonkv@google.ca,329-124-3665,9697 Clyde Gallagher Park,Elverum,Hedmark,Norway,2418
Alvan,Cissell,19,acissellkw@techcrunch.com,227-245-1470,27200 5th Parkway,Mnichovo Hradiště,,Czech Republic,295 01
Kerry,Dunning,75,kdunningkx@elegantthemes.com,241-743-5925,56 Prairie Rose Crossing,Belovo,,Russia,442070
Helen-elizabeth,Airton,74,hairtonky@foxnews.com,748-305-4480,49320 Sage Alley,Weihe,,China,
Bessie,Kopmann,78,bkopmannkz@engadget.com,846-657-6029,20 Meadow Valley Hill,Grudë-Fushë,,Albania,
Ivy,Matyasik,38,imatyasikl0@fotki.com,802-206-7709,7 Heffernan Center,Vällingby,Stockholm,Sweden,162 55
Doti,Humphrey,60,dhumphreyl1@xrea.com,566-393-6431,8 Warner Point,Sydney,New South Wales,Australia,1191
Deni,Jedras,35,djedrasl2@google.ca,256-596-0171,7262 Vidon Park,Sobeok,,Indonesia,
Meridith,Guise,44,mguisel3@mac.com,800-246-9676,513 Pierstorff Terrace,Järfälla,Stockholm,Sweden,175 61
Levin,Lucien,19,llucienl4@addtoany.com,344-937-4005,3 4th Place,Zhili,,China,
Daniel,Doggrell,61,ddoggrelll5@java.com,656-635-2553,1584 Village Avenue,Cabo Frio,,Brazil,28900-000
Huntington,Beazleigh,26,hbeazleighl6@chron.com,176-605-5849,9763 Fulton Alley,Armenia,,Colombia,630008
Des,Stringfellow,64,dstringfellowl7@redcross.org,149-127-1790,581 Lakewood Gardens Alley,Aurora,,Philippines,7020
Cornie,Mathie,46,cmathiel8@aol.com,869-174-8955,6155 Sutteridge Hill,Sidi Lamine,,Morocco,
Rita,Woloschinski,27,rwoloschinskil9@aol.com,448-983-4402,914 Mccormick Drive,Viñales,,Cuba,
Trenton,Waggitt,49,twaggittla@i2i.jp,550-674-3033,08667 Doe Crossing Center,Säffle,Värmland,Sweden,661 24
Louise,Gonnard,18,lgonnardlb@prlog.org,811-585-4879,44 Elgar Terrace,Bāniyās,,Syria,
Boony,Doohey,48,bdooheylc@cnet.com,461-646-6840,3751 Melody Court,Qiaole,,China,
Pierette,Eustis,81,peustisld@addtoany.com,474-568-7588,98 Bashford Alley,Borås,Västra Götaland,Sweden,504 37
Kimble,Test,80,ktestle@accuweather.com,734-736-2726,494 Waywood Junction,Monze,,Zambia,
Jeanine,Boot,79,jbootlf@nyu.edu,105-325-6048,0 Oak Street,Kalutara,,Sri Lanka,12000
Jorie,De'Vere - Hunt,28,jdeverehuntlg@loc.gov,896-153-5974,94851 Raven Terrace,Salakuray,,Indonesia,
Reine,Howley,67,rhowleylh@clickbank.net,107-123-8541,5457 Dawn Lane,Pingshi,,China,
Annamaria,Adnams,20,aadnamsli@so-net.ne.jp,441-166-2310,27 Fuller Park,Kotsyubyns’ke,,Ukraine,
Catlin,Perez,45,cperezlj@geocities.jp,538-435-6715,7554 Talisman Hill,Padang,,Indonesia,
Mack,Ayscough,57,mayscoughlk@mit.edu,399-985-0786,8 Bluestem Road,Psáry,,Czech Republic,252 44
Arline,Meak,38,ameakll@vimeo.com,119-370-0075,02 Fuller Parkway,Xiqiao,,China,
Ainslee,Willder,77,awillderlm@cmu.edu,826-603-5920,5 Oriole Circle,Ancol,,Indonesia,
Mitzi,Dossit,54,mdossitln@reddit.com,960-597-9375,2 Haas Plaza,Katabu,,Indonesia,
Jilleen,Beadnall,44,jbeadnalllo@sciencedaily.com,884-250-3734,40 Sycamore Center,Voorburg,Provincie Zuid-Holland,Netherlands,2274
Noble,Claricoats,59,nclaricoatslp@goo.ne.jp,457-299-2729,41 Monica Lane,Boshi,,China,
Ros,Emsley,65,remsleylq@cnn.com,604-398-0991,45378 Oneill Terrace,Kayar,,Senegal,
Viv,Whyley,57,vwhyleylr@yelp.com,785-290-1531,6523 Butternut Way,Novokubansk,,Russia,352244
Pearla,Marvel,49,pmarvells@prlog.org,346-193-5714,3 Holmberg Alley,Katima Mulilo,,Namibia,
Saunderson,Rapin,45,srapinlt@nifty.com,189-902-0277,44 Havey Trail,Lumbayan,,Philippines,7000
Reg,Espinheira,34,respinheiralu@thetimes.co.uk,958-941-2312,3 Hoffman Point,Citambal,,Indonesia,
Nelly,Kepe,65,nkepelv@sciencedirect.com,944-390-2952,1348 Lakewood Parkway,Krajansumbermujur,,Indonesia,
Averil,Tippett,28,atippettlw@dailymail.co.uk,819-426-9555,4316 Messerschmidt Road,Da’anshan,,China,
Philomena,Vaggers,32,pvaggerslx@constantcontact.com,859-423-5740,765 Myrtle Crossing,Lexington,Kentucky,United States,40515
Mandy,Valois,35,mvaloisly@weibo.com,524-783-2972,786 Briar Crest Avenue,Bindura,,Zimbabwe,
Valentine,Karpenya,70,vkarpenyalz@bluehost.com,155-754-8700,19 Quincy Point,Ringinagung,,Indonesia,
Stanly,Hargreaves,45,shargreavesm0@jiathis.com,763-779-0870,4800 Fallview Center,Jingnao,,China,
Nerita,Lett,38,nlettm1@time.com,513-864-3775,45790 Moulton Park,Chayuan,,China,
Klemens,Kaley,28,kkaleym2@posterous.com,406-433-3851,8194 Maywood Drive,Temuji,,Indonesia,
Ursola,Dovey,30,udoveym3@technorati.com,219-787-8060,26 Ridge Oak Way,Stalowa Wola,,Poland,37-467
Yuma,Aspell,44,yaspellm4@paginegialle.it,393-176-4292,4 Monica Drive,Lindavista,Veracruz Llave,Mexico,95098
Jemmie,Goldstein,76,jgoldsteinm5@hubpages.com,486-336-3365,15 Summit Pass,Campinho,Évora,Portugal,7200-505
Armand,Grunwall,44,agrunwallm6@uol.com.br,290-974-3440,5 Hermina Parkway,Roanne,Rhône-Alpes,France,42335 CEDEX
Bret,Delf,51,bdelfm7@bbb.org,732-865-2133,4 Little Fleur Way,Potosí,,Bolivia,
Wanids,Pomeroy,19,wpomeroym8@storify.com,135-244-8162,5457 Westend Court,Bakau,,Gambia,
Mora,Cheshir,46,mcheshirm9@tinypic.com,675-783-8723,03825 1st Trail,Tunoshna,,Russia,150501
Erek,Eblein,76,eebleinma@msu.edu,104-351-1091,27 Glacier Hill Center,Shiroishi,,Japan,963-7856
Adolf,Southcoat,60,asouthcoatmb@narod.ru,906-847-7097,9663 Beilfuss Point,Golopau,,Indonesia,
Dena,Rexworthy,18,drexworthymc@ocn.ne.jp,416-904-7141,4424 Meadow Vale Circle,Aracaju,,Brazil,49000-000
Jordanna,Docker,39,jdockermd@ca.gov,358-910-3921,800 La Follette Way,Karangora,,Indonesia,
Salomo,Kaplin,41,skaplinme@hatena.ne.jp,830-712-8710,390 Carpenter Center,El Quebrachal,,Argentina,5101
Ferd,Leeson,35,fleesonmf@odnoklassniki.ru,373-265-4966,36 Glendale Avenue,Oranzherei,,Russia,416368
Derk,Biddiss,60,dbiddissmg@sohu.com,275-756-4040,69992 Hintze Street,Kairouan,,Tunisia,
Moselle,Flay,76,mflaymh@nydailynews.com,643-235-9355,3 Victoria Court,Lac La Biche,Alberta,Canada,E1W
Murray,Dolton,23,mdoltonmi@yellowbook.com,603-434-4397,2947 Arkansas Place,Ejmiatsin,,Armenia,
Sherlock,Thaim,56,sthaimmj@rakuten.co.jp,555-671-7860,03805 Bartelt Trail,Xinjiang,,China,
Slade,Winscum,82,swinscummk@mlb.com,143-893-4221,095 Vera Junction,Luoqi,,China,
Levin,Padden,28,lpaddenml@hao123.com,364-551-6454,33 Cody Park,Taihu,,China,
Dael,Wassell,75,dwassellmm@ed.gov,361-398-3635,04 Oakridge Place,Corpus Christi,Texas,United States,78405
Dulcine,Kennan,57,dkennanmn@discuz.net,935-775-4977,598 Gale Center,Qal‘ah-ye Na‘īm,,Afghanistan,
Phillida,Tarren,49,ptarrenmo@reference.com,743-821-6291,4400 Dennis Court,Néa Karyá,,Greece,
Anderson,McLoney,53,amcloneymp@123-reg.co.uk,541-853-0440,8457 Menomonie Court,Arrap’i,,Armenia,
Maurie,Jauncey,34,mjaunceymq@xrea.com,843-209-7607,52407 Clarendon Lane,Toupi,,China,
Guillaume,Dmitrienko,27,gdmitrienkomr@facebook.com,596-144-0774,4537 Old Gate Hill,Ouzini,,Comoros,
Yves,Hughson,83,yhughsonms@answers.com,115-943-7743,788 Sugar Road,Žeravice,,Czech Republic,696 47
Ketti,Mettricke,63,kmettrickemt@cpanel.net,786-628-9838,23203 Laurel Center,Stockholm,Stockholm,Sweden,111 27
Robert,Lowerson,20,rlowersonmu@virginia.edu,426-533-1182,0 Browning Crossing,Pimenta Bueno,,Brazil,78984-000
Elita,Thomen,38,ethomenmv@edublogs.org,761-429-2546,353 Bluejay Circle,Huayuan,,China,
Ethel,Trenbey,38,etrenbeymw@oakley.com,784-451-8277,65104 Bobwhite Pass,Oromocto,New Brunswick,Canada,E2V
Quintin,Liff,54,qliffmx@free.fr,166-420-7609,9133 Ilene Way,Quinuabamba,,Peru,
Gerrilee,O' Meara,62,gomearamy@chron.com,353-602-5872,6 Pawling Parkway,Quintãs,Aveiro,Portugal,3830-268
Larisa,Hryniewicki,74,lhryniewickimz@pen.io,915-728-2237,18845 Kings Trail,Normandin,Québec,Canada,G0H
Daffie,Capin,29,dcapinn0@fastcompany.com,947-317-0894,1080 Fordem Center,Nusajaya,,Indonesia,
Gene,Willgrass,42,gwillgrassn1@bloglovin.com,201-974-7689,7 Cardinal Court,Langchuan,,China,
Trixie,Pietranek,73,tpietranekn2@a8.net,751-690-3056,954 Ridgeview Lane,Vårgårda,Västra Götaland,Sweden,447 93
Gregoire,Gresswell,21,ggresswelln3@4shared.com,105-748-0279,52 Bellgrove Terrace,Nieszawa,,Poland,87-730
Vere,Grovier,76,vgroviern4@woothemes.com,543-247-5741,5 Anhalt Hill,Mayahi,,Niger,
Ray,Lockwood,63,rlockwoodn5@51.la,924-797-2037,81 Sugar Road,General Villegas,,Argentina,6230
Ginnie,Hutchings,31,ghutchingsn6@ehow.com,211-772-0526,1925 Loeprich Pass,Sivers’k,,Ukraine,
Ganny,Menpes,61,gmenpesn7@diigo.com,174-664-9983,22 Veith Street,Lilla Edet,Västra Götaland,Sweden,463 30
Karin,Linnitt,18,klinnittn8@weather.com,560-262-2381,386 Esker Avenue,Gaoqiaolou,,China,
Joanne,Pickance,75,jpickancen9@abc.net.au,264-923-0431,293 Granby Place,Bīleh Savār,,Iran,
Anabel,Leighfield,21,aleighfieldna@unicef.org,622-226-9290,72820 Bowman Circle,Kolumbug,,Philippines,2444
Myrta,Bretherick,53,mbrethericknb@i2i.jp,640-604-7966,929 Stoughton Place,Évosmos,,Greece,
Olag,Perrottet,64,operrottetnc@bbc.co.uk,745-849-0363,3167 Garrison Way,Thị Trấn Tam Sơn,,Vietnam,
Mayer,Lockley,32,mlockleynd@twitter.com,269-915-6065,73021 Forest Lane,Chlumec,,Czech Republic,403 39
Mollie,Elverston,85,melverstonne@sphinn.com,785-244-5193,4 Fuller Parkway,Basista,,Philippines,2422
Maura,Quadrio,51,mquadrionf@angelfire.com,436-559-8373,4 Trailsway Avenue,Huangchen,,China,
Caz,Tommasetti,54,ctommasetting@php.net,448-402-7092,136 Ludington Plaza,Fusagasuga,,Colombia,252219
Jo-anne,Minty,67,jmintynh@npr.org,995-496-5922,294 Chinook Point,Urasqui,,Peru,
Jodi,Rance,34,jranceni@state.tx.us,715-572-9420,67130 Mallard Crossing,Sakaidechō,,Japan,769-0228
Janie,Manlow,21,jmanlownj@ucsd.edu,582-626-9710,5 Bonner Way,Lom Sak,,Thailand,67110
Clyde,Reddy,84,creddynk@yolasite.com,277-267-8175,3 Goodland Pass,Jadowniki,,Poland,32-851
Trisha,Mantz,28,tmantznl@so-net.ne.jp,930-534-3182,0 Moulton Circle,Touguinha,Porto,Portugal,4480-493
Rolf,MacGuffie,38,rmacguffienm@goo.gl,843-778-5864,87225 Northland Center,Huangshapu,,China,
Warden,Punter,37,wpunternn@geocities.jp,907-634-1876,21167 Coolidge Alley,Dongyang,,China,
Bea,Wishkar,72,bwishkarno@chronoengine.com,408-361-3657,3 Butternut Drive,Hetai,,China,
Karissa,Alekseev,56,kalekseevnp@spiegel.de,644-608-8543,0477 Corben Road,Imtarfa,,Malta,ZBG
Chelsae,Hasloch,77,chaslochnq@bigcartel.com,461-930-4691,9027 Butterfield Center,Balyaga,,Russia,673020
Ettore,Skae,25,eskaenr@blogtalkradio.com,516-701-7696,34526 Namekagon Plaza,Xiawuqi,,China,
Gigi,Ferraretto,25,gferrarettons@prnewswire.com,384-461-5665,903 Bluestem Point,Xianning,,China,
Sinclair,Witcombe,60,switcombent@guardian.co.uk,832-822-0066,557 Vahlen Avenue,Tuusula,,Finland,04380
Corbett,Burtwistle,75,cburtwistlenu@buzzfeed.com,274-175-7525,1825 Waubesa Court,Quba,,Azerbaijan,
Gaby,Roughey,50,grougheynv@vkontakte.ru,124-613-3008,59 Morrow Parkway,Fonte Boa dos Nabos,Lisboa,Portugal,2655-469
Nari,Ogles,81,noglesnw@quantcast.com,524-252-1345,3 Hanson Place,Ängelholm,Skåne,Sweden,262 57
Quinta,Edmand,34,qedmandnx@sina.com.cn,785-120-4978,90979 Anhalt Point,Göteborg,Västra Götaland,Sweden,414 71
Norah,Shrubshall,64,nshrubshallny@sourceforge.net,603-153-9791,729 Schlimgen Way,Punolu,,Philippines,1114
Domingo,Swan,46,dswannz@nature.com,512-425-7489,4793 North Avenue,K’olīto,,Ethiopia,
Bobbi,Beneze,66,bbenezeo0@com.com,308-336-6157,1777 Delaware Street,Dầu Tiếng,,Vietnam,
Amye,Thripp,34,athrippo1@google.com.hk,320-415-6552,03086 Waxwing Court,Banī Suhaylā,,Palestinian Territory,
Enrique,Vondrak,74,evondrako2@examiner.com,238-112-6622,895 Killdeer Crossing,Skotoússa,,Greece,
Henrik,Iacovini,45,hiacovinio3@apache.org,758-268-1923,714 Butternut Drive,Yonghe,,China,
Edi,Ghent,80,eghento4@constantcontact.com,946-745-7612,30 Dapin Court,Kanginan,,Indonesia,
Rockey,Fairpo,25,rfairpoo5@ocn.ne.jp,329-347-6719,5565 Swallow Street,Krueng Luak,,Indonesia,
Amanda,Beccero,36,abecceroo6@exblog.jp,848-161-4366,29329 Wayridge Parkway,Donji Dobrić,,Serbia,
Trish,Dun,84,tduno7@hugedomains.com,979-795-1034,125 Esch Trail,Birni N Konni,,Niger,
Cally,Jacobowitz,43,cjacobowitzo8@naver.com,652-185-9056,6159 Messerschmidt Court,Semongkat,,Indonesia,
Dewain,Labden,47,dlabdeno9@flickr.com,441-806-4488,90 Glacier Hill Hill,Itanhandu,,Brazil,37464-000
Cornelius,Webster,81,cwebsteroa@bravesites.com,955-794-0808,029 Chinook Hill,Glugur Tengah,,Indonesia,
Ella,Dablin,49,edablinob@networkadvertising.org,945-939-3319,315 Quincy Avenue,Yessentukskaya,,Russia,357637
Ken,Jirousek,46,kjirousekoc@surveymonkey.com,645-373-6075,89475 Blackbird Way,Vynohradivka,,Ukraine,
Leonora,Rickhuss,44,lrickhussod@themeforest.net,475-491-5382,47115 Vera Parkway,Haiyang,,China,
Carlota,Messier,26,cmessieroe@eventbrite.com,458-221-2010,79922 Acker Hill,Kiten,,Bulgaria,8284
Lucine,Askem,63,laskemof@vkontakte.ru,394-756-3878,286 Vermont Circle,Hrochův Týnec,,Czech Republic,538 62
Corey,Barff,48,cbarffog@addtoany.com,695-240-5651,52 Utah Way,Moinhos,Porto,Portugal,4610-695
Anna-maria,Bril,25,abriloh@nyu.edu,134-211-2138,47 American Ash Street,Buy,,Russia,157008
Esmaria,Bumpass,23,ebumpassoi@arizona.edu,345-664-2969,4783 Harbort Court,Kaélé,,Cameroon,
Jeromy,Neising,68,jneisingoj@ft.com,324-442-6021,85027 Westend Plaza,Abiko,,Japan,595-0031
Anna-diana,Durand,53,adurandok@issuu.com,618-156-8143,115 Sheridan Street,Pereleshino,,Russia,396180
Amalita,Layhe,60,alayheol@cnet.com,276-304-0413,001 Sage Plaza,Poitiers,Poitou-Charentes,France,86062 CEDEX 9
Cathrin,Pirdy,49,cpirdyom@prweb.com,208-252-6602,254 Londonderry Park,Qal‘ah-ye Kūf,,Afghanistan,
Merna,Rixon,42,mrixonon@discovery.com,585-642-5237,9 Bobwhite Crossing,Nangalimang,,Indonesia,
Wang,Eskrigge,70,weskriggeoo@photobucket.com,953-463-5438,4 Pankratz Alley,Ciudad Tecún Umán,,Guatemala,22011
Livy,Whyman,30,lwhymanop@washingtonpost.com,283-788-5448,6 Annamark Circle,Novyye Kuz’minki,,Russia,352812
Dieter,Limming,82,dlimmingoq@hud.gov,201-165-6371,154 West Lane,Le Havre,Haute-Normandie,France,76086 CEDEX
Gregor,Milliken,55,gmillikenor@virginia.edu,721-197-6094,327 Mayfield Circle,Kafr Zaytā,,Syria,
Padraic,Traill,81,ptraillos@deliciousdays.com,616-516-1371,0978 Spaight Center,Hetang,,China,
Carilyn,Palfrey,22,cpalfreyot@shinystat.com,770-850-7017,6 Charing Cross Street,Yinglan,,China,
Roddie,De Paepe,79,rdepaepeou@marriott.com,413-176-7627,001 Pankratz Terrace,Yangjiao,,China,
Bonnibelle,Ridgley,49,bridgleyov@ebay.co.uk,130-997-2566,47480 Maywood Parkway,Imbang,,Philippines,6116
Meredith,Challenor,34,mchallenorow@purevolume.com,925-713-4130,22 Scofield Lane,Heřmanův Městec,,Czech Republic,538 03
Hildegarde,Nerne,41,hnerneox@dot.gov,489-560-9112,874 Cottonwood Trail,Normanton,England,United Kingdom,LE15
Cross,Ferrillio,37,cferrilliooy@gmpg.org,456-199-3044,20 Glacier Hill Lane,Chaodi,,China,
Pip,Casaccia,83,pcasacciaoz@npr.org,333-258-7803,7 John Wall Parkway,Santa Cruz,Mexico,Mexico,51462
Selina,Hatfull,85,shatfullp0@hud.gov,336-469-1748,042 Sutherland Plaza,Agalteca,,Honduras,
Ardis,Browell,65,abrowellp1@nature.com,630-150-5238,3 Becker Parkway,Bieniewice,,Poland,05-870
Claire,Yitzhak,67,cyitzhakp2@rakuten.co.jp,585-535-5929,38 Carey Drive,Qinghe,,China,
Ernestus,Farryann,63,efarryannp3@clickbank.net,936-697-1299,10114 Quincy Park,Conroe,Texas,United States,77305
Van,Jewkes,84,vjewkesp4@tumblr.com,190-997-8418,36022 Sutteridge Place,Masina,,Democratic Republic of the Congo,
Lottie,Morit,27,lmoritp5@bloomberg.com,548-143-8432,24116 Petterle Terrace,Rungis,Île-de-France,France,94631 CEDEX 1
Colene,Halbert,66,chalbertp6@epa.gov,950-904-8755,07355 Farmco Avenue,Zhankhoteko,,Russia,361524
Christiane,Clowton,29,cclowtonp7@usa.gov,567-738-3801,99411 Meadow Vale Junction,Cergy-Pontoise,Île-de-France,France,95092 CEDEX
Sandy,Gudgion,35,sgudgionp8@mozilla.org,908-156-5127,21896 Colorado Street,Město,,Czech Republic,364 61
Cristy,Anstead,61,cansteadp9@mayoclinic.com,432-249-5901,34221 Meadow Vale Lane,Midland,Texas,United States,79705
Alvan,Colwell,28,acolwellpa@ftc.gov,182-637-7784,2995 Coolidge Avenue,Salinggara,,Indonesia,
Patience,Antonognoli,53,pantonognolipb@smh.com.au,255-200-6040,2730 Farragut Court,Xinxing,,China,
Sella,De Vaar,57,sdevaarpc@istockphoto.com,157-607-5362,67565 Sachs Court,Sijunjung,,Indonesia,
Sib,Artist,66,sartistpd@xrea.com,475-654-2902,40 Derek Road,Tall Salḩab,,Syria,
Kit,Foch,45,kfochpe@clickbank.net,483-879-9535,156 Lien Road,Ashibetsu,,Japan,311-4317
Drusy,Sambeck,22,dsambeckpf@deliciousdays.com,369-999-1365,2 5th Pass,Tungol,,Philippines,9407
Fran,Foyle,29,ffoylepg@nifty.com,962-430-3888,601 Londonderry Road,Živinice,,Bosnia and Herzegovina,
Micky,Lodwick,54,mlodwickph@discuz.net,434-286-7307,122 Scott Point,Fos-sur-Mer,Provence-Alpes-Côte d'Azur,France,13779 CEDEX
Duncan,Bohea,33,dboheapi@yellowbook.com,970-942-1501,97820 Tennyson Plaza,Yuncheng,,China,
Jelene,Powell,75,jpowellpj@foxnews.com,930-313-8313,9 Troy Trail,Huangdi,,China,
Karin,Smedley,55,ksmedleypk@zimbio.com,888-369-1094,87 Crescent Oaks Pass,Barrosas,Porto,Portugal,4650-127
Iolanthe,Duffell,26,iduffellpl@google.ru,513-965-2483,7 Memorial Circle,Ore,,Nigeria,
Ezechiel,Glasner,43,eglasnerpm@flickr.com,826-842-5287,835 Tony Hill,Ambulong,,Philippines,4234
Kaleb,Jiricka,54,kjirickapn@meetup.com,508-329-0629,0401 Brentwood Park,Bwizibwera,,Uganda,
Ambrosio,Woolaston,45,awoolastonpo@apple.com,785-651-1373,8016 Fulton Place,Rancho Nuevo,Veracruz Llave,Mexico,91275
Terri,Bannester,82,tbannesterpp@bravesites.com,844-667-7909,73 La Follette Hill,Niejiahe,,China,
Arlan,Bilbrooke,82,abilbrookepq@apache.org,867-582-8318,934 Macpherson Avenue,Tagana-an,,Philippines,8403
Vaughan,Styant,18,vstyantpr@baidu.com,312-775-5416,43 Atwood Road,Chicago,Illinois,United States,60657
Kesley,Wilkes,78,kwilkesps@unesco.org,735-669-9896,4 Green Ridge Trail,Huyunxiang,,China,
Jenilee,Boorne,73,jboornept@nasa.gov,564-246-4015,06 Heffernan Hill,Jiuxian,,China,
Arvin,Gormally,55,agormallypu@tinyurl.com,684-402-2287,44432 Dexter Avenue,Portariá,,Greece,
Xerxes,Bobasch,58,xbobaschpv@shinystat.com,715-925-8867,1977 Bowman Circle,La Tour-du-Pin,Rhône-Alpes,France,38354 CEDEX
Tallou,Morcombe,40,tmorcombepw@thetimes.co.uk,729-794-6768,0 Leroy Alley,Yingtou,,China,
Hasheem,Blasli,27,hblaslipx@reddit.com,887-469-2971,06 Welch Drive,Boucinhas,Porto,Portugal,4650-805
Jonathan,Morrell,34,jmorrellpy@mashable.com,315-463-6686,18339 Gale Plaza,Mörrum,Blekinge,Sweden,375 32
Daveen,Korn,69,dkornpz@blinklist.com,886-918-7304,823 Miller Center,Antiguo Cuscatlán,,El Salvador,
Shel,Guyonnet,22,sguyonnetq0@irs.gov,353-387-8961,18 Dottie Trail,Mahanoro,,Madagascar,
Petronia,McCracken,77,pmccrackenq1@examiner.com,330-948-9616,35663 Nevada Court,Kuanchuan,,China,
Libbi,Tointon,29,ltointonq2@wisc.edu,607-553-5823,4 Hauk Parkway,Longka,,Indonesia,
Ceil,Naylor,49,cnaylorq3@jiathis.com,557-914-6855,9 Clarendon Center,Habry,,Czech Republic,582 81
Carey,Artingstall,38,cartingstallq4@hhs.gov,545-585-8108,28 Muir Parkway,Cao Thượng,,Vietnam,
Jackie,Baskerville,60,jbaskervilleq5@google.nl,538-402-9800,7 Sunfield Court,Ngulakan,,Indonesia,
Franni,Cordrey,26,fcordreyq6@istockphoto.com,729-333-2749,130 Waubesa Street,Bakungan,,Indonesia,
Wells,Longman,33,wlongmanq7@purevolume.com,306-727-2086,292 Brentwood Road,Mangere,,New Zealand,2154
Hale,Balog,34,hbalogq8@wikimedia.org,881-426-7215,595 Esker Pass,Xiangshui,,China,
Ninon,Bracegirdle,51,nbracegirdleq9@scribd.com,916-798-3400,0 Karstens Drive,Kukuna,,Sierra Leone,
Eve,Kollach,45,ekollachqa@livejournal.com,287-333-7743,14203 Heath Way,Dushi,,China,
Emmett,Bruno,53,ebrunoqb@list-manage.com,505-958-0783,70 Cascade Street,Pescara,Abruzzi,Italy,65129
Locke,Jeavons,83,ljeavonsqc@example.com,314-463-2942,38 Sage Plaza,Sekongkang Bawah,,Indonesia,
Pansie,Moulding,36,pmouldingqd@merriam-webster.com,790-508-0474,543 Talmadge Trail,Cikiray,,Indonesia,
Persis,Haensel,41,phaenselqe@free.fr,312-962-0641,2 Quincy Terrace,Valparaíso,,Chile,
Brandy,Reside,57,bresideqf@samsung.com,480-229-7540,22 Troy Way,Xinxu,,China,
Melli,Wrotham,22,mwrothamqg@printfriendly.com,516-218-0012,88 Montana Place,Jiangning,,China,
Belita,Gillbey,43,bgillbeyqh@blinklist.com,332-776-6696,67 Tomscot Terrace,Criciúma,,Brazil,88800-000
Jocelyne,Ouchterlony,84,jouchterlonyqi@ft.com,529-438-7507,03401 Reinke Drive,Banjar Jambe Baleran,,Indonesia,
Carlye,Brotherhed,40,cbrotherhedqj@printfriendly.com,623-223-2680,38610 Browning Terrace,Mentaraman Satu,,Indonesia,
Gwenni,Bayley,26,gbayleyqk@photobucket.com,259-269-9556,0257 Schiller Place,Tandil,,Argentina,7000
Arabela,Zincke,26,azinckeql@gizmodo.com,250-878-7136,01899 Brown Avenue,Västerås,Västmanland,Sweden,721 06
Joana,Lamberth,65,jlamberthqm@washingtonpost.com,299-633-2735,5603 5th Crossing,Alukama,,Indonesia,
Annnora,Siuda,20,asiudaqn@discuz.net,211-131-5559,758 Lerdahl Plaza,Velké Pavlovice,,Czech Republic,691 06
Horatius,Cage,83,hcageqo@hexun.com,722-343-3936,87 Vera Court,Ituberá,,Brazil,45435-000
Demetris,Kimmitt,62,dkimmittqp@fotki.com,389-807-3375,1207 Boyd Court,Sanzao,,China,
Culley,Cogdon,76,ccogdonqq@nature.com,650-940-8629,38804 Maple Wood Lane,San Juan,,Philippines,6227
Hillyer,Ciccottini,53,hciccottiniqr@chron.com,201-954-1848,49211 Linden Crossing,Vagos,Aveiro,Portugal,3840-386
Sapphira,Piggens,43,spiggensqs@hugedomains.com,731-642-5390,3816 Sheridan Center,Sumbergayam,,Indonesia,
Barri,Goundrill,74,bgoundrillqt@so-net.ne.jp,538-581-9274,30248 Fair Oaks Place,Vila Maior,Aveiro,Portugal,4525-485
See,Addyman,30,saddymanqu@amazon.com,767-459-5099,2139 7th Court,Khenifra,,Morocco,
Marj,Tough,57,mtoughqv@sun.com,735-344-0068,0 Drewry Park,Zhubei,,Taiwan,
Waring,Brader,58,wbraderqw@discuz.net,959-424-7320,64 Mallory Lane,Vani,,Georgia,
Pippo,Giamo,59,pgiamoqx@sogou.com,510-317-1948,9 Ludington Road,Guohe,,China,
Hersh,Hildrew,46,hhildrewqy@thetimes.co.uk,152-705-3459,54 Melvin Lane,Butha-Buthe,,Lesotho,
Umberto,Chave,75,uchaveqz@vinaora.com,138-808-0813,2468 John Wall Crossing,Ciudad Nueva,,Dominican Republic,10208
Sandie,Tousy,43,stousyr0@nifty.com,979-437-9627,842 Surrey Crossing,Baishi,,China,
Leesa,Masarrat,59,lmasarratr1@umich.edu,450-655-1294,12 Petterle Terrace,Kotanopan,,Indonesia,
Eldon,McGrath,48,emcgrathr2@bandcamp.com,197-357-8771,1 Westerfield Crossing,Paccho,,Peru,
Forbes,Massenhove,82,fmassenhover3@so-net.ne.jp,175-689-2642,902 Heffernan Way,Marapat,,Indonesia,
Tobe,Belfield,35,tbelfieldr4@dell.com,904-727-5293,913 Artisan Circle,Cimanggu Wetan,,Indonesia,
Reagan,Teggin,67,rtegginr5@ucsd.edu,611-299-3546,8 Mallard Junction,Patao,,Philippines,6052
Angelo,Kleinsinger,19,akleinsingerr6@virginia.edu,110-782-3710,98798 Cambridge Place,Haiyan,,China,
Reece,Leavy,66,rleavyr7@cnet.com,275-451-2419,88888 Magdeline Hill,Vinica,,Macedonia,2310
Claudina,Moller,31,cmollerr8@wordpress.com,424-389-7915,504 Golf Course Lane,Ozëry,,Russia,142152
Emmit,Morrad,61,emorradr9@myspace.com,131-380-7383,2493 Milwaukee Way,Iida,,Japan,990-2332
Bartie,Antonnikov,36,bantonnikovra@hhs.gov,414-695-9053,4119 Reindahl Alley,Mentougou,,China,
Andeee,Tomankiewicz,35,atomankiewiczrb@oaic.gov.au,429-872-5915,992 1st Alley,Jiqu,,China,
Dun,Rheam,27,drheamrc@ox.ac.uk,719-493-5009,43283 Havey Lane,Changcun,,China,
Ainslee,Recher,22,arecherrd@spotify.com,253-553-5184,0255 Lakewood Gardens Plaza,La Goulette,,Tunisia,
Robbin,Silverman,51,rsilvermanre@google.cn,653-933-1492,55382 Homewood Crossing,Kandangan,,Indonesia,
Emmie,Gorden,26,egordenrf@paypal.com,612-368-8703,1 Everett Circle,Kladruby,,Czech Republic,503 51
Bernie,Jepps,77,bjeppsrg@cmu.edu,357-935-0860,90 Maple Wood Way,Gospić,,Croatia,53000
Sally,Ferschke,25,sferschkerh@theguardian.com,304-230-3506,15325 Farmco Road,Sankanan,,Philippines,8701
Kettie,Rehor,44,krehorri@cnn.com,758-255-5053,36 Melby Plaza,Mudanjiang,,China,
Tore,Northrop,62,tnorthroprj@harvard.edu,749-210-7711,1 Di Loreto Court,Kikinda,,Serbia,
Tanner,Tetlow,51,ttetlowrk@xing.com,940-740-4488,30 Huxley Alley,Huadi,,China,
Jannel,Earle,75,jearlerl@nymag.com,880-762-3181,7 Mosinee Hill,Mamer,,Luxembourg,L-8273
Ansell,Kenefick,35,akenefickrm@chron.com,511-656-6919,7827 Sugar Plaza,Guapi,,Colombia,196009
Agathe,de Castelain,24,adecastelainrn@studiopress.com,661-821-3268,11 Kingsford Place,Zhangjiafan,,China,
Trace,Gillfillan,79,tgillfillanro@harvard.edu,842-755-5280,831 Loeprich Lane,Río Blanco,,Nicaragua,
Tadio,Ingerfield,53,tingerfieldrp@economist.com,425-753-4783,243 Daystar Parkway,Souto,Viseu,Portugal,4690-580
Walton,Petrello,77,wpetrellorq@nih.gov,146-522-9042,9 Stone Corner Point,Artashat,,Armenia,
Phylys,Tiron,29,ptironrr@google.de,440-295-3738,00322 Gina Lane,Leping,,China,
