first_name,last_name,age,email,phone_number,address,city,state,country,postal_code
Hayes,Sodor,46,hsodor0@jiathis.com,241-880-5111,4260 Burning Wood Circle,Ya’ngan,,China,
Vickie,Purkins,61,vpurkins1@nature.com,447-576-2567,35693 Sundown Trail,Batojaran,,Indonesia,
Jessalin,Kernock,79,jkernock2@blogger.com,282-811-4109,4155 Sunfield Parkway,Vranje,,Serbia,
Susan,Behrend,27,sbehrend3@mapquest.com,772-291-4559,784 Basil Drive,Sucre,,Ecuador,
Klement,Comolli,36,kcomolli4@kickstarter.com,928-864-6419,00728 Truax Court,Dongsheng,,China,
Ekaterina,Roseman,38,eroseman5@amazon.com,317-834-9180,226 Pennsylvania Drive,Vogan,,Togo,
Way,Pitcher,45,wpitcher6@cbsnews.com,722-144-5109,78 Northport Place,Kanash,,Russia,429337
Pembroke,Skegg,78,pskegg7@mysql.com,476-227-5088,3589 Del Sol Court,Nanxi,,China,
Boyd,Emblow,52,bemblow8@globo.com,853-309-4562,7919 Stoughton Center,Puerto Quijarro,,Bolivia,
Astra,Barnbrook,41,abarnbrook9@ycombinator.com,311-123-9599,5 Huxley Parkway,Dubrovnik,,Croatia,20000
Nikola,Coles,29,ncolesa@hibu.com,517-243-2248,9 Center Place,Chivor,,Colombia,153007
Berti,Sugg,41,bsuggb@example.com,214-584-1275,83 Spenser Hill,Brandfort,,South Africa,9400
Homere,Housecraft,68,hhousecraftc@boston.com,411-385-2533,72962 Manitowish Avenue,Foso,,Ghana,
Rubie,Etheredge,84,retheredged@csmonitor.com,567-240-5470,44536 Bartillon Circle,Liwale,,Tanzania,
Selby,Huelin,80,shueline@china.com.cn,901-631-5066,05 Waywood Pass,Nanwai,,China,
Elli,Guppey,20,eguppeyf@dagondesign.com,985-133-5996,854 Badeau Alley,Kalangbret,,Indonesia,
Nanine,Couronne,57,ncouronneg@redcross.org,522-310-7685,03 Warrior Center,Matam,,Senegal,
Gideon,Gooderick,56,ggooderickh@google.es,134-700-7346,6 Elgar Pass,Jandayan,,Philippines,3313
Oralee,Prise,31,oprisei@un.org,889-673-7213,94217 Kim Way,Dongbei,,China,
Russ,Goodings,84,rgoodingsj@cdbaby.com,339-441-5132,3746 Carey Lane,Makapanstad,,South Africa,8468
Ferdy,Sneezem,81,fsneezemk@cnet.com,761-604-2257,8594 Comanche Street,Raofeng,,China,
Meris,Barbe,23,mbarbel@amazonaws.com,859-524-3400,24 Manufacturers Trail,Zwierzyniec,,Poland,22-470
Artemus,Reily,28,areilym@ycombinator.com,134-428-2701,35 Roth Circle,El Calvario,Puebla,Mexico,75200
Rosetta,Balston,20,rbalstonn@wix.com,840-100-6381,2736 Algoma Pass,Shuanghe,,China,
Tedie,Forsdicke,69,tforsdickeo@weather.com,334-110-8989,41643 Ronald Regan Way,La Esperanza,Tamaulipas,Mexico,87076
Gilberta,Missen,39,gmissenp@sciencedirect.com,385-941-1907,81 Sunbrook Terrace,Yetang,,China,
Bale,Foresight,46,bforesightq@gov.uk,518-660-5308,366 Evergreen Plaza,Xiayunling,,China,
Drucill,Livezley,69,dlivezleyr@newsvine.com,974-748-6819,3620 Dwight Junction,Jurangjero,,Indonesia,
Wileen,Stiegar,74,wstiegars@squarespace.com,197-510-8506,0837 Golden Leaf Trail,Tambak,,Philippines,6217
Kaja,Fothergill,40,kfothergillt@ning.com,487-709-5571,75 Shelley Park,Dorotea,Västerbotten,Sweden,917 32
Dante,Brisseau,20,dbrisseauu@ihg.com,493-212-9176,06818 Mariners Cove Way,Valle de Guanape,,Venezuela,
Reuven,Johnes,62,rjohnesv@list-manage.com,749-265-1505,0 Gerald Street,Sarishābāri,,Bangladesh,2051
Simonette,Bercevelo,40,sbercevelow@desdev.cn,376-188-4041,65274 Miller Parkway,Touzao,,China,
Zacharia,Newlands,83,znewlandsx@google.ru,587-278-7836,305 Summerview Court,Baracatan,,Philippines,1063
Lauretta,Gillino,81,lgillinoy@unicef.org,508-273-6786,66 Vernon Plaza,Puerto Colombia,,Colombia,941047
Weston,Viner,44,wvinerz@theguardian.com,457-594-1205,00619 Sunnyside Court,Azara,,Argentina,3351
Margalit,Heiner,42,mheiner10@cmu.edu,782-799-6560,70 Blackbird Alley,Clermont-Ferrand,Auvergne,France,63009 CEDEX 1
Bree,Studman,29,bstudman11@clickbank.net,381-830-6794,309 Sloan Parkway,Salamrejo,,Indonesia,
Lanna,Peppard,26,lpeppard12@ebay.co.uk,128-893-6156,2 Rigney Center,Nagato,,Japan,950-3345
Agace,Ruane,21,aruane13@cisco.com,944-418-2688,82 Pleasure Parkway,Lengshuitan,,China,
Clayborne,Spinke,25,cspinke14@whitehouse.gov,443-505-2915,809 Blaine Court,Beroroha,,Madagascar,
Fonzie,Guyton,40,fguyton15@ezinearticles.com,226-222-7140,2 1st Parkway,Fenhe,,China,
Wakefield,Kiltie,53,wkiltie16@arstechnica.com,160-809-5076,21585 Commercial Park,Yabuli,,China,
Leland,McCrie,81,lmccrie17@rediff.com,124-746-6867,91532 Alpine Alley,San Andrés,,Guatemala,17004
Hadria,Hearty,75,hhearty18@intel.com,104-901-6941,2543 Bluejay Terrace,Tariji,,Philippines,3119
Haywood,Cornuau,54,hcornuau19@imdb.com,214-155-8403,863 Leroy Way,Żabno,,Poland,33-240
Kimberli,Becraft,42,kbecraft1a@yandex.ru,684-433-2675,28 Carioca Trail,Rubirizi,,Uganda,
Uriel,Jacquot,51,ujacquot1b@chicagotribune.com,622-671-9992,192 Roth Alley,Leles,,Indonesia,
Jonah,Mabbett,80,jmabbett1c@a8.net,293-567-1902,158 Dawn Crossing,Blawi,,Indonesia,
Fayre,Rodrig,73,frodrig1d@php.net,141-433-4541,1970 Oak Center,Novoderevyankovskaya,,Russia,353710
Melisande,Fellows,54,mfellows1e@amazon.com,333-970-7957,7712 Rutledge Lane,Zakroczym,,Poland,05-170
Rodge,Brodeur,29,rbrodeur1f@slashdot.org,363-193-0691,6 Ramsey Court,Tiarei,,French Polynesia,
Eduard,Alliott,46,ealliott1g@ft.com,245-326-8782,93 Goodland Pass,Zeist,Provincie Utrecht,Netherlands,3709
Dulcea,Penella,64,dpenella1h@scribd.com,936-759-1476,34 Mitchell Place,Conroe,Texas,United States,77305
Yuma,Taberner,35,ytaberner1i@blogtalkradio.com,509-134-4411,2 Scofield Parkway,Changsu,,South Korea,
Clari,Callaby,82,ccallaby1j@earthlink.net,281-445-0905,604 Sauthoff Crossing,Yangzhou,,China,
Fairleigh,Raoul,38,fraoul1k@washingtonpost.com,866-670-3318,13996 Bluejay Crossing,Omemee,Ontario,Canada,V1E
Filmore,Maseyk,73,fmaseyk1l@hatena.ne.jp,211-356-6470,8676 Spenser Avenue,Nyaungdon,,Myanmar,
Timothea,Eldin,48,teldin1m@stumbleupon.com,899-560-7955,1170 Mockingbird Parkway,Martapura,,Indonesia,
Eliza,Harrold,30,eharrold1n@youtu.be,447-242-5902,54 East Crossing,Lidköping,Västra Götaland,Sweden,531 85
Anette,Konert,33,akonert1o@nydailynews.com,749-633-3494,6233 Oak Street,Sölvesborg,Blekinge,Sweden,294 37
Aubine,Sizzey,53,asizzey1p@fema.gov,267-183-4802,76 Doe Crossing Point,Al Bāriqīyah,,Syria,
Peder,Hearmon,34,phearmon1q@wp.com,216-421-0483,31948 Mockingbird Parkway,Ilandža,,Serbia,
Lissy,Christall,72,lchristall1r@example.com,720-589-3472,55 Superior Alley,Mîndreşti,,Moldova,MD-5840
Tommie,Farady,25,tfarady1s@163.com,554-184-6730,0 Susan Crossing,Wuma,,China,
Leonardo,Trenam,39,ltrenam1t@angelfire.com,848-339-3725,5045 Warner Alley,Jiulong,,China,
Becca,Karlolczak,28,bkarlolczak1u@themeforest.net,730-962-9704,97012 Scofield Hill,Hachiōji,,Japan,197-0834
Tomas,Dahmke,79,tdahmke1v@dedecms.com,679-881-4342,3448 Nancy Park,Yessentuki,,Russia,357637
Orelia,Pope,58,opope1w@posterous.com,360-116-3305,391 Duke Terrace,Sancti Spíritus,,Cuba,
Joeann,Cosgrive,39,jcosgrive1x@admin.ch,206-564-5334,6 Maple Wood Place,Wujiashan,,China,
Rodney,Jantot,74,rjantot1y@nps.gov,913-502-9407,870 American Circle,Vetrino,,Bulgaria,9225
Gerik,Mathivat,23,gmathivat1z@zimbio.com,295-110-7525,940 Mandrake Circle,Pasadena,Newfoundland and Labrador,Canada,B2J
Carmine,Kenright,36,ckenright20@rediff.com,999-971-8582,05 Dryden Terrace,Nangaroro,,Indonesia,
Kippie,Wanless,76,kwanless21@purevolume.com,690-582-3701,4837 Calypso Road,Besançon,Franche-Comté,France,25071 CEDEX 9
Corny,Swepstone,61,cswepstone22@trellian.com,271-585-8376,84 Havey Terrace,Al Fashn,,Egypt,
Lawry,Kupke,36,lkupke23@who.int,302-946-1223,0 Larry Parkway,Baidian,,China,
Danette,Muncey,79,dmuncey24@live.com,411-548-7860,692 Arkansas Avenue,Melres,Porto,Portugal,4515-465
Mala,Leydon,45,mleydon25@ucsd.edu,387-104-5486,11 Lien Alley,La Dorada,,Colombia,175038
Issi,Drew-Clifton,52,idrewclifton26@wufoo.com,575-651-7352,07 Anthes Trail,Al Ḩashwah,,Yemen,
Burt,Dene,85,bdene27@dropbox.com,213-976-6864,57656 Florence Junction,Guxi,,China,
Harriott,Campkin,69,hcampkin28@nsw.gov.au,468-102-7267,4 Porter Street,Corujeira,Porto,Portugal,4580-630
Bobbette,Lidyard,62,blidyard29@china.com.cn,716-349-6451,3 Pepper Wood Alley,Gornyak,,Russia,658424
Townsend,Menure,25,tmenure2a@tamu.edu,580-709-4299,3730 Starling Park,Nashtā Rūd,,Iran,
Alastair,Marran,73,amarran2b@washington.edu,201-582-8464,688 Scoville Crossing,Bardaskan,,Iran,
Benedikt,Mockler,32,bmockler2c@oaic.gov.au,568-980-2160,69 Mcguire Trail,Dobřany,,Czech Republic,518 01
Gerrilee,Grantham,39,ggrantham2d@tinypic.com,201-463-2598,655 Nova Point,Wanglu Kulon,,Indonesia,
Talia,McKinnon,23,tmckinnon2e@businessweek.com,605-176-0157,93344 Clemons Road,Yuzhno-Sukhokumsk,,Russia,368890
Jeremiah,Daleman,22,jdaleman2f@ustream.tv,923-755-1682,1 Dixon Terrace,Sindangrasa,,Indonesia,
Benedick,Boleyn,77,bboleyn2g@tuttocitta.it,281-661-2910,8 Lakewood Gardens Hill,Sinarharapan,,Indonesia,
Cooper,Gomme,73,cgomme2h@gizmodo.com,386-638-6187,2843 Fordem Center,Dublin,,Ireland,D04
Klara,Teacy,84,kteacy2i@mail.ru,704-757-6138,5 Buhler Pass,Charlotte,North Carolina,United States,28210
Windy,Bouttell,70,wbouttell2j@oakley.com,746-313-7942,0 Lindbergh Pass,Kitcharao,,Philippines,8609
Steve,Farnaby,23,sfarnaby2k@de.vu,997-271-6594,64816 Meadow Valley Avenue,Tiarei,,French Polynesia,
Annabal,Mucklestone,76,amucklestone2l@histats.com,369-633-2610,19 Mcguire Way,Egbe,,Nigeria,
Eleanor,Currall,81,ecurrall2m@sciencedirect.com,292-424-7678,0552 Hooker Point,Birendranagar,,Nepal,
Dorella,Findlow,19,dfindlow2n@opera.com,245-499-9520,24670 Mcguire Junction,Silao,,China,
Bobette,Shovelton,41,bshovelton2o@webs.com,306-894-0376,5461 Havey Parkway,Fyllingsdalen,Hordaland,Norway,5145
Hart,Master,18,hmaster2p@cargocollective.com,417-425-8178,4 Pond Center,Cataguases,,Brazil,36770-000
Alfonso,Hein,28,ahein2q@bing.com,878-705-9210,857 Prairieview Court,Colcabamba,,Peru,
Normand,Waldrum,73,nwaldrum2r@slideshare.net,973-261-2110,44334 Little Fleur Drive,Gaotang,,China,
Tailor,Sirrell,80,tsirrell2s@nbcnews.com,361-884-6413,418 Jenifer Center,Mojkovac,,Montenegro,
Tracey,Crocroft,74,tcrocroft2t@statcounter.com,205-556-4950,15 Talisman Plaza,San Agustin,Chiapas,Mexico,29480
Lesya,Darleston,79,ldarleston2u@ning.com,554-135-3366,613 Melby Terrace,Anserma,,Colombia,177089
Flynn,Colville,57,fcolville2v@webs.com,772-109-9716,239 Dottie Crossing,Varaždin,,Croatia,42000
Leoine,Bouette,61,lbouette2w@ucoz.ru,277-640-3271,9 Russell Alley,Shunyi,,China,
Norry,Westfield,83,nwestfield2x@imdb.com,910-516-9042,8636 Eastlawn Way,Igarapé,,Brazil,32900-000
Prinz,Jessup,50,pjessup2y@list-manage.com,753-635-6875,51364 Eastwood Court,Gevgelija,,Macedonia,1480
Timotheus,Jados,72,tjados2z@craigslist.org,424-489-5668,14 Hanover Street,Ciputat,,Indonesia,
Munmro,Avraham,46,mavraham30@zimbio.com,948-341-7667,61 Meadow Valley Parkway,Bandeirantes,,Brazil,86360-000
Kattie,Limon,70,klimon31@trellian.com,443-818-2005,8 Merrick Court,Warugunung,,Indonesia,
Darren,Hatley,37,dhatley32@fotki.com,869-581-2734,54 Beilfuss Park,Chencai,,China,
Wesley,Brende,56,wbrende33@linkedin.com,858-908-2715,20 Wayridge Point,Xiangshi,,China,
Ailina,Gilstoun,77,agilstoun34@usnews.com,955-557-6985,7 Sunbrook Place,Karangtengah,,Indonesia,
Kiri,Burney,42,kburney35@cornell.edu,231-286-8706,2486 Tennessee Way,Luoshan,,China,
Royall,Venediktov,74,rvenediktov36@uol.com.br,501-839-3933,2342 Fairfield Terrace,San Fernando de Atabapo,,Venezuela,
Jacquenetta,Gullam,45,jgullam37@cnn.com,896-401-4837,45407 Kenwood Junction,Grybów,,Poland,33-330
Juanita,Weild,66,jweild38@wsj.com,233-223-0309,509 Dixon Way,Eystur,,Faroe Islands,666
Freeman,Hartnell,71,fhartnell39@java.com,136-323-8085,8 Lerdahl Road,Przyborów,,Poland,80-867
Claudia,Swithenby,28,cswithenby3a@telegraph.co.uk,770-758-2880,605 Chive Terrace,La Curva,,Philippines,1235
Denni,MacTrustrie,53,dmactrustrie3b@intel.com,887-419-3380,3 Kenwood Way,Bal Chirāgh,,Afghanistan,
Stacee,Purbrick,61,spurbrick3c@reuters.com,157-834-9116,28 School Crossing,Huangtan,,China,
Berty,Maddicks,29,bmaddicks3d@yolasite.com,198-213-0516,87963 Morningstar Trail,Figueiredo,Braga,Portugal,4705-722
Feodor,Knappett,41,fknappett3e@discovery.com,255-282-1386,70485 Loeprich Avenue,Luokeng,,China,
Dorothea,Geke,39,dgeke3f@dagondesign.com,977-983-9739,69438 Homewood Center,La Fortuna,,Philippines,8702
Arabella,Baudouin,63,abaudouin3g@cdbaby.com,730-891-2417,659 Norway Maple Junction,Svetlograd,,Russia,356537
Amelie,Brabant,43,abrabant3h@biblegateway.com,509-991-9724,6878 Nevada Court,Fécamp,Haute-Normandie,France,76404 CEDEX
Heindrick,Pattillo,38,hpattillo3i@qq.com,264-506-1220,3 Charing Cross Plaza,Queniquea,,Venezuela,
Angelia,Musk,61,amusk3j@ihg.com,135-452-2121,707 Golf Course Street,Engure,,Latvia,
Sharline,Francisco,36,sfrancisco3k@sun.com,432-691-4855,80488 Schlimgen Junction,Shambu,,Ethiopia,
Skyler,O'Cleary,62,socleary3l@cisco.com,871-263-3595,2427 Westend Circle,Buluh Kasap,,Indonesia,
Ora,Lynagh,20,olynagh3m@wikipedia.org,675-537-6976,1700 Toban Plaza,Lesozavodsk,,Russia,431435
Welby,Doag,23,wdoag3n@boston.com,103-482-7133,39566 Knutson Point,Campos Sales,,Brazil,63150-000
Marina,Furzey,68,mfurzey3o@friendfeed.com,150-929-7677,209 Dwight Terrace,Wangpu,,China,
Stephana,Biernat,18,sbiernat3p@pbs.org,494-307-4311,69 Judy Street,Baizhang,,China,
Morty,Atcock,55,matcock3q@ycombinator.com,241-932-5593,419 Birchwood Drive,Curahpacul Satu,,Indonesia,
Brigitte,Bartels,62,bbartels3r@howstuffworks.com,781-576-0862,258 Corscot Point,Cabiguan,,Philippines,1144
Rem,Gower,74,rgower3s@hugedomains.com,703-107-8830,7216 Stone Corner Place,Barberton,,South Africa,1309
Zandra,Rentoll,41,zrentoll3t@bloomberg.com,537-304-6953,951 Northridge Hill,Kampungtengah,,Indonesia,
Dorisa,Impleton,64,dimpleton3u@reddit.com,378-958-1131,6012 Drewry Avenue,Zhukovo,,Russia,249192
Ennis,Ewert,18,eewert3v@hud.gov,774-693-3709,97234 Clarendon Pass,Gongchenqiao,,China,
Marji,Cosgry,84,mcosgry3w@pen.io,915-416-2469,37942 Bowman Court,Enzan,,Japan,918-8207
Devlin,Grigoli,43,dgrigoli3x@themeforest.net,216-367-2835,1 Green Park,Buganda,,Burundi,
Gabriellia,Gilardi,21,ggilardi3y@reuters.com,254-735-5949,73650 Fallview Parkway,Blimbing,,Indonesia,
Clerissa,Goligher,30,cgoligher3z@spiegel.de,438-736-6542,05 Charing Cross Place,Prigrevica,,Serbia,
Ingaberg,Leakner,61,ileakner40@thetimes.co.uk,846-531-3513,0 Londonderry Parkway,Maevatanana,,Madagascar,
Debora,Laurentin,73,dlaurentin41@ask.com,414-128-0693,57608 Reinke Trail,Seres,,Philippines,7109
Dean,Needham,35,dneedham42@sciencedaily.com,477-646-0395,01963 Kropf Way,Concordia,,Peru,
Renaud,Stollsteimer,35,rstollsteimer43@theatlantic.com,353-624-4694,2 Memorial Terrace,Sémé,,Senegal,
Dora,Kittoe,18,dkittoe44@goo.gl,944-117-1680,298 Derek Park,Vélizy-Villacoublay,Île-de-France,France,78942 CEDEX
Theodore,Covotto,61,tcovotto45@statcounter.com,405-333-2374,4404 Sherman Place,Lodwar,,Kenya,
Nealy,Wyldes,29,nwyldes46@hibu.com,579-956-2004,34505 Pleasure Plaza,Wucun,,China,
Deloria,Haley,67,dhaley47@berkeley.edu,697-199-6238,0 Eliot Point,Xinyang,,China,
Jennette,Neill,60,jneill48@myspace.com,989-562-3570,82 Gulseth Way,Nässjö,Jönköping,Sweden,571 36
Nert,Coughlan,80,ncoughlan49@slate.com,379-363-4223,3 School Point,Orlová,,Czech Republic,717 00
Datha,Ellershaw,49,dellershaw4a@facebook.com,229-274-8915,4907 Lunder Parkway,Proptisht,,Albania,
Ilise,Britner,43,ibritner4b@answers.com,478-201-5523,59433 Ilene Point,Bangassou,,Central African Republic,
Mikaela,Beadnell,29,mbeadnell4c@theglobeandmail.com,778-946-3942,2644 Jay Drive,Perm,,Russia,614097
Kort,Allmark,68,kallmark4d@globo.com,987-220-7769,3 Carey Point,Ágios Efstrátios,,Greece,
Florida,Helin,41,fhelin4e@uol.com.br,702-978-7741,83506 Brickson Park Avenue,Torsås,Kalmar,Sweden,385 30
Frasier,Klimsch,69,fklimsch4f@smh.com.au,695-170-7138,92 Sommers Way,Ash Shuqayrah,,Yemen,
Ellyn,Jiggen,72,ejiggen4g@example.com,772-490-7605,98277 Oriole Center,Linshui,,China,
Dorie,Roelofs,80,droelofs4h@sciencedaily.com,229-991-5958,75 Lyons Terrace,Zhelin,,China,
Bee,Calcutt,46,bcalcutt4i@amazon.co.jp,444-975-1928,83 Bashford Junction,Quípama,,Colombia,155028
Astra,Bendtsen,24,abendtsen4j@php.net,248-679-1330,8 Ramsey Road,Goodlands,,Mauritius,
Theo,Clemens,22,tclemens4k@gizmodo.com,223-544-8975,7103 Westridge Pass,Lobuni,,Ethiopia,
Bealle,Unwins,56,bunwins4l@businessinsider.com,290-683-7877,4 Sheridan Alley,Rungkang,,Indonesia,
Lilith,Pllu,60,lpllu4m@de.vu,513-391-5990,45 Macpherson Pass,Duqiao,,China,
Ailene,Dagworthy,42,adagworthy4n@weather.com,366-857-6871,8 Artisan Point,Lasehao,,Indonesia,
Jaime,Mardoll,63,jmardoll4o@reddit.com,593-208-7014,7294 Carey Crossing,Krolevets’,,Ukraine,
Giacopo,Lamb,37,glamb4p@dyndns.org,637-419-4352,05 International Alley,Nanger,,Indonesia,
Lilllie,Gillibrand,56,lgillibrand4q@engadget.com,842-741-6614,977 Sullivan Pass,Kowala,,Poland,26-680
Philis,Hatherleigh,64,phatherleigh4r@home.pl,118-868-1764,66091 Scoville Place,Pingtan,,China,
Boy,Bedenham,44,bbedenham4s@sbwire.com,774-829-7331,3336 Crest Line Avenue,Juegang,,China,
Ilyssa,O'Fairy,61,iofairy4t@mtv.com,768-909-6433,23 Parkside Terrace,Weiyuan,,China,
Clerkclaude,Yegorkin,36,cyegorkin4u@ucsd.edu,775-186-5584,39662 Carberry Terrace,Breia,Braga,Portugal,4830-433
Jamil,Audley,24,jaudley4v@flavors.me,132-491-1938,937 Little Fleur Road,Caldelas,Leiria,Portugal,2420-055
Jeannie,Gloyens,57,jgloyens4w@trellian.com,324-921-1570,72 Vernon Center,Sułów,,Poland,56-306
Wilone,Lubomirski,66,wlubomirski4x@edublogs.org,441-542-5399,70969 Lake View Point,Blagoveshchensk,,Russia,675029
Elsi,Avrahamof,39,eavrahamof4y@123-reg.co.uk,242-160-1550,0414 Lyons Alley,Maralik,,Armenia,
Brynna,Alltimes,58,balltimes4z@themeforest.net,513-714-6713,4989 Colorado Trail,Hongyanxi,,China,
Hewe,Axtell,71,haxtell50@shutterfly.com,742-364-3584,3580 Green Ridge Place,Wangqu,,China,
Evangelia,Heggie,75,eheggie51@blog.com,353-976-7073,2 Kipling Road,Police nad Metují,,Czech Republic,549 54
Viki,Claypole,39,vclaypole52@ustream.tv,532-981-6904,968 Susan Crossing,Le Mans,Pays de la Loire,France,72091 CEDEX 9
Harbert,Heselwood,30,hheselwood53@freewebs.com,783-853-1311,6 Doe Crossing Road,Jiangwan,,China,
Ruthanne,Gault,35,rgault54@usa.gov,690-113-1050,1175 Dapin Terrace,Tuusniemi,,Finland,71201
Monique,Bowker,47,mbowker55@cloudflare.com,503-209-9392,9 International Drive,Wuxiang,,China,
Lara,Simcock,45,lsimcock56@linkedin.com,965-476-2904,1494 Chive Center,Orlová,,Czech Republic,717 00
Lovell,Pierpoint,83,lpierpoint57@soundcloud.com,250-474-9816,688 5th Terrace,Nielisz,,Poland,22-413
Gil,Bulfit,51,gbulfit58@friendfeed.com,980-299-8744,6988 Dottie Alley,Slovenski Javornik,,Slovenia,4274
Peri,Ambrogetti,48,pambrogetti59@yahoo.com,451-399-1279,68 Superior Avenue,Zhongxing,,China,
Marillin,Mulder,80,mmulder5a@wikimedia.org,317-595-0792,813 Oriole Parkway,Khulna,,Bangladesh,9242
Sadye,Ride,59,sride5b@imdb.com,111-937-8191,2262 Pepper Wood Center,Madalena do Mar,Ilha da Madeira,Portugal,9360-413
Hildegaard,Harber,59,hharber5c@i2i.jp,668-649-2460,0680 Carberry Junction,Voyutychi,,Ukraine,
Kristopher,Overstall,47,koverstall5d@about.com,411-887-7515,4 Southridge Avenue,Vegachí,,Colombia,052837
Bellina,Rackley,81,brackley5e@kickstarter.com,413-657-7213,45744 Crescent Oaks Hill,Paulínia,,Brazil,13140-000
Hubey,Barajas,55,hbarajas5f@loc.gov,730-919-5924,591 Harper Park,Maicao,,Colombia,442009
Donny,Jeschner,81,djeschner5g@weibo.com,682-801-6828,63216 Ohio Alley,Jatipamor,,Indonesia,
Allis,Cuffe,62,acuffe5h@google.de,978-459-2657,9 Delaware Way,Yangping,,China,
Skylar,Pickthorn,71,spickthorn5i@istockphoto.com,601-602-6872,85464 David Lane,Krajan Srigonco,,Indonesia,
Neil,Lurcock,63,nlurcock5j@slideshare.net,186-731-0817,89500 Westport Lane,Jiangtian,,China,
Jed,Yokelman,63,jyokelman5k@ehow.com,640-793-1154,44 Marcy Center,Almafuerte,,Argentina,3317
George,Stacey,56,gstacey5l@slashdot.org,906-704-6923,6648 Lindbergh Avenue,Marinhais,Santarém,Portugal,2125-106
Oswell,Lubomirski,83,olubomirski5m@dagondesign.com,448-370-6557,74 Vahlen Pass,Palermo,Sicilia,Italy,90129
Lorain,Chipperfield,30,lchipperfield5n@uol.com.br,771-717-0735,63 Colorado Park,Vostryakovo,,Russia,141662
Jorry,Trevallion,30,jtrevallion5o@epa.gov,798-448-6295,534 Dakota Pass,Duraykīsh,,Syria,
Riva,Ablitt,74,rablitt5p@bloomberg.com,243-979-1636,045 Meadow Valley Road,Liangdong,,China,
Florencia,Harback,71,fharback5q@4shared.com,722-834-7981,6 Birchwood Terrace,Gaosheng,,China,
Ira,Tiffany,74,itiffany5r@unblog.fr,942-917-3926,155 Stephen Street,Rābigh,,Saudi Arabia,
Clari,Joffe,80,cjoffe5s@phpbb.com,673-676-5683,505 Crowley Court,Sanhui,,China,
Barnaby,Sharma,57,bsharma5t@live.com,185-507-1327,35 Blaine Terrace,Pasirpanjang,,Indonesia,
Jackelyn,Diehn,27,jdiehn5u@fema.gov,289-222-8694,25 Karstens Lane,Ciriri,,Indonesia,
Waldemar,Antognazzi,57,wantognazzi5v@odnoklassniki.ru,588-930-3453,3 Manley Way,Jingyang,,China,
Ainsley,Berry,61,aberry5w@nytimes.com,402-263-7228,0 Sachs Avenue,Solomenskoye,,Russia,357937
Shepperd,Crankshaw,55,scrankshaw5x@prweb.com,696-982-9520,1 Evergreen Plaza,Dalu,,China,
Melicent,Robjant,46,mrobjant5y@dmoz.org,626-532-8612,453 Stuart Street,Forquilhinha,,Brazil,88850-000
Kirk,Scholtz,65,kscholtz5z@exblog.jp,837-425-6522,6946 Pine View Place,Blagoveshchenka,,Russia,658670
Adrian,Strelitzki,30,astrelitzki60@usa.gov,818-757-1150,7 Rieder Park,Saint-Claude,Franche-Comté,France,39209 CEDEX
Jennica,Ainscough,74,jainscough61@statcounter.com,663-104-4438,87 Packers Trail,Rasi Salai,,Thailand,33160
Rodolph,Bonifacio,60,rbonifacio62@google.ru,578-557-6256,9 Dennis Park,Forshaga,Värmland,Sweden,667 30
Lark,Langford,60,llangford63@cnet.com,263-620-2915,003 Schurz Road,Balfour,,South Africa,2410
Cyril,Jeanes,81,cjeanes64@dedecms.com,434-317-8274,744 Oak Valley Plaza,Laojunmiao,,China,
Fayre,Mucklow,72,fmucklow65@virginia.edu,643-797-1674,3568 Hoffman Terrace,Mayakovski,,Armenia,
Mikkel,Atterbury,20,matterbury66@twitter.com,942-686-5130,34 Meadow Vale Terrace,Xilinji,,China,
Jean,Fergyson,36,jfergyson67@lulu.com,686-379-7010,30 Mayfield Trail,Millet,Alberta,Canada,T8C
Helyn,Orhrt,23,horhrt68@twitpic.com,987-309-7300,1 Oneill Terrace,Sakhipur,,Bangladesh,1950
Hannah,Downgate,73,hdowngate69@jalbum.net,485-421-6987,815 Division Center,Salvacion,,Philippines,1114
Merrick,Metham,48,mmetham6a@xrea.com,812-954-4994,9 Blaine Drive,Alīpur,,Pakistan,34451
Ranique,Peegrem,55,rpeegrem6b@ebay.com,644-409-4857,6 Anthes Pass,Songjiang,,China,
Remy,Stockport,47,rstockport6c@statcounter.com,152-738-6802,1 Oneill Lane,Besuki,,Indonesia,
Ali,Gordon,28,agordon6d@addthis.com,341-457-6080,3456 Norway Maple Terrace,Santa Rosa,,Peru,
Jazmin,Grindall,25,jgrindall6e@squarespace.com,133-269-5388,73 Carpenter Park,Haputale,,Sri Lanka,90160
Aubrey,Cawthery,24,acawthery6f@google.fr,748-109-6928,815 Southridge Avenue,Desa Gegempalan,,Indonesia,
Benjamen,Jorissen,54,bjorissen6g@ihg.com,362-436-6137,20352 Morrow Lane,Qelëz,,Albania,
Karola,Tutsell,83,ktutsell6h@indiatimes.com,890-173-5404,16515 Nancy Street,Leiden,Provincie Zuid-Holland,Netherlands,2329
Burg,Choak,62,bchoak6i@sciencedaily.com,960-198-4905,514 Anzinger Avenue,Beoga,,Indonesia,
Erny,Eisold,83,eeisold6j@npr.org,825-772-9311,8 Portage Hill,Guacara,,Venezuela,
Layla,Tutton,81,ltutton6k@newyorker.com,515-530-3071,96076 Old Shore Drive,Ngarus,,Indonesia,
Bryon,O'Malley,30,bomalley6l@yahoo.co.jp,491-469-9920,83884 East Trail,Butou,,China,
Tammara,Turland,72,tturland6m@pbs.org,602-675-6513,25 Delladonna Plaza,Phoenix,Arizona,United States,85099
Judon,Mennear,25,jmennear6n@marriott.com,336-362-9657,79850 Sommers Trail,Qufu,,China,
Davis,Knibb,60,dknibb6o@comcast.net,280-147-7885,0820 Reinke Junction,Öndörhoshuu,,Mongolia,
Eartha,Beecroft,58,ebeecroft6p@qq.com,773-651-7389,4800 Sherman Terrace,Malandag,,Philippines,1621
Rhiamon,Donneely,64,rdonneely6q@youku.com,371-876-7818,03170 Hansons Court,Port Glaud,,Seychelles,
Kathleen,Tirone,72,ktirone6r@fotki.com,263-295-9614,9 Meadow Ridge Point,Alajuelita,,Costa Rica,11001
Florrie,Overbury,80,foverbury6s@usda.gov,130-722-4565,38 Towne Court,Kalaxilike,,China,
Jae,Alp,78,jalp6t@g.co,725-117-2290,4228 Trailsway Plaza,Kuantan,Pahang,Malaysia,25508
Gardy,Labb,69,glabb6u@domainmarket.com,173-907-4111,73568 Fuller Junction,Telpaneca,,Nicaragua,
Son,Burley,19,sburley6v@163.com,136-621-1859,405 Eagle Crest Place,Kari,,Nigeria,
Zaneta,Blanshard,75,zblanshard6w@vinaora.com,619-550-1808,1675 Cambridge Plaza,San Diego,California,United States,92153
Ruy,Linnard,43,rlinnard6x@hud.gov,725-710-0848,80133 Debra Alley,Pangkungparuk,,Indonesia,
Corenda,Bartos,83,cbartos6y@google.com.br,872-599-0167,78627 Macpherson Plaza,Manamrag,,Philippines,6811
Whitby,Poundsford,25,wpoundsford6z@va.gov,670-302-5916,131 Mandrake Avenue,Villeneuve-d'Ascq,Nord-Pas-de-Calais,France,59652 CEDEX
Rutledge,Halfhead,36,rhalfhead70@sohu.com,392-422-7606,806 Southridge Pass,Lengkeng,,China,
Essie,Alldred,84,ealldred71@oaic.gov.au,356-187-3879,38524 Service Avenue,Satuek,,Thailand,31150
Roderigo,Kinsey,34,rkinsey72@dropbox.com,875-240-7014,7 Ohio Street,Mamfe,,Cameroon,
Clement,Cronkshaw,64,ccronkshaw73@miitbeian.gov.cn,881-488-4312,161 Redwing Trail,Mayrtup,,Russia,366319
Kirk,Heymann,19,kheymann74@zimbio.com,828-296-6418,8830 Corben Way,Umeå,Västerbotten,Sweden,903 01
Glenn,Toffalo,69,gtoffalo75@bbc.co.uk,776-494-9199,186 Stephen Center,Jacareí,,Brazil,12300-000
Janene,Tregensoe,67,jtregensoe76@shareasale.com,136-117-6020,09938 Mallory Place,Suqin Huimin,,China,
Antonella,Gillani,55,agillani77@virginia.edu,574-939-8309,98620 Larry Park,Uarini,,Brazil,69485-000
Christian,Braiden,57,cbraiden78@spiegel.de,930-484-6612,062 Riverside Circle,Laojiangjunjie,,China,
Uriel,Muskett,83,umuskett79@privacy.gov.au,103-884-0356,1005 Melrose Court,Sibayo,,Peru,
Frasco,Adair,50,fadair7a@bbb.org,977-907-8503,3274 Ilene Pass,Gucheng,,China,
Martelle,Grimwad,68,mgrimwad7b@prlog.org,770-365-6857,8 Graedel Road,Ailigandí,,Panama,
Fionnula,Farress,65,ffarress7c@elegantthemes.com,906-909-3361,17937 Walton Point,Payapa,,Philippines,5002
Granger,Arrol,53,garrol7d@twitter.com,482-434-4174,30 Mcguire Road,Brloh,,Czech Republic,535 01
Walden,Staning,59,wstaning7e@trellian.com,561-997-3891,5 Clyde Gallagher Way,Jiangkou,,China,
Celinka,Tompkiss,38,ctompkiss7f@google.com.br,231-649-9997,09958 Schiller Road,Orsha,,Russia,170513
Lane,McKmurrie,23,lmckmurrie7g@jalbum.net,992-258-0673,07 Tennyson Junction,Qila Abdullāh,,Pakistan,86201
Sher,Leslie,56,sleslie7h@t-online.de,324-919-6076,885 Larry Trail,Solotcha,,Russia,391133
Suzanna,Greveson,34,sgreveson7i@illinois.edu,166-996-0782,554 Brown Plaza,Sambir,,Ukraine,
Dyane,Busek,70,dbusek7j@businesswire.com,635-296-3121,234 Mendota Way,Leiyang,,China,
Lin,Aust,49,laust7k@pcworld.com,303-114-4715,87694 Logan Pass,San Marcos,,Guatemala,12001
Don,Wait,49,dwait7l@lycos.com,723-712-8333,146 Old Gate Pass,Tegalgede,,Indonesia,
Iver,Fattorini,46,ifattorini7m@wikipedia.org,872-357-1608,97 Leroy Hill,Chelopech,,Bulgaria,2087
Hayward,O'Loinn,42,holoinn7n@geocities.jp,862-718-4270,9190 Autumn Leaf Street,La Asunción,,Costa Rica,40703
Gwenora,Izkovicz,79,gizkovicz7o@admin.ch,279-780-9195,29 Del Mar Point,El Carmen,,Colombia,547079
Lethia,Rickeard,73,lrickeard7p@rakuten.co.jp,533-795-2821,2233 Spenser Street,Dan Khun Thot,,Thailand,30210
Ardenia,Yushmanov,26,ayushmanov7q@wired.com,572-167-1186,3337 Waubesa Trail,Lalig,,Philippines,4325
Gradey,Sharpe,58,gsharpe7r@bloglines.com,814-539-0908,51 Main Road,Banjar Pekandelan,,Indonesia,
Shana,Charter,57,scharter7s@paginegialle.it,130-573-2047,72515 Elmside Terrace,Sampaio,Setúbal,Portugal,2970-137
Raleigh,Danser,54,rdanser7t@wikimedia.org,776-188-7020,675 Shoshone Drive,Itupiranga,,Brazil,68580-000
Elianore,De Bischof,37,edebischof7u@yellowpages.com,875-431-9446,209 Talmadge Court,Stockholm,Stockholm,Sweden,102 63
Hubert,Woodnutt,50,hwoodnutt7v@4shared.com,452-599-2856,75 Johnson Street,Nestório,,Greece,
Marget,Ingles,25,mingles7w@nymag.com,595-536-2020,5 Havey Way,La Unión,,Colombia,055028
Pasquale,Langshaw,29,plangshaw7x@cargocollective.com,881-196-4029,27 Hanson Pass,Higashimurayama-shi,,Japan,359-1144
Danielle,Saywood,67,dsaywood7y@slideshare.net,719-458-6149,1 Thierer Point,Canaman,,Philippines,4402
Junina,Verdy,18,jverdy7z@rakuten.co.jp,225-817-6326,1752 Coleman Road,Pallasovka,,Russia,404264
Haily,Juliff,37,hjuliff80@github.com,955-701-4099,29 Twin Pines Drive,Chlumec,,Czech Republic,403 39
Tamera,Newbury,32,tnewbury81@auda.org.au,482-735-9503,7 Upham Way,Iizuka,,Japan,820-1114
Quintana,Drowsfield,74,qdrowsfield82@exblog.jp,682-668-4213,93 Lake View Alley,Fort Worth,Texas,United States,76115
Jasmine,Whitmell,41,jwhitmell83@people.com.cn,452-733-5476,21 Everett Trail,Yiánnouli,,Greece,
Pansie,Dizlie,56,pdizlie84@adobe.com,528-953-7698,21492 Hallows Court,Lamas,Braga,Portugal,4830-411
Anatol,Ferrarotti,23,aferrarotti85@latimes.com,852-360-2133,26059 Kinsman Avenue,Tuba,,China,
Neill,Moriarty,56,nmoriarty86@va.gov,268-743-2166,4 Buena Vista Road,Qabaqçöl,,Azerbaijan,
Addy,McGragh,28,amcgragh87@ca.gov,622-717-7083,02 Basil Center,Yakovlevo,,Russia,215723
Kliment,Choulerton,83,kchoulerton88@noaa.gov,516-518-5624,634 Hoffman Lane,Port Washington,New York,United States,11054
Ella,Tetlow,47,etetlow89@i2i.jp,609-230-9074,468 Glendale Plaza,Rueil-Malmaison,Île-de-France,France,92504 CEDEX
Kassi,Rycraft,82,krycraft8a@wordpress.org,790-743-5604,012 Mifflin Hill,Sampir,,Indonesia,
Hermon,Rann,74,hrann8b@blogtalkradio.com,675-758-1204,123 Sutherland Parkway,Naga,,Philippines,7004
Carolynn,McPhater,78,cmcphater8c@lulu.com,939-955-7779,872 Fairfield Street,Shazhou,,China,
Wylie,Quogan,43,wquogan8d@dagondesign.com,721-563-6595,39695 Fair Oaks Park,Xintian,,China,
Crista,Bugdale,19,cbugdale8e@epa.gov,397-933-1209,95 2nd Drive,Vadstena,Östergötland,Sweden,592 40
Mae,Joskowitz,50,mjoskowitz8f@diigo.com,913-508-9789,72885 Forest Junction,Cantoria,,Philippines,2517
Jolee,Lowes,83,jlowes8g@npr.org,700-713-8391,768 Grayhawk Circle,Yihe,,China,
Debora,Viner,73,dviner8h@sbwire.com,851-192-8899,44423 Bluejay Court,Torres,,Brazil,95560-000
Anderea,Laffan,48,alaffan8i@usnews.com,904-916-2862,48934 Hovde Park,Jacksonville,Florida,United States,32277
Tessy,Earey,57,tearey8j@foxnews.com,724-507-8429,33529 Gateway Trail,Itaguaçu,,Brazil,29690-000
Emelen,Paumier,25,epaumier8k@guardian.co.uk,266-793-9294,35 Transport Center,Gugut,,Indonesia,
Michaella,Castro,47,mcastro8l@sitemeter.com,982-736-7528,53843 Springview Hill,Mpumalanga,,South Africa,2410
Josey,Threadkell,74,jthreadkell8m@bandcamp.com,943-136-7659,760 Kipling Crossing,Skövde,Västra Götaland,Sweden,541 07
Correy,Wixey,84,cwixey8n@senate.gov,184-432-4501,908 Meadow Ridge Plaza,Al Jahrā’,,Kuwait,
Suzie,Dobrowlski,25,sdobrowlski8o@msn.com,721-106-8732,5 Ridge Oak Pass,Gällivare,Norrbotten,Sweden,982 81
Anna,Addionizio,56,aaddionizio8p@patch.com,412-531-1746,1 Bonner Road,Pittsburgh,Pennsylvania,United States,15220
Tad,Doorbar,51,tdoorbar8q@google.com,695-925-1251,28219 Welch Alley,Sam Phran,,Thailand,73110
Suzette,Wallwood,45,swallwood8r@opensource.org,396-593-8415,8 Victoria Terrace,Wenchang,,China,
Gretal,O'Bradden,42,gobradden8s@ow.ly,106-177-9552,07194 Weeping Birch Pass,Tuxi,,China,
Jammal,Andryushin,48,jandryushin8t@ocn.ne.jp,311-446-5998,603 New Castle Court,Yaodu,,China,
Catriona,Shopcott,80,cshopcott8u@photobucket.com,652-919-4352,3173 Tennyson Road,Ramiriquí,,Colombia,153457
Jojo,Rosenbusch,61,jrosenbusch8v@independent.co.uk,760-633-0275,7 Oriole Lane,Recife,,Brazil,50000-000
Clifford,Ferreras,38,cferreras8w@wired.com,349-241-3159,71 Dakota Hill,Kaznějov,,Czech Republic,331 51
Tam,Yerill,43,tyerill8x@wiley.com,249-669-0586,845 Arrowood Road,Queluz,Lisboa,Portugal,2745-005
Denise,Verrills,24,dverrills8y@zimbio.com,532-411-3294,3 Garrison Junction,Vis,,Croatia,21480
Vonni,Faber,68,vfaber8z@opensource.org,790-600-0186,75262 Laurel Crossing,Karakabak,,China,
Forster,Gateman,21,fgateman90@yale.edu,937-281-4567,40928 Oxford Crossing,Gaotian,,China,
Indira,McPhail,24,imcphail91@apache.org,471-130-5705,8 Welch Hill,Yamaranguila,,Honduras,
Belle,Braker,23,bbraker92@odnoklassniki.ru,233-857-5491,7610 Westport Avenue,Kérkyra,,Greece,
Judye,Thow,55,jthow93@1und1.de,855-218-9318,1089 Marcy Avenue,Pulupandan,,Philippines,6102
Nathan,Gerssam,45,ngerssam94@dailymail.co.uk,240-950-1343,228 Little Fleur Pass,Muleba,,Tanzania,
Lucian,Cheltnam,18,lcheltnam95@netlog.com,537-317-0871,76 Ramsey Road,Hödrögö,,Mongolia,
Donelle,Climar,25,dclimar96@army.mil,803-182-2861,0588 Westridge Court,Columbia,South Carolina,United States,29215
Byrom,Bondesen,35,bbondesen97@techcrunch.com,344-325-2369,4 Iowa Avenue,Nabīnagar,,Bangladesh,3410
Jaclyn,Haslam,57,jhaslam98@mozilla.com,608-385-4629,36151 Northfield Drive,Tuateta,,Indonesia,
Sly,Murrish,58,smurrish99@yandex.ru,487-963-0605,5 Ludington Drive,Enköping,Uppsala,Sweden,745 33
Lindsy,Menego,75,lmenego9a@devhub.com,404-958-1428,038 Memorial Road,Krajan,,Indonesia,
Pepita,Staff,29,pstaff9b@facebook.com,228-564-7584,8 Center Crossing,Akkol’,,Kazakhstan,
Garrett,Jerg,85,gjerg9c@posterous.com,796-481-6417,818 Summerview Hill,Taobei,,China,
Krysta,Ben,76,kben9d@cnbc.com,565-466-1565,83590 Lakewood Gardens Parkway,Baranowo,,Poland,06-320
Christiana,Toffel,52,ctoffel9e@live.com,883-830-2124,39256 Carpenter Point,Santo Domingo Oeste,,Dominican Republic,11205
Pearle,Skurm,62,pskurm9f@senate.gov,815-939-0240,77 New Castle Crossing,Pogwizdów,,Poland,43-418
Hamilton,Prosch,37,hprosch9g@bandcamp.com,931-155-2561,9 Thierer Crossing,Chaoshui,,China,
Fedora,Warrillow,60,fwarrillow9h@sphinn.com,658-468-0400,09 Lukken Center,Hanyū,,Japan,374-0055
Emlen,Tincombe,23,etincombe9i@reddit.com,766-860-5322,31 Brentwood Hill,Khomutovo,,Russia,664540
Katey,Cornbill,18,kcornbill9j@businessinsider.com,702-664-2812,47 Doe Crossing Center,Robertsport,,Liberia,
Grete,Drinkhill,43,gdrinkhill9k@homestead.com,657-494-9939,9620 Spenser Park,Jiancheng,,China,
Gwendolyn,Kybbye,27,gkybbye9l@marketwatch.com,713-288-8160,85300 Darwin Street,Pasirmukti,,Indonesia,
Binni,Kibbee,39,bkibbee9m@theguardian.com,458-445-9056,9 Sutherland Street,Avellaneda,,Argentina,5212
Alvera,Dunne,55,adunne9n@japanpost.jp,830-448-8592,5621 Northridge Crossing,Cavaillon,Provence-Alpes-Côte d'Azur,France,84304 CEDEX
Greta,Dalgleish,42,gdalgleish9o@economist.com,442-271-9082,78603 Marquette Trail,Žrnovnica,,Croatia,21251
Manuel,Lawrie,83,mlawrie9p@mediafire.com,461-577-9028,35 Buhler Place,Caieiras,,Brazil,07700-000
Margot,Cator,53,mcator9q@fda.gov,364-113-6286,57 Manufacturers Junction,Hongqi,,China,
Catie,Tredgold,50,ctredgold9r@jimdo.com,457-628-9529,9732 Clove Plaza,Paine,,Chile,
Pia,Garling,68,pgarling9s@csmonitor.com,328-404-1866,612 Duke Hill,Markivka,,Ukraine,
Nancee,Delacourt,58,ndelacourt9t@quantcast.com,995-251-4701,79 Merchant Pass,Huxiaoqiao,,China,
Sheelah,Leuty,84,sleuty9u@nymag.com,343-887-7589,9 Morningstar Plaza,Azovo,,Russia,646880
Constantia,Nutting,22,cnutting9v@japanpost.jp,962-186-0129,205 Dahle Plaza,Duboka,,Serbia,
Isador,Scorey,85,iscorey9w@live.com,887-129-3641,83 Hudson Road,Huanghuatan,,China,
Wiley,Newdick,73,wnewdick9x@google.com,928-951-5388,74 Bunker Hill Parkway,Jargalant,,Mongolia,
Stefa,Blasl,42,sblasl9y@hp.com,191-203-5969,45196 Lotheville Circle,Turinsk,,Russia,623900
Korrie,Ipsgrave,56,kipsgrave9z@foxnews.com,131-721-0493,2 Fuller Hill,Shapaja,,Peru,
Paule,Yvon,29,pyvona0@shinystat.com,941-180-8432,94 Michigan Road,San Sebastian,Chiapas,Mexico,29950
Bennie,Ragless,82,braglessa1@xinhuanet.com,745-658-5295,830 Tennessee Center,Baisha,,China,
May,Juschke,70,mjuschkea2@privacy.gov.au,808-327-4752,9908 Ilene Lane,Shali,,Russia,366309
Ophelie,Doyley,80,odoyleya3@theglobeandmail.com,507-146-3807,81 Merrick Road,Telsen,,Argentina,9121
Vanda,Swains,54,vswainsa4@deviantart.com,322-952-2150,31 Continental Drive,São Lourenço da Mata,,Brazil,54700-000
Dru,Ponten,68,dpontena5@deviantart.com,627-165-5815,28042 Hovde Trail,Uspenskoye,,Russia,352450
Bevan,Huggett,83,bhuggetta6@sciencedaily.com,828-496-1525,32 Cordelia Parkway,Tečovice,,Czech Republic,763 02
Rafaela,Buggy,68,rbuggya7@a8.net,608-414-3717,90432 Sommers Drive,Qiansuo,,China,
Gabriello,Brydie,23,gbrydiea8@nba.com,954-757-2591,1302 Oriole Street,Ugep,,Nigeria,
Berthe,Sleight,25,bsleighta9@senate.gov,463-382-8743,39514 Northland Drive,Stockholm,Stockholm,Sweden,103 16
Zeke,Pawson,47,zpawsonaa@who.int,404-932-0364,84482 Ridge Oak Pass,Loštice,,Czech Republic,789 83
Lewes,Caulder,73,lcaulderab@e-recht24.de,470-383-7533,20910 Lyons Point,San Carlos,,Colombia,232517
Ham,Fenge,58,hfengeac@eventbrite.com,687-305-5007,09 Cody Terrace,Buzuluk,,Russia,461059
Clarice,Gilliam,31,cgilliamad@purevolume.com,710-302-9226,074 Orin Trail,Lypova Dolyna,,Ukraine,
Stacee,Bidnall,64,sbidnallae@economist.com,879-562-3674,59290 Basil Junction,Sarankhola,,Bangladesh,9330
Immanuel,McKinn,82,imckinnaf@si.edu,894-979-5193,41 Kinsman Avenue,Tawa,,China,
Rosalyn,Gentzsch,69,rgentzschag@last.fm,828-164-9455,7 Merchant Way,Abade de Neiva,Braga,Portugal,4750-005
Bobby,Mingey,53,bmingeyah@instagram.com,586-872-4082,141 Sugar Crossing,Tsagaan-Owoo,,Mongolia,
Bert,Bantham,52,bbanthamai@angelfire.com,941-730-9814,51844 Melvin Point,Kertasari,,Indonesia,
Northrup,Curtin,26,ncurtinaj@comsenz.com,266-598-7960,2438 Cambridge Lane,Mocajuba,,Brazil,68420-000
Thebault,Robertz,57,trobertzak@sogou.com,817-803-5869,50568 Fallview Plaza,Taounate,,Morocco,
Rod,Postans,18,rpostansal@merriam-webster.com,896-915-1206,700 Coolidge Avenue,Caleta Cruz,,Peru,
Kalinda,Dalziell,82,kdalziellam@guardian.co.uk,748-392-8638,26521 Alpine Pass,Novocheboksarsk,,Russia,429959
Claudia,Style,59,cstylean@reddit.com,517-988-0346,700 Superior Plaza,Erba,,China,
Carrissa,Tutchell,75,ctutchellao@yahoo.co.jp,178-135-8014,89749 Monument Lane,La Carlota,,Philippines,6130
Marsha,Upstell,37,mupstellap@example.com,338-560-3362,1530 Fulton Court,Toyohama,,Japan,819-0014
Odell,Voase,58,ovoaseaq@washington.edu,587-755-6840,970 Doe Crossing Crossing,An Châu,,Vietnam,
Angela,Parlatt,34,aparlattar@ycombinator.com,874-319-5871,14966 Banding Junction,Kopang Satu,,Indonesia,
Mal,Inmett,43,minmettas@businessweek.com,140-517-0307,743 Warner Circle,Khagrachhari,,Bangladesh,7407
Nowell,Bruin,42,nbruinat@discovery.com,791-268-6444,5 Ronald Regan Terrace,Banjarmasin,,Indonesia,
Constancia,Byer,51,cbyerau@eepurl.com,621-351-7960,07086 Merchant Pass,San Fernando Apure,,Venezuela,
Nevile,Bernardotti,54,nbernardottiav@ow.ly,427-253-5019,4 Becker Alley,Pepe,,Indonesia,
Cullie,Corking,51,ccorkingaw@bbb.org,386-194-7062,9752 Hooker Point,Eskilstuna,Södermanland,Sweden,635 01
Dru,Comerford,79,dcomerfordax@irs.gov,736-668-1803,912 Becker Crossing,Hidalgo,Coahuila De Zaragoza,Mexico,26060
Cinnamon,Jarrel,37,cjarrelay@instagram.com,202-307-9263,50210 Bluejay Parkway,Washington,District of Columbia,United States,20566
Angie,Clouston,29,acloustonaz@sina.com.cn,236-276-0984,18250 Scott Lane,Krasnyy Oktyabr’,,Russia,601021
Hernando,Perone,72,hperoneb0@usatoday.com,937-333-4904,0 David Park,Pinaring,,Philippines,1110
Violante,Wyne,63,vwyneb1@tripadvisor.com,607-954-4435,7 Dakota Plaza,Elmira,New York,United States,14905
Cobby,Sloper,54,csloperb2@example.com,641-669-6686,34 Pierstorff Terrace,Jhang Sadr,,Pakistan,52051
Germayne,Puddicombe,68,gpuddicombeb3@archive.org,470-269-9927,7 Dunning Plaza,São Luís do Quitunde,,Brazil,57920-000
Denni,Tunnicliff,27,dtunnicliffb4@whitehouse.gov,310-453-6748,4 Killdeer Junction,La Roche-sur-Yon,Pays de la Loire,France,85021 CEDEX
Eziechiele,Braidley,32,ebraidleyb5@microsoft.com,342-617-9392,0184 New Castle Drive,Tegalloa,,Indonesia,
Pascal,Bleakman,59,pbleakmanb6@slashdot.org,509-554-0799,454 Gale Circle,Pinghu,,China,
Alexis,Loddy,33,aloddyb7@unblog.fr,715-889-3120,5405 Sommers Road,Ancona,Marche,Italy,60129
Phillie,Challener,30,pchallenerb8@cbc.ca,848-644-8302,5991 Barby Lane,Altares,Ilha Terceira,Portugal,9700-308
Felix,Sprulls,62,fsprullsb9@nationalgeographic.com,292-104-3519,573 Butternut Point,Gizałki,,Poland,63-308
Tobiah,Tamas,76,ttamasba@weebly.com,738-968-8156,61833 Doe Crossing Way,Yatunpu,,China,
Ainsley,Neligan,70,aneliganbb@php.net,682-310-5367,6120 Melody Lane,E’zhou,,China,
Adelheid,Felmingham,56,afelminghambc@exblog.jp,745-884-8196,2126 Katie Terrace,Magugu,,Tanzania,
Ilse,Simonard,83,isimonardbd@dell.com,651-111-6308,20 Steensland Pass,Saint Paul,Minnesota,United States,55188
Garnet,Roose,39,groosebe@yahoo.com,578-104-9100,25 Leroy Circle,Āshtīān,,Iran,
Rosene,Lathwood,18,rlathwoodbf@bandcamp.com,894-510-8290,2 Mayfield Trail,Křenovice,,Czech Republic,752 01
Morris,Jerke,27,mjerkebg@myspace.com,975-810-7574,461 Lunder Alley,Bulasa,,Philippines,0802
Amandie,Gebhardt,35,agebhardtbh@dagondesign.com,253-807-9533,51 Sunnyside Court,Picton,Ontario,Canada,S0H
Carleton,Urlin,75,curlinbi@un.org,733-597-1559,61 Grasskamp Avenue,Lenīnskīy,,Kazakhstan,
Debera,Nono,20,dnonobj@globo.com,960-917-4436,45 Sheridan Pass,Hongdu,,China,
Arther,Dundredge,76,adundredgebk@imdb.com,808-507-5207,3 Algoma Lane,Honolulu,Hawaii,United States,96805
Julianne,Skillen,22,jskillenbl@auda.org.au,882-561-7572,71313 Ridgeview Crossing,Nizhnepavlovka,,Russia,460508
Phillie,Rown,60,prownbm@alexa.com,989-522-4377,82 Sauthoff Pass,Berlin,Berlin,Germany,10409
Deloria,Richardsson,83,drichardssonbn@mapquest.com,624-134-1668,5 Coolidge Court,Mullsjö,Jönköping,Sweden,565 31
Jorgan,Hrishchenko,70,jhrishchenkobo@squarespace.com,266-828-1457,0 Homewood Park,Jasper Park Lodge,Alberta,Canada,H3R
Georgette,Slowgrove,30,gslowgrovebp@hexun.com,735-926-1429,11 Scoville Street,Khalopyenichy,,Belarus,
Kerby,Nesfield,76,knesfieldbq@vkontakte.ru,595-530-4347,2946 Green Pass,Ampasimanolotra,,Madagascar,
Esther,Moggie,61,emoggiebr@netscape.com,520-970-6198,54 Everett Junction,Qaryat al Qābil,,Yemen,
Currie,Wahner,68,cwahnerbs@telegraph.co.uk,281-601-3063,08 Beilfuss Point,Belford Roxo,,Brazil,26100-000
Julian,Rime,39,jrimebt@opensource.org,427-907-7353,14 Sutherland Lane,Khallat Ḩamāmah,,Palestinian Territory,
Urban,Alkin,73,ualkinbu@arizona.edu,600-797-7758,365 Autumn Leaf Street,Chacapalpa,,Peru,
Mick,Winwright,44,mwinwrightbv@upenn.edu,856-676-3950,7414 Summer Ridge Hill,Zagoryanskiy,,Russia,141143
Ki,Lince,47,klincebw@linkedin.com,102-514-8147,528 Oxford Center,Mostovskoy,,Russia,352574
Emanuel,Seleway,24,eselewaybx@eventbrite.com,895-517-6743,1130 Eliot Junction,San Carlos,,Colombia,232517
Brigham,Jephcott,72,bjephcottby@w3.org,196-911-8413,6217 Shopko Crossing,Ngora,,Uganda,
Chilton,Szymanzyk,52,cszymanzykbz@phoca.cz,821-473-3692,2 Marquette Point,Kapenguria,,Kenya,
Abelard,Surmeyer,35,asurmeyerc0@yale.edu,955-916-7798,83 Hansons Alley,Nice,Provence-Alpes-Côte d'Azur,France,06016 CEDEX 1
Winston,Gore,35,wgorec1@thetimes.co.uk,778-940-9463,90 Holy Cross Road,Binulasan,,Philippines,6712
Thomasine,Barkway,42,tbarkwayc2@smugmug.com,839-750-9893,621 Anthes Place,Chikeng,,China,
Suzi,Pragnell,65,spragnellc3@indiatimes.com,534-487-0864,5430 4th Way,Doko,,Indonesia,
Hirsch,Kowal,77,hkowalc4@webs.com,332-426-5806,57262 Eastlawn Court,Sitularang Landeuh,,Indonesia,
Taryn,Krates,27,tkratesc5@springer.com,374-124-1836,33128 Pennsylvania Lane,Kraslice,,Czech Republic,358 01
Melodee,Nulty,50,mnultyc6@networkadvertising.org,990-827-4231,2691 Kingsford Lane,Xin’an,,China,
Portie,Rassell,52,prassellc7@cargocollective.com,295-845-7228,0 Shasta Parkway,Pinoma,,Philippines,3404
Cleon,Adenet,49,cadenetc8@ted.com,261-610-8775,0 Cherokee Plaza,Bacheng,,China,
Cletus,Attwool,70,cattwoolc9@nyu.edu,778-949-3772,72 Grasskamp Point,Corupá,,Brazil,89280-000
Inga,Frigout,71,ifrigoutca@tinypic.com,387-649-5739,9 Manley Junction,Xinkai,,China,
Grantham,Bauer,84,gbauercb@cnbc.com,553-261-3160,36 Dovetail Trail,Huangsangkou,,China,
Georgina,Durrans,34,gdurranscc@princeton.edu,814-110-7460,82489 Vermont Junction,Ampelókipoi,,Greece,
Ximenez,Fellgate,68,xfellgatecd@hostgator.com,430-766-2628,49 Roxbury Parkway,Oranjestad,,"Bonaire, Saint Eustatius and Saba ",
Mic,Rhelton,38,mrheltonce@jalbum.net,738-154-6602,46464 Westport Park,Sukmoilang,,Indonesia,
Kial,Jell,18,kjellcf@cloudflare.com,343-688-0231,21866 Leroy Park,Yekimovichi,,Russia,216533
Vivyanne,Denman,64,vdenmancg@intel.com,614-343-4068,1 Buhler Park,Itaboraí,,Brazil,24800-000
Clim,Comusso,63,ccomussoch@odnoklassniki.ru,719-318-9475,309 Farmco Point,Colorado Springs,Colorado,United States,80920
Matt,Spilsbury,22,mspilsburyci@npr.org,696-806-7751,318 Derek Point,Sihe,,China,
Ralph,Binyon,18,rbinyoncj@businessweek.com,425-918-4822,9879 Paget Parkway,Mundolsheim,Alsace,France,67454 CEDEX
Sylvan,Creaven,37,screavenck@ihg.com,957-199-1119,95685 Loeprich Drive,Sanjō,,Japan,959-1146
Karlotta,Heath,73,kheathcl@ihg.com,243-608-3520,90 Magdeline Hill,Örebro,Örebro,Sweden,701 81
Georgie,Gribbin,25,ggribbincm@wordpress.org,156-370-3450,37 Lunder Road,Santa Ana,,Venezuela,
Adan,Anniwell,21,aanniwellcn@usda.gov,831-998-2856,4 Straubel Park,Tovarkovskiy,,Russia,301822
Valerie,Noah,20,vnoahco@utexas.edu,426-961-8843,8 Prentice Circle,Pasirdalem,,Indonesia,
Belinda,Bothwell,47,bbothwellcp@mashable.com,625-727-0827,2680 Red Cloud Crossing,Kepel,,Indonesia,
Hannah,Meers,25,hmeerscq@dyndns.org,357-300-2725,7734 Hayes Place,Genyem,,Indonesia,
Breanne,Everard,61,beverardcr@cnet.com,367-870-4606,10 North Center,Verkhozim,,Russia,442443
Marv,Fidian,20,mfidiancs@vkontakte.ru,929-839-3426,7494 Old Gate Center,Řehlovice,,Czech Republic,403 13
Normy,Meece,30,nmeecect@jigsy.com,409-477-8884,34757 Dawn Park,Frashër,,Albania,
Mady,Safell,76,msafellcu@craigslist.org,801-212-7864,03026 Messerschmidt Court,Bošnjaci,,Croatia,32275
Norby,Killgus,22,nkillguscv@bigcartel.com,195-966-6601,9709 Hooker Trail,Ōmamachō-ōmama,,Japan,379-2314
Maurits,Newick,84,mnewickcw@prnewswire.com,232-818-4049,91 Boyd Point,Pingxiang,,China,
Gardy,Braven,46,gbravencx@cmu.edu,825-361-3188,35353 Crescent Oaks Park,Arevik,,Armenia,
Moshe,Mogg,42,mmoggcy@harvard.edu,278-495-2327,963 Claremont Plaza,Xubao,,China,
Aldis,Tustin,45,atustincz@go.com,783-131-7166,808 Bashford Park,Bočar,,Serbia,
Wye,Laux,33,wlauxd0@wordpress.org,724-739-2547,5 Pearson Trail,Falun,Dalarna,Sweden,791 55
Kandace,Cumbers,30,kcumbersd1@dmoz.org,969-479-3552,5787 Marcy Pass,Kesheng,,China,
Helga,Camel,23,hcameld2@bloglines.com,522-403-2578,55228 David Terrace,San Ramón de la Nueva Orán,,Argentina,4530
Riccardo,Pert,42,rpertd3@chicagotribune.com,718-706-3117,40069 Texas Avenue,Bronx,New York,United States,10459
Xenos,Rowett,66,xrowettd4@senate.gov,386-867-7186,6633 Warrior Way,Nagareyama,,Japan,270-0164
Fianna,Corner,81,fcornerd5@exblog.jp,269-151-7304,9740 South Crossing,Bralin,,Poland,63-640
Hillary,Burgill,30,hburgilld6@forbes.com,212-606-0607,55 Glendale Plaza,Rominimbang,,Philippines,9614
Annalise,Mithon,63,amithond7@quantcast.com,629-436-2127,7 Colorado Center,Buqei‘a,,Israel,
Cullie,Whebell,30,cwhebelld8@discovery.com,914-899-9253,401 Hanover Lane,Youyun,,China,
Jessie,Labbez,33,jlabbezd9@webnode.com,278-358-3706,27328 Jana Terrace,Monasterevin,,Ireland,W34
Yoshiko,Parfett,73,yparfettda@who.int,915-753-3201,16244 North Lane,Shijia,,China,
Hew,Fynes,83,hfynesdb@sun.com,950-678-3925,27021 Quincy Place,Cabrela,Évora,Portugal,7050-405
Stavros,Petre,64,spetredc@vistaprint.com,279-931-9548,5 Loftsgordon Alley,Granada,Andalucia,Spain,18005
Maura,Mariner,33,mmarinerdd@squidoo.com,116-215-0880,99553 Merry Road,Sandia,,Peru,
Murvyn,Mankor,19,mmankorde@mozilla.com,671-395-4788,58788 Manley Street,El Retorno,,Colombia,951017
Patsy,Duggen,59,pduggendf@eepurl.com,758-801-5111,267 Butternut Crossing,Calzada Larga,,Panama,
Patrizia,Rishbrook,58,prishbrookdg@facebook.com,988-560-4138,19 Blue Bill Park Pass,Sidi Amar,,Morocco,
Pete,Bosanko,31,pbosankodh@columbia.edu,614-473-5677,7 Green Ridge Point,Zhenlong,,China,
Elinore,Rentoll,64,erentolldi@friendfeed.com,335-110-8793,874 Rutledge Place,Purwasari,,Indonesia,
Nissy,Fencott,76,nfencottdj@thetimes.co.uk,149-228-2742,26629 8th Circle,Aykol,,China,
Jan,Antao,47,jantaodk@qq.com,770-646-7620,05258 Fair Oaks Way,Jemielno,,Poland,56-209
Mikey,Ratter,68,mratterdl@jiathis.com,900-743-4251,8 Charing Cross Way,Eskilstuna,Södermanland,Sweden,632 32
Brita,Monan,81,bmonandm@plala.or.jp,924-237-0674,33 Parkside Alley,Aranguren,,Argentina,3162
Bald,Terrelly,32,bterrellydn@oaic.gov.au,148-191-9601,0209 Milwaukee Court,Hodkovičky,,Czech Republic,147 00
Maximo,Coope,76,mcoopedo@live.com,652-494-6798,207 Debra Avenue,Ramon Magsaysay,,Philippines,7024
Barnebas,Dignon,37,bdignondp@myspace.com,768-299-9356,724 Oneill Drive,Casigua El Cubo,,Venezuela,
Felicio,Fuke,47,ffukedq@addtoany.com,135-514-4852,98 Westport Court,Palmital,,Brazil,19970-000
Lauree,Behagg,68,lbehaggdr@bloglines.com,255-474-8509,41005 Summit Way,Krousón,,Greece,
Reinwald,Schoales,82,rschoalesds@cpanel.net,806-941-3861,64939 Gateway Crossing,Muslyumovo,,Russia,456721
Sharai,De Bruijn,43,sdebruijndt@webmd.com,438-595-9251,93533 Myrtle Parkway,Agualva,Ilha Terceira,Portugal,9760-016
Deni,Jest,38,djestdu@etsy.com,499-322-2052,9 Esker Place,Independencia,Puebla,Mexico,75780
Chico,Mc Gorley,80,cmcgorleydv@trellian.com,936-356-4344,1099 Jenna Circle,Kryry,,Czech Republic,439 81
Caria,Reignolds,65,creignoldsdw@amazon.com,808-529-1073,05 Warrior Plaza,Honolulu,Hawaii,United States,96835
Bernie,Sudy,59,bsudydx@is.gd,494-629-1417,546 Sloan Hill,Salor,,Uzbekistan,
Ricki,Hurndall,38,rhurndalldy@alexa.com,275-990-9044,9767 Carberry Street,Bylym,,Russia,361606
Emelda,Mathiassen,67,emathiassendz@answers.com,356-610-8077,2 Di Loreto Drive,Panggung,,Indonesia,
Chester,Melan,52,cmelane0@delicious.com,795-390-1880,60 Sutteridge Circle,Châu Thành,,Vietnam,
Monti,Cussen,20,mcussene1@nyu.edu,843-423-4065,27005 Oakridge Circle,Sangkalputung,,Indonesia,
Tricia,Beachem,83,tbeacheme2@ed.gov,962-296-6174,69 Novick Trail,Połomia,,Poland,44-323
Angy,Turbard,31,aturbarde3@acquirethisname.com,632-598-5386,3045 Westport Avenue,Raszczyce,,Poland,47-435
Annabelle,Ringrose,60,aringrosee4@usatoday.com,593-213-6173,4262 Rutledge Crossing,Ciasna,,Poland,42-793
Cherrita,Runnicles,31,crunniclese5@nifty.com,614-330-0789,15100 Lakeland Terrace,Yamazakichō-nakabirose,,Japan,671-2536
Norrie,Wiper,45,nwipere6@tripadvisor.com,674-489-1830,243 Corry Park,St. Thomas,Ontario,Canada,N5R
Sherman,Plumstead,62,splumsteade7@github.io,307-162-7125,5176 Shopko Alley,Sel’tso,,Russia,241551
Robinia,Figura,72,rfigurae8@about.com,547-543-8427,06858 Brown Parkway,Jabon,,Indonesia,
Far,D'Souza,40,fdsouzae9@digg.com,409-490-2532,28 Village Point,Payao,,Philippines,7008
Shepard,Wansbury,34,swansburyea@ning.com,551-259-6100,15 Fuller Trail,Aldeias de Cima,Porto,Portugal,4785-364
Marjory,Olijve,66,molijveeb@blog.com,561-593-1602,58643 Oak Crossing,Yedogon,,Russia,665222
Nahum,Pretty,79,nprettyec@istockphoto.com,547-322-9971,29533 John Wall Park,Wright,,Philippines,6702
Orlan,Guyton,68,oguytoned@mit.edu,693-326-7438,7 Crescent Oaks Place,Dadap,,Indonesia,
Kerwin,Cuddihy,33,kcuddihyee@uol.com.br,639-289-4424,15536 Mccormick Avenue,Bayan Gol,,China,
Margi,Rickeard,66,mrickeardef@un.org,618-318-7223,28032 Bluestem Plaza,Alīābad,,Pakistan,15600
Lenee,Geraldo,67,lgeraldoeg@washingtonpost.com,194-277-7819,173 Spohn Place,Hluboká nad Vltavou,,Czech Republic,373 41
Freddy,Collelton,66,fcolleltoneh@yellowbook.com,412-897-8653,794 Darwin Alley,Kotingnatagete,,Indonesia,
Rebbecca,Elflain,76,relflainei@indiegogo.com,412-574-8014,225 Monument Road,Petrovo-Dal’neye,,Russia,143422
Grata,Pottery,46,gpotteryej@histats.com,407-707-2030,82713 Corben Place,Örebro,Örebro,Sweden,701 81
Andrew,Abela,26,aabelaek@etsy.com,602-279-7811,8 Troy Terrace,Phoenix,Arizona,United States,85099
Joann,Burnhard,57,jburnhardel@ucla.edu,165-713-6427,0 5th Park,Taurage,,Lithuania,72001
Cletis,Harrie,53,charrieem@webeden.co.uk,194-209-2304,97869 Stuart Lane,Paris 19,Île-de-France,France,75171 CEDEX 19
Zilvia,Bozworth,19,zbozworthen@cnn.com,670-501-0289,4050 Utah Plaza,Calzada Larga,,Panama,
Maxim,Baistow,29,mbaistoweo@toplist.cz,828-452-1814,11 Hallows Terrace,Stroitel’,,Russia,392526
Ethelred,Lilly,56,elillyep@angelfire.com,107-586-5877,341 Mandrake Way,Shangxing,,China,
Alta,Gregoletti,44,agregolettieq@time.com,453-891-3271,04909 Blackbird Court,Telde,Canarias,Spain,35213
Ardine,Battersby,80,abattersbyer@google.it,933-683-6792,96 Lien Parkway,Piketberg,,South Africa,8115
Vidovik,Riby,81,vribyes@cpanel.net,433-981-7592,143 Blue Bill Park Place,Zhangjiapan,,China,
Isa,Vassano,71,ivassanoet@si.edu,498-928-7049,2167 Colorado Junction,Murici,,Brazil,57820-000
Obidiah,Arber,25,oarbereu@vistaprint.com,625-938-7114,38 Vahlen Place,Roberval,Québec,Canada,G8H
Rosalinda,Holt,70,rholtev@ustream.tv,568-523-0810,81 Steensland Crossing,Lewotukan,,Indonesia,
Fanchette,Drinkale,69,fdrinkaleew@usgs.gov,240-849-7006,26114 Village Green Place,Yutsa,,Russia,357380
Kariotta,Slimmon,40,kslimmonex@fotki.com,373-961-3956,14264 Fairview Court,Gorna Oryakhovitsa,,Bulgaria,5145
Dotti,Deam,84,ddeamey@statcounter.com,141-359-6245,90 Veith Pass,Cravinhos,,Brazil,14140-000
Tallie,Gerrill,66,tgerrillez@sfgate.com,616-350-1358,28 Ridge Oak Alley,Aigínio,,Greece,
Colet,Demeza,79,cdemezaf0@paypal.com,597-485-3890,06 Golf View Circle,Piskivka,,Ukraine,
Nikolos,Crossfield,47,ncrossfieldf1@nationalgeographic.com,864-135-3171,1112 Almo Park,Spartanburg,South Carolina,United States,29305
Beverlee,McKall,43,bmckallf2@netscape.com,580-293-8558,0 Forest Center,Potosí,,Bolivia,
Orrin,Rois,46,oroisf3@walmart.com,988-947-7193,61857 Miller Way,Qiaogu,,China,
Pamela,Libri,47,plibrif4@parallels.com,810-750-5533,2796 Oakridge Park,Klukeng,,Indonesia,
Jacynth,Ralestone,33,jralestonef5@wikipedia.org,965-270-5910,75 Nevada Trail,Cikaras,,Indonesia,
Frannie,Berns,49,fbernsf6@domainmarket.com,781-183-2412,0 Debs Place,Shanghu,,China,
Aubrey,Withnall,48,awithnallf7@tuttocitta.it,580-994-6897,8 Almo Park,Badong,,Indonesia,
Blinni,Poutress,64,bpoutressf8@unesco.org,841-600-0903,8 Rusk Drive,Pristen’,,Russia,306205
Mallory,Simonutti,62,msimonuttif9@google.co.uk,145-834-6057,377 Memorial Avenue,Wiphawadi,,Thailand,84180
Irene,Knowlden,65,iknowldenfa@printfriendly.com,709-616-3239,59 Lakewood Gardens Park,Ţalkhā,,Egypt,
Mariann,Breffitt,76,mbreffittfb@stumbleupon.com,771-628-2632,364 Victoria Court,Santo Domingo,,Philippines,4508
Kirk,Peebles,46,kpeeblesfc@sciencedirect.com,385-139-4929,997 Schiller Trail,Santa Ana Huista,,Guatemala,13031
Katee,Strongitharm,21,kstrongitharmfd@soundcloud.com,676-229-9547,52550 Sage Trail,Kyjov,,Czech Republic,592 14
Whittaker,Borborough,81,wborboroughfe@pinterest.com,153-229-8400,239 Melvin Alley,Rymanów,,Poland,38-480
Ursa,Heining,46,uheiningff@google.cn,300-255-5578,7197 Crowley Circle,El Viejo,,Nicaragua,
Brynna,MacNucator,45,bmacnucatorfg@squidoo.com,657-467-2795,23625 Londonderry Place,Gračanica,,Bosnia and Herzegovina,
Karlik,Figge,64,kfiggefh@themeforest.net,474-675-5021,420 Larry Center,Huomachong,,China,
Toby,Tuberfield,34,ttuberfieldfi@livejournal.com,325-472-9360,93543 Stephen Terrace,Sarlat-la-Canéda,Aquitaine,France,24212 CEDEX
Haleigh,Kingescot,52,hkingescotfj@newyorker.com,532-126-3010,8438 Waywood Circle,Babirik,,Indonesia,
Cleveland,Rossetti,42,crossettifk@aol.com,540-417-1811,155 Bartillon Court,General Alvear,,Argentina,3361
Riki,Instone,19,rinstonefl@fc2.com,443-717-3230,873 Sundown Point,Margahayu,,Indonesia,
Judon,Aisman,50,jaismanfm@ft.com,932-533-0714,093 Valley Edge Pass,Polyarnyy,,Russia,184653
Matthew,Dragoe,68,mdragoefn@boston.com,376-256-9016,0985 Swallow Court,Praia Grande,,Brazil,11700-000
Bo,Leyban,45,bleybanfo@home.pl,926-677-5148,7916 Autumn Leaf Terrace,Rueil-Malmaison,Île-de-France,France,92855 CEDEX
Chariot,Halahan,57,chalahanfp@w3.org,167-158-3774,8057 Rieder Street,Aelande,,Indonesia,
Di,Mynard,76,dmynardfq@tamu.edu,218-235-9858,6 Lindbergh Center,Hexi,,China,
Vincents,Robillard,85,vrobillardfr@jimdo.com,354-851-9876,8358 Sutteridge Trail,Zielonki,,Poland,32-087
Margette,Sturm,62,msturmfs@un.org,945-997-7822,58904 Towne Hill,Nurabelen,,Indonesia,
Diannne,Gheerhaert,73,dgheerhaertft@xing.com,820-834-9316,2372 Iowa Crossing,Bayshint,,Mongolia,
Onfre,Watts,18,owattsfu@eepurl.com,699-416-0871,6 Doe Crossing Center,Manzil Bū Zalafah,,Tunisia,
Saunders,McLagan,35,smclaganfv@biblegateway.com,614-386-8994,591 Mcguire Alley,Jihlava,,Czech Republic,586 01
Nariko,Aspital,83,naspitalfw@amazon.co.uk,573-630-8393,43 Clarendon Street,Rzepiennik Strzyżewski,,Poland,33-163
Gannie,Cruess,73,gcruessfx@sitemeter.com,192-244-6883,56933 Rowland Avenue,Bromont,Québec,Canada,J2L
Dimitri,Simmonds,49,dsimmondsfy@oaic.gov.au,723-322-4144,208 Muir Lane,Huambo,,Peru,
Jim,Rodenhurst,64,jrodenhurstfz@kickstarter.com,854-777-1318,0088 Cambridge Terrace,Pingdu,,China,
Hussein,Mugglestone,26,hmugglestoneg0@360.cn,885-361-0145,32742 Carioca Pass,Dowan,,Indonesia,
Falkner,Jeandeau,20,fjeandeaug1@amazon.co.uk,488-333-7635,07 Oak Valley Road,Toktogul,,Kyrgyzstan,
Lisetta,MacFarland,66,lmacfarlandg2@altervista.org,491-247-3861,1370 Brentwood Drive,Balfour,,South Africa,2410
Ruddy,Radborn,45,rradborng3@diigo.com,593-526-1358,384 Vernon Junction,Metchosin,British Columbia,Canada,V9C
Koo,Kropp,50,kkroppg4@github.com,698-254-9303,70 Elgar Center,Jingtailu,,China,
Bertrando,Maccari,66,bmaccarig5@hibu.com,384-554-0068,88 Shopko Road,Mora,,Cameroon,
Carlota,Cribbott,25,ccribbottg6@mashable.com,852-757-7313,295 Comanche Avenue,Vol’sk,,Russia,413824
Thebault,Lockton,25,tlocktong7@instagram.com,815-615-8422,596 Eagan Terrace,Claveria,,Philippines,9004
Clarey,Rowlinson,30,crowlinsong8@loc.gov,575-250-8400,097 Melvin Way,Pylaía,,Greece,
Alison,Button,36,abuttong9@bigcartel.com,116-477-0614,446 Mandrake Terrace,Lille,Nord-Pas-de-Calais,France,59034 CEDEX
Hansiain,Follit,26,hfollitga@printfriendly.com,144-119-7741,54980 Oxford Pass,Staryy Oskol,,Russia,309509
Addy,Wisdom,28,awisdomgb@eepurl.com,825-401-1481,5 Westerfield Park,Kvasy,,Ukraine,
Augy,Ebourne,52,aebournegc@ovh.net,867-544-3185,9 Dawn Way,Murmansk,,Russia,183985
Cordelia,Eyckelberg,82,ceyckelberggd@yelp.com,145-322-2266,0 Eagle Crest Plaza,Borås,Västra Götaland,Sweden,506 46
Percy,Aymes,79,paymesge@nydailynews.com,262-923-6479,435 Surrey Terrace,Independencia,,Peru,
Lancelot,Spring,36,lspringgf@usatoday.com,813-802-1027,14103 Barnett Pass,Remedios,,Cuba,
Wilden,Whitington,22,wwhitingtongg@examiner.com,805-921-9860,725 School Hill,Rangxi,,China,
Alex,Alesbrook,43,aalesbrookgh@ftc.gov,811-803-6325,087 Sommers Park,Winterthur,Kanton Zürich,Switzerland,8411
Caro,Marritt,48,cmarrittgi@tmall.com,193-243-2385,5 Pine View Lane,San Vicente,,Philippines,6419
Corinna,Hendrik,83,chendrikgj@mapquest.com,607-454-2164,25 West Court,Vřesina,,Czech Republic,747 20
Melloney,Tolomei,63,mtolomeigk@symantec.com,749-595-4181,480 Vermont Terrace,Ciénaga,,Colombia,478008
Carolynn,Ilyunin,31,cilyuningl@friendfeed.com,621-466-4054,55 Loeprich Street,Krasna,,Ukraine,
Margi,MacCroary,68,mmaccroarygm@goodreads.com,984-455-5143,00 Barnett Pass,Jiefu,,China,
Shelagh,McGarry,28,smcgarrygn@zdnet.com,937-753-3928,93 Coolidge Alley,Shaliangzi,,China,
Dorrie,Dearlove,19,ddearlovego@bluehost.com,863-378-9469,436 Grim Plaza,Curahkalak Tengah,,Indonesia,
Abigale,Joyes,52,ajoyesgp@cmu.edu,146-456-8720,15937 Erie Pass,Bogorejo,,Indonesia,
Ezra,Cheetam,83,echeetamgq@hud.gov,498-612-4647,1195 West Park,Chengdong,,China,
Noll,Markushkin,49,nmarkushkingr@dyndns.org,494-452-3811,82 Towne Circle,Watulabara,,Indonesia,
Dedie,Gowans,29,dgowansgs@dedecms.com,606-310-4682,49884 Forest Trail,Wufeng,,China,
Ysabel,Boorman,74,yboormangt@free.fr,184-822-9989,938 Vera Alley,Culubasa,,Philippines,2310
Anne-corinne,Spellesy,44,aspellesygu@sakura.ne.jp,436-526-2071,3 Prentice Alley,Xiantang,,China,
Annabela,Loach,51,aloachgv@cnet.com,405-937-1031,507 Mayer Place,La Rochelle,Poitou-Charentes,France,17024 CEDEX 1
Kristian,Bunworth,26,kbunworthgw@fda.gov,807-741-0882,2 Charing Cross Alley,Huo’erqi,,China,
Bradley,Garfitt,62,bgarfittgx@hud.gov,518-562-8210,1068 Kropf Junction,Dayu,,China,
Charisse,Yabsley,65,cyabsleygy@hc360.com,484-882-3917,20 Carpenter Center,Wutan,,China,
Leeanne,Dallicott,33,ldallicottgz@yellowbook.com,671-600-6024,25 Quincy Alley,Huayang,,China,
Margaret,Furmenger,42,mfurmengerh0@ft.com,335-814-2492,81161 Sachtjen Park,Zama,,Japan,228-0027
Olivette,Lazonby,70,olazonbyh1@house.gov,265-725-8876,57871 Magdeline Junction,Burla,,Russia,658810
Joya,Lindblad,35,jlindbladh2@nymag.com,601-145-1107,74 Jenna Plaza,Diffa,,Niger,
Krystalle,Castagnaro,18,kcastagnaroh3@nifty.com,775-491-4655,1167 Bartelt Trail,Opatówek,,Poland,62-860
Flynn,Carpe,83,fcarpeh4@hc360.com,233-908-6856,82221 Lunder Lane,Zhoutie,,China,
Danette,Clissell,21,dclissellh5@nps.gov,276-603-1899,475 Barnett Circle,Lagoa Vermelha,,Brazil,95300-000
Curt,Botler,79,cbotlerh6@dailymotion.com,698-935-8080,0732 Prairie Rose Parkway,Demak,,Indonesia,
Charline,Fyall,24,cfyallh7@skyrock.com,422-701-7669,094 Parkside Street,Ngkiong,,Indonesia,
Meggi,Hagergham,27,mhagerghamh8@harvard.edu,980-621-6806,763 Emmet Pass,Vanves,Île-de-France,France,92174 CEDEX
Faustina,Cartmael,65,fcartmaelh9@ycombinator.com,464-428-5373,8192 Clarendon Court,Bestovje,,Croatia,10437
Teddie,La Padula,31,tlapadulaha@comsenz.com,696-744-9640,45 Becker Street,Oslo,Oslo,Norway,0712
Charlton,Ruddy,58,cruddyhb@sciencedirect.com,350-204-6144,42298 Di Loreto Center,Gumuk Tengah,,Indonesia,
Alfie,Baughn,26,abaughnhc@bluehost.com,334-393-6364,296 Lunder Road,Kaburon,,Indonesia,
Homerus,Tenaunt,62,htenaunthd@jalbum.net,212-977-1877,76 Packers Way,El Ángel,,Ecuador,
Florida,Lindup,24,flinduphe@marriott.com,578-287-1495,23761 Forest Run Junction,Nantes,Pays de la Loire,France,44958 CEDEX 9
Adolf,Salandino,51,asalandinohf@creativecommons.org,701-248-4864,119 Debra Avenue,Bagamoyo,,Tanzania,
Lanie,Giorgi,73,lgiorgihg@earthlink.net,368-953-2500,4114 Bluejay Crossing,Megati Kelod,,Indonesia,
Goober,Havers,32,ghavershh@yahoo.com,160-683-6315,3 Debra Drive,Neiba,,Dominican Republic,11105
Darell,Reaveley,40,dreaveleyhi@engadget.com,335-175-0615,19704 Merry Crossing,Chaviña,,Peru,
Loria,Lafranconi,47,llafranconihj@archive.org,231-272-9382,8 Moulton Circle,Jialai,,China,
Kiel,Fountain,35,kfountainhk@ox.ac.uk,728-926-4502,7 Chive Lane,Bujumbura,,Burundi,
Meghan,Tegeller,63,mtegellerhl@va.gov,414-335-8723,64338 Pankratz Lane,Gongli,,China,
Perkin,Marjanovic,77,pmarjanovichm@tamu.edu,556-358-3617,944 Russell Lane,Río Bueno,,Chile,
Rudolph,Hultberg,58,rhultberghn@cmu.edu,762-694-6194,40164 Orin Plaza,Soraya,,Peru,
Bayard,McCracken,71,bmccrackenho@unc.edu,406-584-0821,8180 Hanson Street,Drawsko,,Poland,64-733
Urbain,Seakings,64,useakingshp@twitpic.com,577-124-0835,554 Jenna Crossing,Kuala Belait,,Brunei,
Myron,Draayer,73,mdraayerhq@patch.com,392-355-3848,70819 Farmco Point,Bakau,,Indonesia,
Sterne,Gudde,25,sguddehr@npr.org,633-918-1736,2 Kensington Center,Zolotkovo,,Russia,601545
Indira,Balbeck,26,ibalbeckhs@indiegogo.com,503-861-5865,5 Westend Park,Currais,Porto,Portugal,4630-025
Anni,Joyson,80,ajoysonht@usgs.gov,893-965-4041,70 Oakridge Avenue,Karlskoga,Örebro,Sweden,691 21
Giraldo,Kwietek,69,gkwietekhu@soundcloud.com,510-117-3160,958 Independence Lane,São Martinho,Porto,Portugal,4780-320
Tristan,Sotheby,30,tsothebyhv@unicef.org,834-603-5818,4 Sachtjen Drive,Vincennes,Île-de-France,France,94309 CEDEX
Robina,Budnik,57,rbudnikhw@xinhuanet.com,870-517-4012,4 Gerald Place,Užice,,Serbia,
Colin,Payler,23,cpaylerhx@live.com,861-496-4453,44 1st Plaza,Su’ao,,China,
Kat,Blease,65,kbleasehy@wsj.com,277-893-6691,65592 Anniversary Avenue,Prokop’yevsk,,Russia,368212
Merrielle,Tichner,53,mtichnerhz@cam.ac.uk,890-138-4832,9 Raven Way,Tanbu,,China,
Magda,Maple,71,mmaplei0@discovery.com,329-409-2169,2635 Esker Parkway,Kotri,,Pakistan,76000
Shermy,Pimblotte,72,spimblottei1@archive.org,356-905-6213,9 Havey Trail,Mairiporã,,Brazil,07600-000
Smitty,Burress,29,sburressi2@yale.edu,252-372-6731,9 4th Circle,Baishigou,,China,
Bernhard,Dreamer,52,bdreameri3@multiply.com,971-948-4095,72 Mcbride Place,Xialaba,,China,
Lydon,Nucator,61,lnucatori4@nhs.uk,331-259-7906,19 Sugar Drive,Uiasa,,Indonesia,
Merrili,Wallworke,23,mwallworkei5@seesaa.net,820-942-3463,62 Ramsey Court,Oka,Québec,Canada,J0N
Hayden,Offill,43,hoffilli6@nifty.com,653-269-1061,934 Dawn Center,Hulan,,China,
Kennett,Scamerdine,67,kscamerdinei7@adobe.com,210-437-8166,60 Killdeer Drive,San Antonio,Texas,United States,78278
Kellia,Domenichini,72,kdomenichinii8@cam.ac.uk,734-685-3922,55 Red Cloud Hill,Magburaka,,Sierra Leone,
Othello,Siddaley,76,osiddaleyi9@pinterest.com,594-562-3667,40849 Sundown Park,Zhukovskiy,,Russia,142143
Loria,Knevet,49,lknevetia@cdc.gov,333-148-4054,109 Hermina Terrace,Kanshan,,China,
Jesse,Pibworth,64,jpibworthib@smh.com.au,104-836-1612,9 Anderson Trail,Alzamay,,Russia,665161
Hans,Gooke,75,hgookeic@jigsy.com,727-242-1728,5711 Schiller Lane,Iraquara,,Brazil,46980-000
Terrill,Bunn,43,tbunnid@instagram.com,539-719-2702,296 Monica Trail,Paokmotong Utara,,Indonesia,
Shela,Westberg,69,swestbergie@edublogs.org,796-951-3271,3769 Fordem Alley,Teknāf,,Bangladesh,4762
Kerianne,Veldstra,38,kveldstraif@wiley.com,649-570-6035,74939 Artisan Street,Ladário,Porto,Portugal,4635-133
Clevie,Benedetti,40,cbenedettiig@dell.com,774-871-6064,0340 Eliot Avenue,Aktau,,Kazakhstan,
Ennis,Hatliffe,39,ehatliffeih@hud.gov,304-227-1039,00 6th Center,Werinama,,Indonesia,
Cos,Spellecy,54,cspellecyii@ycombinator.com,967-429-1144,7197 Walton Plaza,Fushi,,China,
Kaleena,Doles,34,kdolesij@nifty.com,664-455-0964,3833 Truax Pass,Masparrito,,Venezuela,
Wallas,Biner,37,wbinerik@woothemes.com,140-496-0757,8 6th Point,Cap-Santé,Québec,Canada,N0H
Ivan,Kestin,43,ikestinil@meetup.com,255-615-7477,090 Holy Cross Street,Benevides,,Brazil,68795-000
Valeria,Trousdell,61,vtrousdellim@cnbc.com,852-804-4142,0 Tomscot Lane,Placer,,Philippines,8405
Ada,Garshore,18,agarshorein@cornell.edu,630-828-9889,9 Holy Cross Place,Shangyuan,,China,
Thaxter,Heijnen,39,theijnenio@wikipedia.org,906-111-3848,725 Macpherson Parkway,Cabreúva,,Brazil,13315-000
Collie,Whittet,78,cwhittetip@ycombinator.com,406-677-3479,475 Darwin Center,Billings,Montana,United States,59112
Christyna,Loughman,83,cloughmaniq@theguardian.com,638-573-1535,4149 Meadow Valley Road,Benito Juarez,Veracruz Llave,Mexico,95422
Keenan,Benesevich,43,kbenesevichir@blogger.com,205-322-1748,16467 Ridgeway Center,Atbasar,,Kazakhstan,
Claiborne,Southcoat,24,csouthcoatis@soundcloud.com,860-161-4089,053 Prentice Point,San Miguel,Oaxaca,Mexico,68540
Konstantine,Cheake,26,kcheakeit@goo.ne.jp,388-526-5320,3676 Fairfield Junction,Kadusimbar,,Indonesia,
Hedi,Wilshere,30,hwilshereiu@weebly.com,950-418-7502,8810 Hauk Junction,Beiyang,,China,
Heloise,Jessett,48,hjessettiv@japanpost.jp,586-386-7896,5 Kropf Lane,Bobota,,Croatia,32225
Corty,Greed,42,cgreediw@smugmug.com,206-436-7240,396 Walton Parkway,Rio Claro,,Brazil,13500-000
Ira,Von Der Empten,18,ivonderemptenix@usda.gov,668-916-5184,844 Ridgeview Crossing,Ngora,,Uganda,
Lishe,Fretson,22,lfretsoniy@marriott.com,596-183-2139,441 Oriole Plaza,Föglö,,Aland Islands,22710
Gisella,Klasen,43,gklaseniz@dagondesign.com,821-277-7687,14459 Autumn Leaf Avenue,Jintang,,China,
Clemmie,Asplin,80,casplinj0@list-manage.com,676-812-0073,4 Miller Point,Two Hills,Alberta,Canada,J9H
Gabie,Rotge,37,grotgej1@mashable.com,577-847-0733,502 Grasskamp Way,Pankrushikha,,Russia,658760
Ophelia,Diggar,73,odiggarj2@chicagotribune.com,786-627-8969,7065 Coleman Pass,Hongxi,,China,
Bat,Philippart,50,bphilippartj3@huffingtonpost.com,619-980-0697,2066 Ohio Way,Gunungkendeng,,Indonesia,
Libby,Rooms,84,lroomsj4@noaa.gov,423-277-3632,07474 Talmadge Lane,Skara,Västra Götaland,Sweden,532 24
Jeddy,Cunnah,19,jcunnahj5@ask.com,515-399-6483,67606 Duke Avenue,São Mateus,Ilha Terceira,Portugal,9700-555
Saleem,Wagstaffe,53,swagstaffej6@noaa.gov,758-629-8221,36 Oak Park,Wangong,,China,
Rodi,Maudling,74,rmaudlingj7@jalbum.net,692-283-3864,5211 Colorado Park,Adiwerna,,Indonesia,
Ervin,Duprey,32,edupreyj8@ca.gov,418-538-0188,54 Northridge Hill,Walferdange,,Luxembourg,L-7274
Brittney,Steddall,79,bsteddallj9@nbcnews.com,954-305-7514,8 Aberg Place,Roermond,Provincie Limburg,Netherlands,6044
Eleni,McSporon,59,emcsporonja@slideshare.net,157-799-8026,7331 Kings Lane,Oxapampa,,Peru,
Gennie,Esselin,31,gesselinjb@economist.com,295-281-4452,4 Hooker Terrace,Ferreñafe,,Peru,
Chrotoem,Tolfrey,47,ctolfreyjc@jiathis.com,602-633-8627,954 Washington Avenue,Coolock,,Ireland,D17
Claudia,Shavel,68,cshaveljd@constantcontact.com,956-382-8001,4560 Eagan Street,Sembungin,,Indonesia,
Christian,Loakes,25,cloakesje@miitbeian.gov.cn,763-933-1189,8828 Anniversary Park,Leixlip,,Ireland,A86
Agna,Keep,80,akeepjf@wix.com,296-229-9315,68 Mccormick Street,Verkhniy Lomov,,Russia,442130
Manuel,Gallafant,49,mgallafantjg@mit.edu,295-155-0737,4 Union Alley,Podgortsy,,Ukraine,
Cyrille,LAbbet,52,clabbetjh@eepurl.com,117-337-4682,9 Forest Point,Pisangkemeng,,Indonesia,
Major,Amori,74,mamoriji@netlog.com,463-943-3101,99566 Everett Crossing,Ordzhonikidze,,Kazakhstan,
Huntington,Stubley,69,hstubleyjj@gizmodo.com,444-390-1482,5895 Helena Center,Neuilly-sur-Seine,Île-de-France,France,92527 CEDEX
Killie,Gregoletti,30,kgregolettijk@moonfruit.com,931-454-1145,81 Merrick Trail,Gavrilov-Yam,,Russia,152240
Vinnie,Kennard,39,vkennardjl@fema.gov,974-202-3339,450 Karstens Junction,Maroua,,Cameroon,
Tabina,Ring,65,tringjm@google.it,554-867-2736,5308 Iowa Pass,Jianguo,,China,
Sky,Husselbee,49,shusselbeejn@google.fr,901-422-6812,8 Lerdahl Crossing,San Benito Abad,,Colombia,703018
Dwight,Soares,79,dsoaresjo@imageshack.us,818-638-8544,92 Sullivan Drive,Ulapes,,Argentina,5473
Judah,Mewett,79,jmewettjp@google.com.au,658-242-1887,1817 Springview Trail,Sidorejo,,Indonesia,
Marita,McIlheran,48,mmcilheranjq@cbslocal.com,691-535-7673,72991 Carioca Alley,Priyutovo,,Russia,452189
Witty,Wyness,48,wwynessjr@sciencedirect.com,149-348-9669,2 Melby Lane,Dukuhsia,,Indonesia,
Rina,Crathern,42,rcrathernjs@unc.edu,298-476-9071,505 Bonner Road,Francisco I Madero,Zacatecas,Mexico,98351
Midge,Antosch,62,mantoschjt@jiathis.com,690-704-9853,5 Warrior Court,Sancha,,China,
Gloriana,Burrill,27,gburrillju@wiley.com,587-364-9323,94014 Hazelcrest Center,Jiuzihe,,China,
Dee,MacCook,26,dmaccookjv@deviantart.com,635-855-2011,53 Ilene Drive,Morada Nova,,Brazil,62940-000
Eugene,Jensen,32,ejensenjw@merriam-webster.com,325-887-0768,46410 Stoughton Alley,Siuna,,Nicaragua,
Ephraim,Carette,43,ecarettejx@upenn.edu,830-273-8951,5 Orin Trail,Nangong,,China,
Lorne,Dobeson,61,ldobesonjy@wikimedia.org,209-120-1827,5260 Canary Drive,Wiphawadi,,Thailand,84180
Esra,Huxley,41,ehuxleyjz@ted.com,496-922-3548,84071 Michigan Lane,Bécancour,Québec,Canada,G9H
Addi,Manjot,54,amanjotk0@vkontakte.ru,334-109-0920,30484 Vidon Terrace,Penedo,Porto,Portugal,4650-080
Arluene,Paylor,23,apaylork1@networksolutions.com,248-372-8728,0524 Lukken Terrace,Hengqiao,,China,
Meryl,Spiers,81,mspiersk2@nps.gov,758-525-6854,460 Columbus Hill,Huagai,,China,
Belicia,Adelman,53,badelmank3@technorati.com,792-369-0902,27 Forest Park,Brongkah,,Indonesia,
Say,Strangwood,48,sstrangwoodk4@nsw.gov.au,746-509-2051,7728 Carey Circle,Spas’ke,,Ukraine,
Liane,Berzen,28,lberzenk5@scientificamerican.com,611-829-1332,369 Cordelia Junction,Liuqiao,,China,
Maudie,Sussex,60,msussexk6@gov.uk,732-862-2284,94490 Village Green Court,Sérvia,,Greece,
Raychel,Akker,52,rakkerk7@parallels.com,111-827-0270,79520 Maywood Way,Whitegate,,Ireland,D15
Ruben,Lowndsbrough,69,rlowndsbroughk8@irs.gov,962-396-0845,255 Village Hill,Neuss,Nordrhein-Westfalen,Germany,41468
Janey,Broady,41,jbroadyk9@google.nl,544-717-6331,675 6th Park,Youhua,,China,
Kandace,Cordel,30,kcordelka@vimeo.com,572-815-1138,82 Beilfuss Pass,Klevan’,,Ukraine,
Lotty,Pietruschka,83,lpietruschkakb@pagesperso-orange.fr,668-299-0132,420 Luster Center,Dlemer,,Indonesia,
Moise,Lovel,56,mlovelkc@si.edu,264-599-4338,01002 Prairieview Lane,Kez,,Russia,427580
Goraud,Chappel,21,gchappelkd@yandex.ru,560-678-4510,3384 Arapahoe Avenue,Curitibanos,,Brazil,89520-000
Maura,Garrand,79,mgarrandke@alibaba.com,753-737-4726,1037 Roxbury Crossing,Gibsons,British Columbia,Canada,L6R
Dicky,Ord,69,dordkf@adobe.com,177-442-5778,1 Ryan Junction,Bertioga,,Brazil,11250-000
Livvy,Heining,40,lheiningkg@apple.com,598-242-3711,3150 Lawn Street,Pengbu,,China,
Giusto,Fruin,65,gfruinkh@walmart.com,154-869-3533,5936 Transport Circle,Fray Luis A. Beltrán,,Argentina,2156
Avril,Merigeau,31,amerigeauki@twitter.com,882-632-8704,64486 Village Green Drive,Ketapang,,Indonesia,
Ollie,Mosson,78,omossonkj@sbwire.com,173-529-0096,48496 Arizona Place,Gorang,,Indonesia,
Fremont,Dachs,40,fdachskk@oakley.com,361-793-6856,20050 Thompson Hill,Armenia,,Colombia,630008
Ajay,Addinall,40,aaddinallkl@qq.com,574-269-8520,32 Crowley Alley,Mocupe,,Peru,
Mercedes,McKeran,77,mmckerankm@comsenz.com,908-983-3871,71 Susan Parkway,Zhengchang,,China,
Nicholas,Albany,41,nalbanykn@ihg.com,706-240-8071,9 Northwestern Alley,Akunk’,,Armenia,
Cymbre,Hatherleigh,83,chatherleighko@acquirethisname.com,521-702-8461,6 Rieder Drive,Krajan,,Indonesia,
Meredith,Humbee,19,mhumbeekp@bbb.org,977-135-7891,7273 Emmet Parkway,Trondheim,Sor-Trondelag,Norway,7409
Gavin,Giovanetti,39,ggiovanettikq@apple.com,687-246-0702,74 School Terrace,Ciketak,,Indonesia,
Corty,Gierardi,30,cgierardikr@addthis.com,675-250-0327,9 Green Terrace,El Sombrero,,Venezuela,
Kimberley,Ambrosch,48,kambroschks@washingtonpost.com,863-681-2986,66788 Village Green Hill,Chepo,,Panama,
Lynda,Lidyard,83,llidyardkt@youku.com,152-134-5335,99 Dahle Road,Saint-Gaudens,Midi-Pyrénées,France,31804 CEDEX
Tyler,Nutley,70,tnutleyku@sbwire.com,856-720-6211,693 Thompson Road,Haenam,,South Korea,
Niel,Mant,36,nmantkv@newyorker.com,143-915-0935,790 Eastwood Point,Roi Et,,Thailand,45000
Keelia,Viner,40,kvinerkw@opera.com,166-584-9291,6947 Carberry Circle,Uyutne,,Ukraine,
Eduardo,Havoc,62,ehavockx@toplist.cz,225-403-3466,1646 Anderson Avenue,Houjiachuan,,China,
Quinta,Sturton,67,qsturtonky@mashable.com,599-834-7403,87712 Shoshone Way,Gora,,Nigeria,
Doloritas,Holworth,39,dholworthkz@blogspot.com,557-628-3883,67 Ridgeway Center,Aykhal,,Russia,623506
Meghann,Lindner,44,mlindnerl0@google.cn,162-353-7234,00948 4th Place,Dowlatyār,,Afghanistan,
Viviyan,Dowry,76,vdowryl1@dion.ne.jp,163-758-4851,1 Hudson Avenue,Karangpeton,,Indonesia,
Jeffry,Millins,67,jmillinsl2@google.cn,662-482-8000,66 Westridge Center,Duyên Hải,,Vietnam,
Kerianne,Blade,44,kbladel3@indiatimes.com,125-184-1457,3 Rutledge Center,Bajiazi,,China,
Boigie,Rosenzwig,64,brosenzwigl4@google.com,607-695-7754,61 Center Avenue,Hövsan,,Azerbaijan,
Doralynne,Baddiley,49,dbaddileyl5@marriott.com,102-894-1793,06 Rieder Road,Yantian,,China,
Felizio,Sidwell,69,fsidwelll6@skyrock.com,709-923-6895,2 Schlimgen Court,Chuanpu,,China,
Nerita,Burgne,62,nburgnel7@github.com,438-878-6561,00 Carberry Parkway,Kisarazu,,Japan,299-0271
Jayme,Matlock,83,jmatlockl8@quantcast.com,429-609-9192,5645 Chive Lane,Ishioka,,Japan,999-2171
Waite,Zanicchelli,54,wzanicchellil9@fastcompany.com,399-525-4709,48 Spaight Hill,Zmiennica,,Poland,36-212
Adriana,Hawyes,58,ahawyesla@uol.com.br,670-894-0930,4 Hansons Lane,Alannay,,Philippines,3524
Karly,Tocque,25,ktocquelb@de.vu,222-559-8675,2230 Pennsylvania Terrace,Dārchulā,,Nepal,
Curtice,Kropp,66,ckropplc@51.la,301-674-3179,847 Mariners Cove Way,Trelleborg,Skåne,Sweden,231 23
Jori,Olenchenko,46,jolenchenkold@lycos.com,188-174-9439,17 Grasskamp Junction,San Pablo,,Costa Rica,12001
Barri,Rean,28,breanle@cmu.edu,366-469-2249,47137 Nancy Parkway,Dzaoudzi,,Mayotte,97615
Curtis,Abramovic,82,cabramoviclf@hibu.com,515-117-8344,18 Corry Way,Codoi,,China,
Norine,Crickmore,72,ncrickmorelg@studiopress.com,677-768-6991,2149 Delladonna Way,Jinsha,,China,
Rosanna,Gomar,58,rgomarlh@pagesperso-orange.fr,817-740-8735,12 Northwestern Center,Azteca,Tamaulipas,Mexico,87024
Shara,Pawlaczyk,65,spawlaczykli@networksolutions.com,350-997-8129,028 Bartelt Hill,Kangping,,China,
Thornton,Eckels,66,teckelslj@stumbleupon.com,561-749-3066,7 Londonderry Center,Sanlian,,China,
La verne,Timblett,76,ltimblettlk@blinklist.com,828-673-3993,7309 Forest Dale Parkway,Panguna,,Papua New Guinea,
Analise,Vickar,72,avickarll@printfriendly.com,400-211-8228,60 Anniversary Circle,Kingston,England,United Kingdom,DT10
Elna,Razzell,68,erazzelllm@prweb.com,164-899-3880,48 Grim Park,Cingambul,,Indonesia,
Casey,Tinham,25,ctinhamln@hp.com,171-158-5148,39670 Cottonwood Place,Samboan,,Philippines,6027
Joachim,Roisen,46,jroisenlo@whitehouse.gov,826-579-7729,287 Glacier Hill Pass,Yongchang,,China,
Goober,Pavlovsky,48,gpavlovskylp@hugedomains.com,366-403-4869,6923 Emmet Court,Dokshytsy,,Belarus,
Felecia,Enns,51,fennslq@nsw.gov.au,832-869-9462,51261 Schiller Crossing,Fenghuangdong,,China,
Hazel,Slinn,64,hslinnlr@oaic.gov.au,604-874-5282,319 Evergreen Avenue,Izmaylovo,,Russia,662686
Aubrey,Simonini,47,asimoninils@va.gov,180-579-0333,8 Hermina Pass,Tiechang,,China,
Benito,Falla,63,bfallalt@ucsd.edu,227-643-9102,5054 Corry Alley,Äänekoski,,Finland,44150
Shepard,Windous,75,swindouslu@admin.ch,591-579-5746,9626 Surrey Terrace,Bolengpulau,,Indonesia,
Tiffanie,Whisson,76,twhissonlv@nih.gov,349-796-1726,5955 Redwing Street,Šentjur,,Slovenia,3230
Aldin,Beall,37,abealllw@whitehouse.gov,708-421-8442,181 Loomis Court,Las Tunas,,Cuba,
Torey,Beaument,50,tbeaumentlx@mozilla.org,923-925-9815,7896 Kropf Center,Marseille,Provence-Alpes-Côte d'Azur,France,13192 CEDEX 20
Hamlin,Dullingham,75,hdullinghamly@nyu.edu,936-260-3395,6 Melody Place,Mapiripán,,Colombia,943057
Bobette,Milbourne,27,bmilbournelz@xinhuanet.com,480-766-8088,17789 Becker Circle,Poli,,Indonesia,
Robena,Hehir,22,rhehirm0@nba.com,833-418-1323,6093 Ridgeway Crossing,Sokyryany,,Ukraine,
Jackson,Pesselt,33,jpesseltm1@fastcompany.com,410-459-6521,7942 Karstens Parkway,Baltimore,Maryland,United States,21216
Gayle,Plumbe,67,gplumbem2@nba.com,822-203-8110,735 Hooker Crossing,Baranovichi,,Belarus,
Anselma,Thynne,78,athynnem3@sina.com.cn,602-624-9967,63900 Schlimgen Hill,Sikasso,,Mali,
Natty,Andrey,25,nandreym4@huffingtonpost.com,963-830-6844,64651 Washington Court,Anjihai,,China,
Dennison,Alldis,35,dalldism5@alibaba.com,479-400-4945,54 Merrick Street,Kakanj,,Bosnia and Herzegovina,
Lyn,Keeves,73,lkeevesm6@phoca.cz,812-791-6690,07099 Debs Circle,Zaleszany,,Poland,37-415
Katine,Dyter,32,kdyterm7@tamu.edu,429-711-2763,1 Oxford Place,Naru,,Indonesia,
Shina,Larne,29,slarnem8@oakley.com,617-909-2584,01 Gateway Circle,Tazouta,,Morocco,
Ramona,Phillins,30,rphillinsm9@ning.com,609-629-5799,82863 Farwell Alley,Huta Stara B,,Poland,42-262
Malachi,MacSkeaghan,53,mmacskeaghanma@cbc.ca,508-544-1999,11 Muir Junction,Lapinjärvi,,Finland,07800
Rustie,MacRanald,66,rmacranaldmb@bbc.co.uk,240-200-8318,068 Muir Circle,Kalidawir,,Indonesia,
Garey,Farrell,20,gfarrellmc@geocities.jp,303-670-6341,5245 Gulseth Circle,Zmijavci,,Croatia,21266
Cosme,Llewellen,35,cllewellenmd@bloglines.com,506-988-2211,8836 Hooker Place,Karlstad,Värmland,Sweden,653 44
Dell,Varah,22,dvarahme@google.com.au,735-583-3752,3006 Crescent Oaks Park,Nanmen,,China,
Anthony,McGowran,68,amcgowranmf@bravesites.com,540-497-9447,6 Manufacturers Trail,Roanoke,Virginia,United States,24009
Thacher,Zouch,58,tzouchmg@patch.com,162-403-3857,171 Warrior Trail,Quetta,,Pakistan,87301
Lindon,Witterick,50,lwitterickmh@accuweather.com,878-785-9543,218 Northview Way,Nouméa,,New Caledonia,98800
Noella,Baton,74,nbatonmi@domainmarket.com,495-117-0231,25806 Westerfield Drive,Caieiras,,Brazil,07700-000
Bambi,Manthorpe,34,bmanthorpemj@imageshack.us,827-980-8047,01287 Redwing Drive,São José do Egito,,Brazil,56700-000
Cari,Hrishanok,51,chrishanokmk@plala.or.jp,934-780-1222,6 Continental Court,Řečany nad Labem,,Czech Republic,533 13
Edy,Heggie,24,eheggieml@ebay.com,180-606-9393,9706 Blackbird Pass,Pamotan,,Indonesia,
Joy,Knudsen,33,jknudsenmm@yale.edu,929-820-5785,69913 Saint Paul Point,Grabovci,,Croatia,22215
Salem,Bagge,39,sbaggemn@altervista.org,424-604-2249,88690 Merry Place,Leran Kulon,,Indonesia,
Sile,Peever,80,speevermo@e-recht24.de,767-511-0480,19734 Thierer Junction,Sơn Tây,,Vietnam,
Camille,Van Giffen,69,cvangiffenmp@opera.com,606-268-6511,98619 Elmside Park,London,Kentucky,United States,40745
Ivory,Luppitt,53,iluppittmq@unicef.org,341-745-8732,232 Swallow Crossing,Petrivka,,Ukraine,
Aline,Binns,43,abinnsmr@irs.gov,118-752-9338,948 Rowland Junction,Lianhe,,China,
Aharon,Marrows,20,amarrowsms@cyberchimps.com,797-479-5786,89141 Gale Road,Tha Uthen,,Thailand,48120
Lem,Duferie,28,lduferiemt@tripadvisor.com,164-209-4298,2025 Hooker Center,Shichuan,,China,
Eve,Pendlebery,19,ependleberymu@soup.io,312-536-3140,94375 Harbort Avenue,Shuanghe,,China,
Valencia,Boggis,59,vboggismv@blogger.com,270-370-2846,94525 Crest Line Plaza,Pryazha,,Russia,186120
Bernadene,Snoad,68,bsnoadmw@howstuffworks.com,726-281-7845,10942 Dexter Parkway,Huya,,China,
Cele,Metschke,22,cmetschkemx@taobao.com,312-508-1960,22607 Golden Leaf Trail,Balauring,,Indonesia,
Sutherland,Canizares,57,scanizaresmy@google.de,682-850-8178,1 Lien Center,Hekou,,China,
Zachariah,Trafford,64,ztraffordmz@umich.edu,645-981-4727,8782 Monica Trail,Orleans,,Brazil,88870-000
Shepperd,Mearing,28,smearingn0@house.gov,165-669-1855,2 Old Gate Parkway,Besançon,Franche-Comté,France,25004 CEDEX
Cassy,Eat,39,ceatn1@sfgate.com,357-245-0071,95 Hansons Road,Luna,,Philippines,3813
Randell,Pearle,22,rpearlen2@diigo.com,874-522-5793,75 Chive Terrace,Lipno,,Poland,87-601
Julianna,Godlonton,20,jgodlontonn3@blogs.com,860-124-6448,1 Stephen Way,Brumado,,Brazil,46100-000
Zabrina,Rooson,65,zroosonn4@nhs.uk,789-106-0555,1928 Schurz Place,Częstochowa,,Poland,42-294
Griff,Sanbrook,67,gsanbrookn5@tripadvisor.com,162-626-0629,5407 Morningstar Center,Cibangban Girang,,Indonesia,
Madelle,Hillett,27,mhillettn6@spiegel.de,567-427-7815,970 Nova Junction,Robonkon,,Philippines,7016
Joachim,Bennoe,43,jbennoen7@squidoo.com,576-609-6175,64 Golden Leaf Way,København,Region Hovedstaden,Denmark,1058
Elias,Clulee,69,ecluleen8@google.it,352-703-9774,005 Vermont Lane,Berat,,Albania,
Darelle,Rookeby,19,drookebyn9@apple.com,318-557-5445,414 Rusk Place,Karlskrona,Blekinge,Sweden,371 79
Tamma,Critcher,72,tcritcherna@engadget.com,748-402-4335,7953 Northview Court,Dzyarzhynsk,,Belarus,
Alick,Merdew,35,amerdewnb@sun.com,941-841-1221,36029 Rigney Circle,Tanagara,,Indonesia,
Martita,Faucherand,71,mfaucherandnc@europa.eu,711-868-8285,557 Myrtle Lane,Sukadana Selatan,,Indonesia,
Cullin,Martonfi,64,cmartonfind@mac.com,908-375-7635,89676 Darwin Parkway,Shikhazany,,Russia,429315
Sashenka,Bounde,54,sboundene@prnewswire.com,517-859-4616,1 Ridgeview Crossing,Budta,,Philippines,1774
Nicki,Wabersich,66,nwabersichnf@webnode.com,679-244-9818,19 Lukken Lane,Duobao,,China,
Bord,Harkins,85,bharkinsng@census.gov,184-994-8468,32689 Sundown Alley,Amqui,Québec,Canada,G5J
Karney,Gillions,78,kgillionsnh@sun.com,511-710-2645,1266 Emmet Center,Lundo,,Indonesia,
Randie,Patton,67,rpattonni@wix.com,247-524-0896,5926 Erie Park,Warungawi,,Indonesia,
Aylmer,Edghinn,65,aedghinnnj@xing.com,804-639-9579,914 Barby Alley,Oleiros,Castelo Branco,Portugal,6160-402
Bessy,Lamputt,40,blamputtnk@dedecms.com,597-832-9391,098 Green Ridge Avenue,Tambov,,Russia,392999
Basile,Klishin,45,bklishinnl@comcast.net,891-677-9485,49389 Pierstorff Way,Keruguya,,Kenya,
Fidela,Anwell,20,fanwellnm@vimeo.com,450-546-4735,26 Calypso Park,Gaoqiao,,China,
Gilbertine,Titlow,37,gtitlownn@fda.gov,647-804-3843,0310 Summer Ridge Crossing,Debre Werk’,,Ethiopia,
Hieronymus,Tams,29,htamsno@myspace.com,452-236-8908,26903 Springs Drive,Chengzhai,,China,
Aindrea,Sherwill,58,asherwillnp@symantec.com,300-759-9789,342 Esker Junction,Lillers,Nord-Pas-de-Calais,France,62193 CEDEX
Dorine,Jakubiak,25,djakubiaknq@weibo.com,542-445-9792,79 Lighthouse Bay Alley,Karlivka,,Ukraine,
Tris,Di Domenico,41,tdidomeniconr@bbb.org,631-925-9674,0 Doe Crossing Point,Balfour,,South Africa,2410
Hildegarde,Hellwing,72,hhellwingns@ft.com,782-268-0601,6438 Walton Point,Rodópoli,,Greece,
Skylar,Plant,66,splantnt@howstuffworks.com,741-309-7588,7 Sage Point,Douz,,Tunisia,
Tamarra,Culligan,74,tculligannu@mtv.com,837-976-3314,141 Anhalt Trail,Bojano,,Poland,84-208
Rosy,Olivelli,81,rolivellinv@amazon.co.jp,182-866-5957,317 Blackbird Street,Si Bun Rueang,,Thailand,39180
Angeline,Bemwell,80,abemwellnw@naver.com,386-146-9163,78 Schlimgen Trail,As Saddah,,Yemen,
Bernice,Van den Bosch,65,bvandenboschnx@twitter.com,395-514-9887,7900 Kingsford Way,Horrom,,Armenia,
Emmott,Wellum,28,ewellumny@shutterfly.com,700-459-0994,20075 Emmet Alley,Charlottenberg,Värmland,Sweden,673 31
Twila,Le Gassick,49,tlegassicknz@paypal.com,379-158-6632,45 Crownhardt Lane,Banjar Sebual,,Indonesia,
Chucho,Wraggs,61,cwraggso0@answers.com,806-253-1485,61 Bunker Hill Terrace,Bov,,Bulgaria,2271
Joline,Pelcheur,44,jpelcheuro1@tripod.com,924-419-7763,6004 Delaware Lane,Pavlogradka,,Russia,646760
Sandy,Royste,71,sroysteo2@bluehost.com,555-669-1312,040 Vera Point,Erping,,China,
Ivett,Lovelock,85,ilovelocko3@hao123.com,370-468-2448,0689 Comanche Center,Liaozhong,,China,
Roth,Hovee,30,rhoveeo4@tripadvisor.com,302-494-8602,705 Southridge Trail,Tulihe,,China,
Eugene,Borham,85,eborhamo5@fotki.com,190-158-0480,68258 Sugar Street,Sandgerði,,Iceland,245
Annetta,Lehrahan,19,alehrahano6@telegraph.co.uk,571-226-1556,16 Donald Road,Richmond,Virginia,United States,23272
Brade,Bunning,72,bbunningo7@vimeo.com,444-687-1536,397 Sunfield Junction,Calebasses,,Mauritius,
Garek,Dumbleton,70,gdumbletono8@tripod.com,154-657-8871,84834 Canary Way,Estrada,Leiria,Portugal,2525-474
Sinclare,Papes,74,spapeso9@utexas.edu,146-561-1036,7738 Pepper Wood Alley,Bacnotan,,Philippines,2515
Sibbie,de Verson,37,sdeversonoa@timesonline.co.uk,339-576-5385,714 Ilene Street,Alenquer,Lisboa,Portugal,2580-306
Anabel,Jones,44,ajonesob@usatoday.com,130-136-0468,9 Fieldstone Circle,Tha Ruea,,Thailand,13130
Celestine,Cavell,50,ccavelloc@istockphoto.com,824-319-3421,6 Oriole Parkway,Tubod,,Philippines,9209
Jazmin,Adamson,70,jadamsonod@ted.com,426-231-8163,46 Banding Place,Ushi,,Armenia,
Kelwin,Cod,77,kcodoe@howstuffworks.com,330-843-6276,8585 Upham Park,Vale de Rolas,Setúbal,Portugal,2840-137
Desmond,Leakner,52,dleaknerof@netscape.com,835-967-0482,4 Surrey Alley,Zelmeņi,,Latvia,
Catrina,Lilliman,48,clillimanog@usgs.gov,280-218-6789,3053 Scofield Park,Heping,,China,
Cletis,Manie,32,cmanieoh@columbia.edu,539-485-6067,9839 Dryden Pass,Balayong,,Philippines,7213
Collen,Grazier,68,cgrazieroi@un.org,859-369-1392,696 Crownhardt Park,Nagcarlan,,Philippines,4002
Petunia,Mougin,78,pmouginoj@privacy.gov.au,934-504-6589,7550 Northwestern Avenue,Mafraq,,Jordan,
Carney,Olivella,56,colivellaok@moonfruit.com,221-819-7785,563 Farmco Drive,Plan de Ayala,Chiapas,Mexico,29601
Malanie,Walls,29,mwallsol@jigsy.com,887-815-7714,56 Delaware Place,Tunzhai,,China,
Rica,Holyard,67,rholyardom@studiopress.com,483-603-1543,351 Brickson Park Hill,Hafnarfjörður,,Iceland,221
Culley,McLeoid,40,cmcleoidon@virginia.edu,339-957-4842,6662 Longview Way,Beichan,,China,
Chevalier,Beeres,27,cbeeresoo@163.com,147-469-3826,677 Eastwood Street,Shaoguan,,China,
Hymie,Sheahan,49,hsheahanop@symantec.com,888-865-3366,8 Sutherland Plaza,Bakunase,,Indonesia,
Russell,Ewart,65,rewartoq@domainmarket.com,371-770-2217,785 8th Terrace,Ytterby,Västra Götaland,Sweden,442 53
Dieter,Benzies,63,dbenziesor@blog.com,159-801-9597,9125 Pierstorff Park,Pyapon,,Myanmar,
Sancho,Kaemena,69,skaemenaos@guardian.co.uk,449-947-7806,4404 School Junction,Kŭrdzhali,,Bulgaria,6710
Leonidas,Woloschin,61,lwoloschinot@google.de,625-850-6872,63681 Fremont Avenue,Canalete,,Colombia,235048
Elroy,Capell,40,ecapellou@opensource.org,252-400-3735,6046 Sheridan Circle,El Espino,,Colombia,151247
Elva,Gladbeck,30,egladbeckov@pagesperso-orange.fr,735-394-4801,38 American Trail,Palkino,,Russia,181280
Martie,Voysey,30,mvoyseyow@discovery.com,723-476-6938,75039 Fair Oaks Terrace,Verona,Veneto,Italy,37142
Yulma,Napoleone,38,ynapoleoneox@aol.com,884-589-8267,5 Mosinee Plaza,Jishu,,China,
Victoria,Coleiro,22,vcoleirooy@ovh.net,338-440-7892,578 Drewry Hill,Tanda,,Ivory Coast,
Heinrik,Feak,27,hfeakoz@globo.com,346-578-3570,4064 Petterle Terrace,Sukahening,,Indonesia,
Robbi,Tunno,67,rtunnop0@guardian.co.uk,284-375-9886,828 Butterfield Crossing,Golopau,,Indonesia,
Keefe,Sainter,80,ksainterp1@ted.com,800-297-7006,00 Fremont Avenue,Tarangnan,,Philippines,6704
Corine,Hallan,34,challanp2@ibm.com,333-963-5807,9780 Monterey Parkway,Prokhladnyy,,Russia,366041
Olag,Wallwork,59,owallworkp3@ox.ac.uk,341-786-8099,30613 Dunning Place,Cogon,,Philippines,1686
Vivia,Yosevitz,57,vyosevitzp4@com.com,966-822-2256,4092 Anderson Center,Karlsruhe,Baden-Württemberg,Germany,76199
Web,Berrycloth,41,wberryclothp5@prweb.com,956-628-6087,6970 Bunting Crossing,Eadestown,,Ireland,A86
Tamarra,Timmons,44,ttimmonsp6@moonfruit.com,599-279-8585,647 Mockingbird Court,Estacion,,Philippines,3322
Hamilton,Ziem,85,hziemp7@unc.edu,813-820-0882,128 Golf View Crossing,Daniwato,,Indonesia,
Willyt,Albasini,23,walbasinip8@nifty.com,277-520-6750,7 Spaight Circle,Bayt ‘Adhāqah,,Yemen,
Gardy,Hayhurst,69,ghayhurstp9@yellowbook.com,794-483-4723,2231 Blackbird Drive,Mataraben,,Indonesia,
Dulcea,Fellows,60,dfellowspa@photobucket.com,902-609-6760,3 Express Terrace,Lubei,,China,
Junette,Klousner,38,jklousnerpb@yahoo.com,594-739-6957,7 Meadow Valley Lane,Taifu,,China,
Glennis,Olwen,36,golwenpc@senate.gov,638-638-9373,02718 Dryden Lane,Kiikala,,Finland,25390
Rip,Graal,69,rgraalpd@ocn.ne.jp,305-758-2605,915 Cambridge Court,Utan,,Indonesia,
Ciel,Trownson,21,ctrownsonpe@fema.gov,258-671-8464,18258 Packers Lane,Neundeut,,Indonesia,
Emile,Gilbertson,79,egilbertsonpf@imdb.com,754-833-4318,3482 Eliot Circle,Al Ḩashwah,,Yemen,
Basilius,Leader,20,bleaderpg@technorati.com,607-869-9947,44232 Fremont Plaza,Hovås,Västra Götaland,Sweden,436 54
Cathleen,Darco,38,cdarcoph@usda.gov,334-360-7540,4 Main Park,Trnava,,Czech Republic,674 01
Rodger,Crosfeld,45,rcrosfeldpi@chronoengine.com,130-521-4083,5 Portage Street,San Juan,,Philippines,6227
Arlen,Summerton,37,asummertonpj@deviantart.com,764-421-5996,5696 Butterfield Street,Dingshan,,China,
Annissa,Stanbrooke,73,astanbrookepk@pinterest.com,781-689-2227,3369 Eggendart Alley,Frei Paulo,,Brazil,49514-000
Christine,Ridge,47,cridgepl@about.com,666-202-5097,4 Arkansas Street,Niños Heroes,Veracruz Llave,Mexico,93393
Danella,Labbez,48,dlabbezpm@sina.com.cn,234-680-5044,192 Eagan Center,Bringinanom,,Indonesia,
Nathan,Lillee,24,nlilleepn@pen.io,643-611-7547,98 Farragut Point,Moryń,,Poland,74-503
Desdemona,Scambler,35,dscamblerpo@youtu.be,992-544-7890,7 Manufacturers Pass,Balabac,,Philippines,5307
Loutitia,Westcot,40,lwestcotpp@ucla.edu,765-377-3927,726 Lakewood Junction,Salas,,Peru,
Ruthanne,Falkner,68,rfalknerpq@umich.edu,196-873-1393,5691 Orin Drive,Cayenne,Guyane,French Guiana,97341 CEDEX
Amity,Renfrew,80,arenfrewpr@theatlantic.com,579-181-7272,96826 Declaration Road,Karoya,,Indonesia,
Sigvard,Lovitt,59,slovittps@myspace.com,823-768-1277,8 Garrison Alley,Fatufaun,,Indonesia,
Hillier,Skally,70,hskallypt@nyu.edu,724-681-0752,7407 Merchant Park,Nueve de Julio,,Argentina,3606
Solomon,Randle,54,srandlepu@scientificamerican.com,110-181-4811,60 Susan Point,Ichupampa,,Peru,
Annmaria,Leroux,53,alerouxpv@livejournal.com,291-729-3395,723 Iowa Pass,Launceston,Tasmania,Australia,7904
Joanie,Alibone,33,jalibonepw@privacy.gov.au,708-152-5211,71 Anderson Plaza,Lazarevac,,Serbia,
Normand,Braznell,68,nbraznellpx@java.com,984-259-7327,86 Raven Circle,Pampas,,Peru,
Glennis,Piniur,71,gpiniurpy@drupal.org,882-388-7206,83 Lawn Trail,Rostokino,,Russia,357974
Wyatan,Bitterton,51,wbittertonpz@epa.gov,241-218-5136,14100 Trailsway Court,Danyang,,China,
Eimile,Spindler,52,espindlerq0@washingtonpost.com,805-707-8676,286 Loftsgordon Drive,Sabandia,,Peru,
Jabez,Keirl,24,jkeirlq1@cornell.edu,508-915-3946,7579 Esker Way,Koubia,,Guinea,
Amanda,Laurentin,40,alaurentinq2@feedburner.com,938-524-1447,5140 Mccormick Hill,Villa Ascasubi,,Argentina,5935
Kata,Gatch,78,kgatchq3@tripod.com,123-997-9653,8 Elmside Alley,Aş Şanamayn,,Syria,
Waly,Edmand,29,wedmandq4@bluehost.com,306-214-8612,0285 Kenwood Lane,Hafnarfjörður,,Iceland,221
Philipa,Sheldrake,52,psheldrakeq5@csmonitor.com,555-367-3910,750 Evergreen Road,Jepuro,,Indonesia,
Roselia,Lagneaux,22,rlagneauxq6@netlog.com,651-286-8422,47821 Hauk Hill,Qiandeng,,China,
Oralee,Knott,19,oknottq7@house.gov,511-654-2792,746 Almo Alley,Mbongawani,,Indonesia,
Maryl,Menure,37,mmenureq8@slideshare.net,598-420-4074,79 Westend Drive,Lisieux,Basse-Normandie,France,14109 CEDEX
Esther,Drinkall,63,edrinkallq9@engadget.com,267-830-5914,9 Jenna Circle,Chenyangzhai,,China,
Onida,Dunkerly,39,odunkerlyqa@bloglovin.com,633-223-1065,69605 Artisan Hill,Navashino,,Russia,452538
Violette,Ashton,41,vashtonqb@google.ca,177-351-7830,66 Elmside Trail,Monaragala,,Sri Lanka,91000
Kristos,Gillion,73,kgillionqc@ustream.tv,850-188-3756,7 Saint Paul Point,Katagum,,Nigeria,
Jone,Grimmolby,35,jgrimmolbyqd@marriott.com,110-227-2539,3 Mandrake Hill,Bakungan,,Indonesia,
Munmro,Hutchens,45,mhutchensqe@shareasale.com,308-938-0345,09961 Hudson Terrace,Estrada,Viseu,Portugal,5100-873
Breanne,Wilber,46,bwilberqf@mediafire.com,306-182-6498,3 Grim Pass,Ostaszewo,,Poland,82-112
Clementius,Okroy,72,cokroyqg@bravesites.com,937-692-7044,14915 Nelson Drive,Tangjia,,China,
Antone,Serjeant,73,aserjeantqh@posterous.com,817-341-9149,0752 Sunfield Plaza,Beirut,,Lebanon,
Phillis,Mundy,83,pmundyqi@exblog.jp,545-114-6184,84372 Sage Avenue,Orël,,Russia,303014
Janna,Yetts,43,jyettsqj@technorati.com,142-703-7778,58 Mifflin Street,Barkā’,,Oman,
Hally,Drohan,66,hdrohanqk@photobucket.com,820-772-8843,23 Kedzie Drive,Oeleon,,Indonesia,
Reube,MacVagh,49,rmacvaghql@gizmodo.com,508-327-4715,93907 Dixon Trail,Chư Ty,,Vietnam,
Kelsey,Stapells,48,kstapellsqm@youtu.be,203-787-4453,26 Redwing Pass,Gumdag,,Turkmenistan,
Zerk,Aleksich,39,zaleksichqn@github.com,878-746-1901,403 Becker Parkway,Mirimire,,Venezuela,
Marylin,Ronca,34,mroncaqo@hud.gov,461-709-3437,15 Warner Center,Włoszakowice,,Poland,64-140
Andrey,Battershall,23,abattershallqp@vistaprint.com,666-594-0897,443 Nancy Point,Venustiano Carranza,Chiapas,Mexico,30171
Janis,Paddeley,55,jpaddeleyqq@sbwire.com,391-376-1138,6 Esch Alley,Thị Trấn Kim Tân,,Vietnam,
Dusty,Stucksbury,84,dstucksburyqr@utexas.edu,466-378-1895,33934 Everett Trail,Wyszki,,Poland,17-132
Chiquia,Whiteman,26,cwhitemanqs@reddit.com,892-361-1721,81 Oakridge Terrace,Pasatan,,Indonesia,
Elga,Guwer,61,eguwerqt@reference.com,282-963-8996,9 Gerald Pass,Thị Trấn Hà Trung,,Vietnam,
Teodorico,Mowles,67,tmowlesqu@facebook.com,195-835-1701,5414 Ridgeview Plaza,Rincón,,Dominican Republic,10602
Freemon,Fright,48,ffrightqv@thetimes.co.uk,897-433-8899,4 Village Parkway,Guojiazhuang,,China,
Harlene,Joutapaitis,52,hjoutapaitisqw@soundcloud.com,140-716-1502,6092 Hooker Hill,Rungis,Île-de-France,France,94636 CEDEX 1
Chelsae,Klaves,39,cklavesqx@google.co.jp,286-938-0745,98277 Transport Parkway,Wuduhe,,China,
Delainey,Beche,76,dbecheqy@cornell.edu,266-549-6100,69 Mcbride Pass,Liugong,,China,
Harmony,Steanyng,52,hsteanyngqz@webs.com,263-146-7883,9099 Hoard Junction,Vyshhorod,,Ukraine,
Layla,Shickle,39,lshickler0@jugem.jp,118-959-0054,003 Fordem Road,Vendas de Galizes,Coimbra,Portugal,3400-498
Rene,Hampshire,76,rhampshirer1@stanford.edu,160-634-0275,0725 Reindahl Trail,Zachepylivka,,Ukraine,
Raeann,Riggey,49,rriggeyr2@tripod.com,390-508-1519,62 Butterfield Hill,Paris 13,Île-de-France,France,75643 CEDEX 13
Cathyleen,Sadlier,76,csadlierr3@google.nl,531-906-8292,5493 5th Court,Fontenay-sous-Bois,Île-de-France,France,94726 CEDEX
Calypso,McGillivrie,66,cmcgillivrier4@phoca.cz,532-600-0701,5392 Arrowood Hill,Gråbo,Västra Götaland,Sweden,443 14
Dee dee,Spinnace,81,dspinnacer5@java.com,417-951-6880,7630 Jenifer Pass,Brisbane,Queensland,Australia,9010
Kathye,Curl,67,kcurlr6@etsy.com,104-287-8867,749 Badeau Crossing,Bariri,,Brazil,17250-000
Kelcie,Rigg,34,kriggr7@cbslocal.com,398-589-9304,129 Gulseth Crossing,Lidu,,China,
Deana,Coop,76,dcoopr8@last.fm,648-702-5813,535 Starling Circle,Buenavista,,Philippines,8601
Annelise,Tyer,20,atyerr9@uol.com.br,623-144-5006,22107 Prentice Street,Belfort,Franche-Comté,France,90009 CEDEX
Robbert,Messitt,31,rmessittra@multiply.com,301-387-8547,933 Kropf Point,Oeba,,Indonesia,
Geri,Melwall,36,gmelwallrb@phoca.cz,875-370-1513,8 Schurz Alley,Zhongmen,,China,
Marlena,Esmond,61,mesmondrc@accuweather.com,666-668-2852,2141 Nelson Terrace,Braunschweig,Niedersachsen,Germany,38126
Braden,Forrestill,77,bforrestillrd@ameblo.jp,303-198-2162,359 Darwin Parkway,Denver,Colorado,United States,80291
Rosa,McPhate,21,rmcphatere@etsy.com,439-987-7347,02 Raven Circle,Muhos,,Finland,91501
Lynnell,Persicke,20,lpersickerf@businessinsider.com,781-900-3254,2610 Bayside Plaza,Huancheng,,China,
Janene,Giraux,74,jgirauxrg@wired.com,963-656-2868,12 Coolidge Parkway,Ust’-Izhora,,Russia,196658
Elva,Casswell,69,ecasswellrh@google.ca,595-796-1207,3247 Carioca Lane,Sula,,Philippines,2914
Gwen,Sparling,76,gsparlingri@vk.com,980-372-5345,2594 7th Circle,Kramat,,Indonesia,
Travus,Happel,73,thappelrj@gov.uk,631-833-2927,3 Coolidge Lane,La Cumbre,,Colombia,760518
Charlotte,Bonnet,77,cbonnetrk@sphinn.com,680-157-5820,47 Jenifer Center,Drammen,Buskerud,Norway,3012
Kimmi,Westhoff,30,kwesthoffrl@bloglines.com,877-292-2996,99034 Kedzie Road,Fenglin,,China,
Rollo,Bannister,66,rbannisterrm@pbs.org,651-851-9707,53577 Huxley Drive,Osinniki,,Russia,652809
Nathalie,Balbeck,57,nbalbeckrn@dailymotion.com,302-567-0301,62979 Canary Circle,Ljungbyholm,Kalmar,Sweden,388 31
Brand,Mountlow,36,bmountlowro@vinaora.com,405-524-6586,722 Division Road,Hantara,,Indonesia,
Gery,Drinkhall,18,gdrinkhallrp@blogger.com,280-898-8684,58785 Blaine Place,San Andres,,Philippines,5504
Margarette,Novello,66,mnovellorq@mozilla.com,513-162-6418,856 Roxbury Alley,Cincinnati,Ohio,United States,45213
Tory,Soppitt,27,tsoppittrr@hud.gov,955-574-9973,451 Bluejay Way,Klinan,,Philippines,9504
