id,first_name,last_name,email,gender,ip_address,phone
1,Marice,Grissett,mgrissett0@mashable.com,Female,233.215.112.148,543 448 1237
2,Analise,De Brett,adebrett1@craigslist.org,Female,7.5.65.15,693 388 3785
3,Demetrius,Sirette,dsirette2@nifty.com,Male,52.98.189.193,335 262 1325
4,Thibaud,Ryley,tryley3@amazon.co.uk,Male,96.42.234.83,370 247 2052
5,Fiona,Ollington,follington4@google.com.br,Female,144.133.220.229,533 217 7546
6,Glynda,Hobben,ghobben5@drupal.org,Female,151.140.101.204,102 443 5862
7,Lezley,Wanell,lwanell6@opera.com,Agender,143.187.215.47,727 710 8442
8,Celestyn,Fanstone,cfanstone7@ftc.gov,Female,124.214.17.71,825 779 7526
9,Gratiana,Cawthry,gcawthry8@cam.ac.uk,Female,75.131.155.245,896 733 2508
10,Viki,Soppit,vsoppit9@is.gd,Female,35.93.52.5,983 501 9085
11,Kathleen,Kibbey,kkibbeya@time.com,Female,19.75.185.102,192 973 9607
12,Daphna,Tokley,dtokleyb@craigslist.org,Female,179.35.250.113,632 797 4189
13,Corabelle,O'Geneay,cogeneayc@boston.com,Genderqueer,53.158.102.251,940 887 6968
14,Gottfried,Yesson,gyessond@archive.org,Male,141.179.78.93,513 917 6414
15,Berk,Bodleigh,bbodleighe@netvibes.com,Male,19.13.254.176,357 310 9483
16,Kevyn,Domotor,kdomotorf@cam.ac.uk,Female,230.109.8.31,298 183 4013
17,Dulce,Croose,dcrooseg@bloglines.com,Female,120.10.250.80,408 748 3543
18,Florance,Felten,ffeltenh@cpanel.net,Agender,237.75.185.134,585 815 0290
19,Fleur,Bischoff,fbischoffi@reddit.com,Female,148.113.77.248,386 819 0317
20,Dalt,Lemonby,dlemonbyj@yolasite.com,Male,118.139.210.181,232 878 3738
21,Abelard,Oswald,aoswaldk@zimbio.com,Male,82.225.240.177,317 476 3154
22,Joel,Oller,jollerl@omniture.com,Male,152.238.211.203,758 163 4519
23,Batholomew,Phythien,bphythienm@gmpg.org,Male,247.206.36.245,768 983 8068
24,Klara,Matias,kmatiasn@ox.ac.uk,Female,217.159.206.187,868 349 9007
25,Marshall,Free,mfreeo@intel.com,Male,71.214.224.192,670 669 0779
26,Zackariah,Goldstraw,zgoldstrawp@clickbank.net,Male,239.193.12.195,721 963 9422
27,Johannes,Beccero,jbecceroq@zimbio.com,Male,8.236.65.178,421 929 4292
28,Clayson,Burr,cburrr@adobe.com,Male,78.123.154.36,186 665 5384
29,Pinchas,Gauntlett,pgauntletts@mac.com,Male,177.208.101.171,687 320 9203
30,Daniel,Farries,dfarriest@ehow.com,Male,245.127.36.113,810 745 1449
31,Merrili,D'Aeth,mdaethu@yellowpages.com,Female,81.121.130.178,303 850 1043
32,Salvidor,Lievesley,slievesleyv@nhs.uk,Male,213.152.146.182,657 245 2163
33,Krystal,MacDiarmid,kmacdiarmidw@sphinn.com,Female,109.8.68.162,471 931 7005
34,Leila,Rosbottom,lrosbottomx@cbsnews.com,Female,115.236.1.160,924 744 7064
35,Benny,Klemmt,bklemmty@google.nl,Male,78.92.149.161,534 904 1652
36,Wiley,Facchini,wfacchiniz@geocities.com,Polygender,14.245.181.152,568 394 6223
37,Dayle,Weiss,dweiss10@cyberchimps.com,Female,137.150.197.250,434 713 8368
38,Ruthann,Buckoke,rbuckoke11@shinystat.com,Genderfluid,40.193.16.150,189 795 5996
39,Felice,Raulin,fraulin12@artisteer.com,Male,91.14.208.107,690 338 8206
40,Kelbee,Tabourier,ktabourier13@meetup.com,Male,141.96.187.165,706 215 5002
41,Crosby,Marvin,cmarvin14@technorati.com,Male,239.30.158.66,398 865 8975
42,Thorny,Bretton,tbretton15@t.co,Male,186.82.213.241,397 128 2577
43,Erinn,Aliman,ealiman16@gov.uk,Female,57.1.90.46,780 873 3385
44,Clovis,Kyberd,ckyberd17@cdc.gov,Female,42.87.117.230,330 125 9456
45,Chickie,Vater,cvater18@apache.org,Agender,254.41.218.69,132 934 7898
46,Sam,Wince,swince19@ibm.com,Male,208.54.227.38,389 808 1823
47,Harp,Penritt,hpenritt1a@si.edu,Male,78.5.13.226,570 858 8160
48,Janina,von Nassau,jvonnassau1b@altervista.org,Female,206.39.119.116,234 785 4210
49,Sharleen,Jodlkowski,sjodlkowski1c@tinyurl.com,Female,230.51.192.243,265 394 6062
50,Ayn,Booth,abooth1d@mapy.cz,Female,101.77.44.164,414 190 4824
51,Emmye,Oxlade,eoxlade1e@umn.edu,Female,179.30.130.78,197 670 8473
52,Ximenez,Wretham,xwretham1f@reuters.com,Male,84.234.232.26,621 276 0124
53,Amalea,Lidster,alidster1g@eepurl.com,Female,39.212.171.123,314 485 9681
54,Arlin,Piotrowski,apiotrowski1h@moonfruit.com,Male,114.225.3.237,867 780 6390
55,Julietta,Costa,jcosta1i@nationalgeographic.com,Female,186.211.33.38,731 309 8646
56,Ashlee,Caesman,acaesman1j@deliciousdays.com,Female,152.189.150.37,375 281 1819
57,Mylo,Peebles,mpeebles1k@archive.org,Male,3.63.183.118,340 858 7887
58,Dominique,Kirsche,dkirsche1l@github.io,Female,143.83.119.75,930 258 4757
59,Alie,Povlsen,apovlsen1m@moonfruit.com,Female,215.145.24.24,263 808 3188
60,Ninetta,Minghetti,nminghetti1n@amazon.co.uk,Agender,238.1.193.236,918 988 7532
61,Davin,Roscam,droscam1o@state.gov,Male,168.255.42.164,523 482 1239
62,Valentijn,Hornig,vhornig1p@artisteer.com,Male,122.202.38.115,774 985 4372
63,Franchot,Rope,frope1q@topsy.com,Male,7.185.116.4,263 478 9894
64,Editha,Vidler,evidler1r@yahoo.com,Female,170.55.32.183,857 230 4742
65,Shauna,Dudson,sdudson1s@yahoo.co.jp,Female,201.238.201.103,707 541 4356
66,Cosme,Hamp,champ1t@zimbio.com,Male,126.121.218.146,284 117 5612
67,Seward,Clericoates,sclericoates1u@wunderground.com,Male,81.241.108.139,505 447 7780
68,Amery,Boick,aboick1v@census.gov,Male,42.136.0.166,863 943 7289
69,Guglielma,Firminger,gfirminger1w@dot.gov,Female,134.148.100.132,287 393 1807
70,Margareta,Turmel,mturmel1x@theguardian.com,Female,117.17.135.89,688 698 5222
71,Fabiano,Nobles,fnobles1y@flickr.com,Male,193.95.120.251,682 796 5884
72,Tabor,Starr,tstarr1z@state.gov,Male,140.90.98.63,917 361 2064
73,Ernesto,Kuhwald,ekuhwald20@wsj.com,Male,161.182.173.67,892 967 8702
74,Lorrie,Sebring,lsebring21@theguardian.com,Genderqueer,160.241.60.73,936 649 1473
75,Ken,Screen,kscreen22@seesaa.net,Male,173.66.64.22,927 759 7879
76,Isak,Robelow,irobelow23@discovery.com,Male,72.7.234.177,379 244 8439
77,Faydra,Foxon,ffoxon24@weather.com,Female,7.157.141.202,212 947 1054
78,Ad,Unger,aunger25@free.fr,Male,168.88.155.194,199 765 5544
79,Lucie,Simioli,lsimioli26@thetimes.co.uk,Female,201.46.107.223,939 841 7619
80,Lennie,Crockatt,lcrockatt27@dailymotion.com,Male,85.59.124.235,334 769 5794
81,Thornton,Shephard,tshephard28@opensource.org,Male,251.255.238.0,383 262 2749
82,Leighton,Shilleto,lshilleto29@unblog.fr,Male,199.114.22.210,122 512 8242
83,Melvin,Guiden,mguiden2a@tamu.edu,Male,117.22.87.211,377 429 1408
84,Peg,Greenstock,pgreenstock2b@yelp.com,Genderfluid,101.170.230.1,889 355 6533
85,Gaelan,Graffin,ggraffin2c@mayoclinic.com,Male,207.212.255.155,369 541 6885
86,Riannon,Peschka,rpeschka2d@chicagotribune.com,Female,253.152.205.255,658 897 0510
87,Devan,Jerrams,djerrams2e@google.fr,Female,93.24.209.151,324 708 7911
88,Bianka,Pashenkov,bpashenkov2f@earthlink.net,Female,224.4.193.15,106 957 4679
89,Nollie,Rollitt,nrollitt2g@amazon.com,Male,28.169.247.137,308 928 1460
90,Gilles,Spiers,gspiers2h@unc.edu,Male,67.27.254.45,265 536 8716
91,Patrick,Frudd,pfrudd2i@telegraph.co.uk,Male,2.91.89.148,818 369 9554
92,Gearalt,Livock,glivock2j@ftc.gov,Male,93.138.241.132,240 433 0574
93,Norris,Clowton,nclowton2k@pbs.org,Male,204.65.54.199,772 572 7608
94,Haley,Janosevic,hjanosevic2l@geocities.com,Female,70.37.82.59,707 165 7668
95,Joli,Morsley,jmorsley2m@gmpg.org,Female,153.188.172.37,963 750 4687
96,Justin,Hollyard,jhollyard2n@opensource.org,Male,218.249.149.13,266 749 0219
97,Griff,Godon,ggodon2o@columbia.edu,Male,0.122.132.242,578 996 9841
98,Tyler,Peter,tpeter2p@google.nl,Male,125.11.147.192,167 696 2702
99,Siffre,Hexter,shexter2q@hc360.com,Male,178.197.218.86,958 115 9514
100,Donni,Hullbrook,dhullbrook2r@gov.uk,Female,251.132.73.160,193 122 9822
101,Marina,Nicholson,mnicholson2s@slideshare.net,Female,243.99.136.171,816 514 2355
102,Wake,Chetwin,wchetwin2t@msn.com,Bigender,8.82.29.20,832 268 1645
103,Itch,Ilott,iilott2u@yandex.ru,Male,185.217.7.90,607 685 2548
104,Jack,Curwen,jcurwen2v@github.io,Male,25.168.90.228,392 929 6896
105,Linette,Beddard,lbeddard2w@mozilla.org,Female,244.158.61.87,124 787 0262
106,Hermann,MacAfee,hmacafee2x@facebook.com,Male,151.62.215.222,152 614 3214
107,Arvie,Dovidian,adovidian2y@dmoz.org,Male,92.215.140.224,513 546 4149
108,Monti,Ugolini,mugolini2z@csmonitor.com,Male,66.170.237.112,565 320 5575
109,Kaylil,Gohn,kgohn30@msu.edu,Female,51.33.113.23,362 251 2959
110,Den,Greenhow,dgreenhow31@wired.com,Male,189.177.54.166,556 982 5349
111,Morgen,Padberry,mpadberry32@google.de,Female,153.27.70.231,733 973 0538
112,Caritta,Elles,celles33@reverbnation.com,Bigender,140.144.147.156,547 307 9737
113,Bryna,Opy,bopy34@earthlink.net,Bigender,192.32.108.125,235 956 2168
114,Maribel,Bursell,mbursell35@unc.edu,Female,38.4.21.62,984 464 5635
115,Griffy,Carine,gcarine36@cyberchimps.com,Male,81.236.146.138,978 631 3874
116,Myrna,Maffin,mmaffin37@army.mil,Female,61.153.52.252,232 301 0484
117,Shermie,O'Monahan,somonahan38@elegantthemes.com,Male,47.137.59.16,832 482 5752
118,Dolli,McLardie,dmclardie39@intel.com,Female,205.210.189.221,667 371 5162
119,Denys,Selwin,dselwin3a@barnesandnoble.com,Male,159.117.209.67,715 264 9694
120,Ondrea,Huffey,ohuffey3b@wix.com,Female,235.132.7.175,556 980 1182
121,Siegfried,Tranfield,stranfield3c@indiatimes.com,Male,135.159.161.75,837 390 4670
122,Ikey,Hobson,ihobson3d@goodreads.com,Male,17.182.186.91,215 352 2884
123,Wallace,Cusack,wcusack3e@ocn.ne.jp,Male,35.213.138.33,543 201 3312
124,Selma,Crips,scrips3f@godaddy.com,Female,89.191.223.251,951 713 2791
125,Shelba,Colbridge,scolbridge3g@facebook.com,Polygender,104.174.217.228,773 292 5719
126,Arlan,Kwietak,akwietak3h@wix.com,Male,57.86.240.133,704 708 6035
127,Brew,Debling,bdebling3i@yellowpages.com,Male,152.115.83.213,909 298 0607
128,Emmott,Risby,erisby3j@vimeo.com,Male,30.21.214.148,517 484 6304
129,Maurine,Bidwell,mbidwell3k@multiply.com,Female,215.8.110.169,153 371 8077
130,Glen,Karys,gkarys3l@noaa.gov,Female,59.93.99.50,676 109 3516
131,Garfield,Graddell,ggraddell3m@businessinsider.com,Male,25.243.181.150,913 903 0365
132,Farleigh,Heaviside,fheaviside3n@seesaa.net,Male,49.126.43.167,577 682 0902
133,Karina,Gambie,kgambie3o@hp.com,Female,179.30.56.75,365 216 2038
134,Hazel,Kinnach,hkinnach3p@irs.gov,Female,118.8.193.202,799 758 5647
135,Toinette,Wackly,twackly3q@symantec.com,Female,108.86.195.178,874 219 7240
136,Jeth,Backhurst,jbackhurst3r@jigsy.com,Male,51.217.45.113,659 549 1694
137,Enrica,Acum,eacum3s@forbes.com,Female,234.247.33.99,292 809 6591
138,Inglis,Heditch,iheditch3t@thetimes.co.uk,Male,180.76.42.161,461 114 0663
139,David,Matushenko,dmatushenko3u@irs.gov,Male,94.14.106.153,819 905 1524
140,Adriano,Silverstone,asilverstone3v@mapy.cz,Male,41.56.157.168,347 965 7191
141,Ingamar,Stentiford,istentiford3w@biglobe.ne.jp,Male,71.214.249.249,750 133 6839
142,Imogen,Sangra,isangra3x@pagesperso-orange.fr,Female,233.11.147.210,560 446 3311
143,Ranee,Brogden,rbrogden3y@mediafire.com,Female,219.22.149.50,322 867 6466
144,Annabella,Berkery,aberkery3z@cdbaby.com,Female,52.117.94.125,979 557 1710
145,Paule,Hales,phales40@about.com,Female,24.14.154.37,979 371 8883
146,Delilah,Spore,dspore41@rediff.com,Female,150.135.140.45,312 232 6652
147,Giustina,Gernier,ggernier42@plala.or.jp,Female,174.53.217.80,562 208 0727
148,Elberta,Ballantine,eballantine43@hostgator.com,Non-binary,146.110.104.66,303 798 4308
149,Kalli,Kaas,kkaas44@jugem.jp,Female,22.176.209.9,199 849 9130
150,Zacherie,Jacob,zjacob45@disqus.com,Genderfluid,183.166.37.242,227 940 8462
151,Vere,Finnes,vfinnes46@opera.com,Female,129.206.174.78,594 477 7952
152,Arni,Grimstead,agrimstead47@digg.com,Male,131.114.68.3,294 170 1677
153,Katina,Cootes,kcootes48@wiley.com,Female,97.244.107.191,939 999 1023
154,Saree,Ross,sross49@wired.com,Female,180.187.91.8,954 738 5971
155,Gerome,Rumble,grumble4a@cbsnews.com,Male,171.178.93.14,869 850 0296
156,Urson,Butting,ubutting4b@about.com,Male,204.114.22.184,232 200 1356
157,Monroe,Owlner,mowlner4c@phoca.cz,Male,180.37.39.45,469 746 6914
158,Ahmad,Chessman,achessman4d@opensource.org,Male,103.93.116.40,229 968 5958
159,Cassie,Binding,cbinding4e@telegraph.co.uk,Female,92.131.88.251,986 368 9894
160,Abbey,Stading,astading4f@harvard.edu,Bigender,3.165.175.127,890 261 7975
161,Zebulen,MacGorman,zmacgorman4g@oaic.gov.au,Non-binary,90.5.176.106,846 849 6785
162,Fulton,Scole,fscole4h@blinklist.com,Male,5.38.62.70,717 366 3624
163,Cynde,Duxbarry,cduxbarry4i@newyorker.com,Female,102.244.83.77,599 571 4140
164,Stephen,Kenyon,skenyon4j@ocn.ne.jp,Male,88.164.131.194,462 963 8210
165,Brian,Gorch,bgorch4k@yellowbook.com,Male,176.101.211.23,493 519 7181
166,Roderic,Fieldhouse,rfieldhouse4l@slideshare.net,Male,245.46.118.33,437 624 7371
167,Adlai,de Copeman,adecopeman4m@rambler.ru,Male,227.247.163.151,200 873 3640
168,Eben,Ciccottio,eciccottio4n@theglobeandmail.com,Male,185.252.47.138,167 927 2878
169,Melody,Fulham,mfulham4o@huffingtonpost.com,Female,42.198.126.163,237 262 5671
170,Adria,Glennard,aglennard4p@jimdo.com,Female,58.143.37.224,358 321 7380
171,Linet,Scotting,lscotting4q@facebook.com,Genderqueer,151.69.49.156,645 939 7223
172,Lorette,Clarridge,lclarridge4r@dyndns.org,Female,117.180.232.71,284 703 4877
173,Annecorinne,Gerlts,agerlts4s@nbcnews.com,Female,149.96.198.121,477 941 0755
174,Hobey,Roseblade,hroseblade4t@globo.com,Polygender,152.7.31.86,182 903 1331
175,Saree,Jinks,sjinks4u@soup.io,Female,246.196.62.57,914 815 1820
176,Cyrillus,Graysmark,cgraysmark4v@sitemeter.com,Male,149.15.235.61,904 655 4680
177,My,Lifsey,mlifsey4w@odnoklassniki.ru,Male,109.63.193.36,520 799 8672
178,Scarlett,Vint,svint4x@unicef.org,Female,54.124.163.184,859 785 8814
179,Norbert,Selbie,nselbie4y@gmpg.org,Male,135.21.157.180,834 964 1624
180,Maxim,Pocke,mpocke4z@imgur.com,Male,96.17.225.4,588 816 6721
181,Orion,Ackeroyd,oackeroyd50@weather.com,Male,223.198.14.151,867 106 4781
182,Meghan,Goodliff,mgoodliff51@mtv.com,Female,241.105.91.219,501 376 1187
183,Ryan,Hitcham,rhitcham52@webeden.co.uk,Male,0.140.106.49,195 459 2322
184,Lauraine,Fitchen,lfitchen53@accuweather.com,Female,74.247.208.48,429 285 9586
185,Gael,Aikett,gaikett54@liveinternet.ru,Male,8.1.7.72,957 357 9658
186,Ricard,Huyghe,rhuyghe55@epa.gov,Male,18.253.28.123,387 720 3347
187,Willie,Skellon,wskellon56@usnews.com,Male,137.216.157.104,531 405 8860
188,Osborn,Navein,onavein57@cnet.com,Male,156.244.138.34,104 985 5438
189,Adrienne,Castanyer,acastanyer58@hostgator.com,Female,179.20.236.156,832 285 9369
190,Otis,Rittmeier,orittmeier59@princeton.edu,Male,187.189.190.7,711 740 4318
191,Dorothee,Frickey,dfrickey5a@economist.com,Female,134.192.141.170,834 204 6016
192,Al,Hayller,ahayller5b@infoseek.co.jp,Male,29.239.187.88,826 945 1889
193,Cherri,Clemas,cclemas5c@hostgator.com,Female,209.33.147.108,756 326 0496
194,Jonell,Trencher,jtrencher5d@ask.com,Female,212.187.25.190,858 343 6833
195,Sullivan,Pettipher,spettipher5e@samsung.com,Male,10.152.2.13,437 293 0630
196,Berkeley,Jahner,bjahner5f@sphinn.com,Male,6.23.237.200,527 769 8815
197,Justis,Hadeke,jhadeke5g@goo.ne.jp,Male,71.162.45.252,980 593 3511
198,Zelda,Eva,zeva5h@omniture.com,Female,204.98.209.120,699 768 9608
199,Baillie,Rait,brait5i@phpbb.com,Male,118.87.26.114,630 874 2992
200,Tillie,Pitkethly,tpitkethly5j@goo.ne.jp,Female,25.176.95.10,961 854 4144
201,Beverlee,Crichley,bcrichley5k@washington.edu,Female,175.159.110.164,123 309 5288
202,Phil,Andrelli,pandrelli5l@indiatimes.com,Male,221.162.232.99,939 560 7475
203,Angelika,Makinson,amakinson5m@example.com,Female,235.153.72.207,203 214 0043
204,Welbie,Brideaux,wbrideaux5n@live.com,Male,166.102.76.190,468 124 8799
205,Stan,Barrett,sbarrett5o@tinypic.com,Male,198.40.46.180,604 408 0769
206,Ernest,Magarrell,emagarrell5p@hugedomains.com,Male,14.73.89.219,182 622 4628
207,Maxy,Gorling,mgorling5q@printfriendly.com,Male,74.41.30.195,501 115 4384
208,Chanda,Deamer,cdeamer5r@bbb.org,Female,134.157.36.40,358 667 4630
209,Haily,Bloxsom,hbloxsom5s@google.es,Female,32.208.5.163,503 761 4128
210,Valeda,Kyllford,vkyllford5t@squidoo.com,Female,124.74.5.212,195 863 5955
211,Darcy,Kelwick,dkelwick5u@samsung.com,Male,43.231.188.145,446 240 4005
212,Iorgos,Macklam,imacklam5v@cafepress.com,Male,243.223.210.235,104 509 3326
213,Joeann,Kiddey,jkiddey5w@mayoclinic.com,Female,131.230.212.86,466 452 9972
214,Gregoor,Galia,ggalia5x@domainmarket.com,Male,210.49.106.86,101 878 9283
215,Dalia,Balazin,dbalazin5y@thetimes.co.uk,Polygender,80.43.178.93,437 413 5600
216,Lorry,Wetton,lwetton5z@bbc.co.uk,Male,37.109.172.223,311 726 5589
217,Iormina,Suero,isuero60@squarespace.com,Female,197.198.80.166,242 243 1338
218,Zeke,Lambrick,zlambrick61@opera.com,Male,200.192.117.28,503 117 5181
219,Wallace,Abbet,wabbet62@vkontakte.ru,Male,61.162.187.179,955 206 1889
220,Dennie,Lensch,dlensch63@imgur.com,Female,148.173.248.217,515 359 8181
221,Sharla,Deller,sdeller64@themeforest.net,Female,217.85.156.240,935 124 5991
222,Christye,Duiguid,cduiguid65@soup.io,Female,236.80.61.59,950 947 6713
223,Boniface,Brellin,bbrellin66@house.gov,Male,195.176.231.212,586 998 5366
224,Obediah,Stockton,ostockton67@artisteer.com,Male,179.98.42.228,969 200 5162
225,Letty,Kiwitz,lkiwitz68@washington.edu,Female,142.164.64.147,475 994 0077
226,Christos,Tayspell,ctayspell69@facebook.com,Male,238.56.250.28,936 618 2751
227,Cullin,McClosh,cmcclosh6a@newyorker.com,Male,157.199.146.225,951 738 1489
228,Jorey,Solly,jsolly6b@wikispaces.com,Female,197.185.255.186,574 397 0368
229,Rudolph,Headech,rheadech6c@cbslocal.com,Male,110.147.63.173,300 389 5769
230,Reynard,Lovegrove,rlovegrove6d@1688.com,Male,238.97.98.68,708 832 3671
231,Sophi,Erratt,serratt6e@godaddy.com,Female,215.91.171.37,108 129 8832
232,Arri,Morrad,amorrad6f@typepad.com,Non-binary,121.209.199.138,647 471 2239
233,Rice,Jephcott,rjephcott6g@ftc.gov,Male,70.150.206.225,157 948 0839
234,Gayelord,Salkild,gsalkild6h@japanpost.jp,Male,70.182.172.88,599 293 7580
235,Almeta,Swafield,aswafield6i@buzzfeed.com,Female,230.44.227.230,422 518 1082
236,Jessee,Braban,jbraban6j@nymag.com,Male,183.86.184.4,851 772 3349
237,Eirena,McAlees,emcalees6k@japanpost.jp,Female,11.184.16.73,851 597 6865
238,Levy,Castagneto,lcastagneto6l@ucla.edu,Genderqueer,186.2.219.125,456 717 8795
239,Estelle,Pollard,epollard6m@chron.com,Female,2.202.37.5,301 582 8198
240,Rennie,Anney,ranney6n@geocities.jp,Female,185.182.181.221,241 404 2829
241,Boycie,Casiero,bcasiero6o@nbcnews.com,Agender,51.98.41.68,975 316 6396
242,Minette,Loncaster,mloncaster6p@wix.com,Female,192.199.195.195,682 400 0910
243,Daile,Lindblad,dlindblad6q@accuweather.com,Female,77.59.221.98,538 216 8855
244,Elinore,O'Nions,eonions6r@gizmodo.com,Female,219.85.169.36,805 608 6802
245,Bartlet,Adie,badie6s@opensource.org,Male,242.233.167.131,249 861 3589
246,Der,Roos,droos6t@sun.com,Agender,64.165.214.46,352 111 3638
247,Arliene,Brisco,abrisco6u@elpais.com,Female,209.155.122.110,571 598 9312
248,Rouvin,Tallet,rtallet6v@wiley.com,Male,248.160.86.156,554 534 7791
249,Zollie,Straneo,zstraneo6w@nydailynews.com,Male,20.170.202.187,760 489 0638
250,Matty,Goodley,mgoodley6x@freewebs.com,Male,187.117.255.57,305 871 9263
251,Consuelo,Shires,cshires6y@nps.gov,Non-binary,182.210.210.232,143 108 1810
252,Mandi,Grinston,mgrinston6z@bigcartel.com,Female,72.6.207.250,182 997 3750
253,Franciskus,Kinnock,fkinnock70@plala.or.jp,Male,248.80.134.53,425 890 9386
254,Cello,Riddler,criddler71@webs.com,Male,194.41.113.165,479 227 7134
255,Josselyn,Chislett,jchislett72@zdnet.com,Female,233.22.127.222,451 292 9851
256,Arlinda,Marco,amarco73@bandcamp.com,Female,113.10.96.46,389 129 7823
257,Ambrose,McCall,amccall74@wired.com,Male,52.130.205.169,926 603 8258
258,Hadlee,Stangoe,hstangoe75@dagondesign.com,Male,204.97.13.125,995 538 9744
259,Zebedee,Osman,zosman76@360.cn,Male,177.200.18.197,860 109 3550
260,Val,Tolumello,vtolumello77@nationalgeographic.com,Female,154.8.179.184,225 634 5531
261,Esme,Barizeret,ebarizeret78@ucsd.edu,Female,255.150.42.179,911 405 1831
262,Vivi,Redsell,vredsell79@tripod.com,Female,65.51.215.112,630 133 5943
263,Mitchael,Colisbe,mcolisbe7a@w3.org,Male,234.76.55.171,664 712 7943
264,Baldwin,Flann,bflann7b@csmonitor.com,Male,199.55.134.194,786 216 9476
265,Junie,Shorte,jshorte7c@guardian.co.uk,Female,23.251.226.149,168 902 2695
266,Meryl,Orringe,morringe7d@irs.gov,Male,237.253.73.210,596 175 1262
267,Elfie,Hordell,ehordell7e@howstuffworks.com,Female,25.104.190.61,417 357 3343
268,Lainey,Casolla,lcasolla7f@domainmarket.com,Female,85.30.118.84,756 856 8456
269,Orly,Wolfarth,owolfarth7g@altervista.org,Agender,97.182.44.243,137 166 8349
270,Emlynne,Mateev,emateev7h@vk.com,Female,63.242.155.84,688 549 9739
271,Merissa,Dabnot,mdabnot7i@epa.gov,Female,222.194.13.247,203 619 0024
272,Mario,Dablin,mdablin7j@tiny.cc,Male,133.78.14.159,716 565 4988
273,Hailey,Headland,hheadland7k@people.com.cn,Male,115.113.180.212,867 284 9703
274,Erna,Lindwall,elindwall7l@yellowbook.com,Female,171.82.57.205,560 825 8137
275,Olwen,Knowling,oknowling7m@wisc.edu,Female,181.65.74.174,333 541 3252
276,Vasilis,Coning,vconing7n@exblog.jp,Male,61.245.25.40,228 705 1863
277,Karalynn,Burnet,kburnet7o@ft.com,Female,101.46.42.242,831 376 5045
278,Brent,Criag,bcriag7p@cam.ac.uk,Male,4.228.205.177,177 748 0028
279,Kelsey,Dytham,kdytham7q@weather.com,Female,10.173.115.34,375 603 6495
280,Clay,McArley,cmcarley7r@npr.org,Male,19.30.239.233,478 530 0236
281,Lennie,Gayle,lgayle7s@soundcloud.com,Male,41.49.9.251,638 578 0439
282,Gerri,McQuillan,gmcquillan7t@dell.com,Male,10.208.210.60,680 422 8093
283,Pammy,Yuryaev,pyuryaev7u@shareasale.com,Female,206.137.88.225,239 699 4361
284,Bertie,Berntsson,bberntsson7v@4shared.com,Male,137.127.37.57,571 481 7337
285,Tannie,Wolstencroft,twolstencroft7w@cnet.com,Male,161.142.116.221,241 600 2284
286,Ware,Ianitti,wianitti7x@microsoft.com,Male,127.126.147.188,602 370 9686
287,Noelle,Flowerden,nflowerden7y@friendfeed.com,Female,177.198.16.12,448 807 8326
288,Morry,Kippin,mkippin7z@elpais.com,Agender,197.115.141.126,128 695 3643
289,Reidar,Townley,rtownley80@alibaba.com,Male,2.114.225.204,887 575 6417
290,Falito,Westoff,fwestoff81@senate.gov,Male,183.253.2.115,989 986 1474
291,Gilda,Burgwyn,gburgwyn82@sourceforge.net,Female,128.94.205.46,287 521 8199
292,Bord,Stango,bstango83@bloglines.com,Male,218.250.182.105,730 575 0065
293,Clea,Laugherane,claugherane84@theatlantic.com,Female,141.176.200.43,676 627 4447
294,Laird,Josovich,ljosovich85@unesco.org,Male,163.120.70.32,688 283 6772
295,Haily,Klink,hklink86@webeden.co.uk,Female,18.121.157.209,649 532 4315
296,Kalvin,Joannet,kjoannet87@dagondesign.com,Male,149.27.120.149,615 247 9403
297,Randee,Cragg,rcragg88@bravesites.com,Genderfluid,233.46.29.114,412 849 1370
298,Smith,Shilton,sshilton89@dailymotion.com,Male,203.109.230.116,891 354 5310
299,Adamo,Dibben,adibben8a@eventbrite.com,Male,135.210.53.208,868 967 7671
300,Clark,Russen,crussen8b@webmd.com,Male,0.185.65.195,582 666 2936
301,Adler,Clandillon,aclandillon8c@harvard.edu,Male,26.248.142.162,466 188 7978
302,Urban,Horsey,uhorsey8d@google.fr,Bigender,116.60.122.132,785 433 1166
303,Zsazsa,Keelin,zkeelin8e@typepad.com,Female,114.213.131.199,374 383 1979
304,Carver,Worboys,cworboys8f@e-recht24.de,Male,85.128.33.146,672 408 6607
305,Candy,Scaddon,cscaddon8g@canalblog.com,Female,41.34.83.152,718 463 4093
306,Eleanore,Kindall,ekindall8h@privacy.gov.au,Female,121.58.128.247,231 488 8444
307,Latashia,Gwyllt,lgwyllt8i@sciencedaily.com,Female,120.88.201.18,790 863 6970
308,Jayne,Duffil,jduffil8j@army.mil,Female,199.226.82.187,567 709 2282
309,Woodie,Nibley,wnibley8k@angelfire.com,Male,41.208.19.110,518 764 8896
310,Dunn,Heart,dheart8l@msn.com,Male,198.139.34.194,335 664 2297
311,Humfrid,Trevance,htrevance8m@vkontakte.ru,Male,151.4.244.173,274 308 3402
312,Etheline,Segot,esegot8n@nbcnews.com,Female,95.254.38.135,938 979 1328
313,Davina,Crittal,dcrittal8o@unblog.fr,Genderqueer,173.146.230.137,532 278 4682
314,Tatum,Falconer,tfalconer8p@quantcast.com,Female,99.212.230.7,739 144 7138
315,Meara,Boyne,mboyne8q@blogtalkradio.com,Female,229.65.65.212,261 444 8374
316,Ellie,Vickar,evickar8r@ebay.co.uk,Female,8.55.39.60,364 721 1235
317,Kelcy,Latchford,klatchford8s@wunderground.com,Female,193.69.193.40,995 477 9727
318,Launce,Benford,lbenford8t@de.vu,Male,243.92.73.221,544 152 9598
319,Elie,Strowger,estrowger8u@amazon.de,Non-binary,236.162.226.78,153 244 0387
320,Kerwinn,Kaliszewski,kkaliszewski8v@hao123.com,Male,150.51.127.131,219 365 5519
321,Olwen,Attard,oattard8w@admin.ch,Bigender,57.57.140.54,524 550 0554
322,Kenyon,Miskelly,kmiskelly8x@samsung.com,Male,171.78.181.138,749 368 1963
323,Reagen,Keane,rkeane8y@t-online.de,Male,30.125.0.196,260 389 9476
324,Dasya,Lorant,dlorant8z@mit.edu,Female,198.223.146.59,628 697 2581
325,Verna,Hugnin,vhugnin90@slideshare.net,Female,231.151.0.71,121 333 6152
326,Frances,Van Ross,fvanross91@icq.com,Female,217.22.82.132,842 269 0977
327,Bowie,Hatt,bhatt92@drupal.org,Male,47.176.200.85,393 995 6448
328,Danie,Dumblton,ddumblton93@google.es,Genderfluid,121.254.176.200,924 393 1934
329,Chrissie,Nevins,cnevins94@phoca.cz,Female,85.178.240.174,188 298 8621
330,Cesaro,Millimoe,cmillimoe95@hibu.com,Male,239.195.139.210,202 662 7066
331,Talbot,Milmith,tmilmith96@bigcartel.com,Male,35.79.62.251,638 247 7221
332,Natal,Girodias,ngirodias97@posterous.com,Male,214.159.50.136,555 360 9626
333,Gui,Abbatucci,gabbatucci98@hibu.com,Female,94.242.249.160,292 920 0942
334,Gussi,Draye,gdraye99@cnn.com,Female,74.238.144.195,275 510 9902
335,Chester,Bellhanger,cbellhanger9a@delicious.com,Male,255.64.110.206,206 537 6594
336,Steffi,Pedrocco,spedrocco9b@jugem.jp,Female,217.179.131.166,163 233 2578
337,Elnore,Collabine,ecollabine9c@dedecms.com,Female,10.143.97.187,962 523 6448
338,Wilie,Brockest,wbrockest9d@dell.com,Female,48.252.225.107,248 719 2068
339,Reyna,Woodger,rwoodger9e@1688.com,Bigender,103.78.28.15,820 710 6277
340,Harlan,Tonbye,htonbye9f@nytimes.com,Male,68.51.102.231,580 157 4348
341,Ervin,Caldicot,ecaldicot9g@vinaora.com,Male,118.227.31.104,850 521 7743
342,Sherill,MacCambridge,smaccambridge9h@wikipedia.org,Female,106.243.221.244,375 445 3653
343,Birgitta,Stetlye,bstetlye9i@zimbio.com,Non-binary,202.8.160.134,174 627 4450
344,Jerrilyn,Spittal,jspittal9j@wufoo.com,Female,15.160.22.50,390 513 0576
345,Ginger,Stille,gstille9k@seesaa.net,Male,113.162.44.226,603 506 2763
346,Cullin,Parrott,cparrott9l@t-online.de,Male,140.102.28.116,792 976 6103
347,Shel,de Verson,sdeverson9m@t-online.de,Female,109.175.126.149,307 542 6913
348,Roxanne,Stellman,rstellman9n@163.com,Genderfluid,62.242.185.118,454 738 4358
349,Ian,Wisedale,iwisedale9o@columbia.edu,Male,77.203.178.157,372 328 1724
350,Westbrooke,Judkins,wjudkins9p@psu.edu,Male,252.98.40.85,244 864 2439
351,Damiano,Goodwyn,dgoodwyn9q@exblog.jp,Male,29.164.183.137,391 902 7894
352,Daren,Antoshin,dantoshin9r@constantcontact.com,Male,170.72.124.96,198 712 5158
353,Melinda,Bagnal,mbagnal9s@so-net.ne.jp,Female,199.25.84.246,726 163 4542
354,Kelby,Chstney,kchstney9t@rambler.ru,Genderqueer,254.60.138.223,324 434 4807
355,Amii,Imlaw,aimlaw9u@boston.com,Non-binary,202.132.45.238,437 199 2030
356,Philippine,Strangward,pstrangward9v@unc.edu,Polygender,164.205.231.255,569 587 7714
357,Wittie,Cazalet,wcazalet9w@seattletimes.com,Male,75.173.113.85,571 631 3321
358,Afton,Madelin,amadelin9x@paginegialle.it,Female,5.54.91.155,165 378 5726
359,Martelle,Crudgington,mcrudgington9y@phpbb.com,Female,186.34.203.145,995 949 9013
360,Frank,Thieme,fthieme9z@clickbank.net,Male,127.211.27.87,134 820 7510
361,Daron,Beadman,dbeadmana0@europa.eu,Female,20.28.185.98,129 285 9924
362,Marna,Soigoux,msoigouxa1@about.com,Agender,222.193.93.55,296 324 6062
363,Melvyn,Wallett,mwalletta2@google.co.jp,Male,222.227.226.64,653 390 0650
364,Ludovico,Marques,lmarquesa3@surveymonkey.com,Male,237.96.132.11,459 450 9683
365,Richmond,Volleth,rvolletha4@ocn.ne.jp,Male,143.39.238.130,608 572 1491
366,Wye,Sarle,wsarlea5@sina.com.cn,Male,148.251.52.207,183 999 0883
367,Willie,Glazier,wglaziera6@nbcnews.com,Female,253.57.189.77,407 649 8982
368,Virge,Wornham,vwornhama7@furl.net,Male,208.32.48.204,635 173 6866
369,Noland,Luckett,nlucketta8@360.cn,Male,219.237.2.168,311 627 7792
370,Richard,Cassell,rcassella9@utexas.edu,Male,89.226.34.88,392 937 3695
371,Rickert,Garroway,rgarrowayaa@angelfire.com,Male,97.132.56.175,335 326 4485
372,Sara,Knolles-Green,sknollesgreenab@gov.uk,Female,168.55.231.112,582 660 0708
373,Loralee,Royce,lroyceac@xing.com,Female,43.218.39.182,445 486 1265
374,Emeline,Orrow,eorrowad@constantcontact.com,Female,137.153.147.36,654 816 5280
375,Cathryn,Lennarde,clennardeae@163.com,Female,105.175.111.4,595 358 4557
376,Bart,Baud,bbaudaf@goo.ne.jp,Male,117.8.58.49,321 557 3993
377,Chrystal,Tebboth,ctebbothag@hugedomains.com,Female,68.75.85.200,491 734 8757
378,Ange,Allsupp,aallsuppah@theatlantic.com,Female,16.229.49.18,703 411 4666
379,Svend,Thorrold,sthorroldai@fotki.com,Male,125.93.97.17,837 869 6409
380,Brod,Pybus,bpybusaj@arstechnica.com,Male,187.183.220.106,772 738 6013
381,Rhys,Collaton,rcollatonak@w3.org,Non-binary,154.181.13.55,296 123 2241
382,Angelika,Bezley,abezleyal@ucsd.edu,Bigender,250.77.230.69,370 160 8402
383,Donnie,Yakov,dyakovam@youtu.be,Female,172.130.13.131,408 381 9578
384,Janene,McGaughie,jmcgaughiean@mapy.cz,Female,189.219.88.66,501 199 3618
385,Maud,Cammock,mcammockao@independent.co.uk,Female,174.195.98.205,870 857 1547
386,Welbie,Garwell,wgarwellap@alexa.com,Male,248.173.244.240,121 276 5618
387,Bibbie,Warboy,bwarboyaq@sfgate.com,Female,225.156.71.57,264 181 5612
388,Caterina,Sooper,csooperar@cnbc.com,Female,250.232.49.78,142 349 4522
389,Margalo,Youde,myoudeas@usgs.gov,Female,110.70.196.111,495 766 4249
390,Lula,Maskill,lmaskillat@jimdo.com,Female,1.107.118.99,279 265 1359
391,Florenza,Dasent,fdasentau@berkeley.edu,Female,184.45.250.208,751 719 1176
392,Hayward,Heathcote,hheathcoteav@msn.com,Male,231.217.250.187,587 915 8757
393,Amelia,Ellacombe,aellacombeaw@webeden.co.uk,Female,207.209.49.237,648 180 9332
394,Nicholas,Hitzmann,nhitzmannax@npr.org,Male,180.113.59.111,212 301 0407
395,Horace,McNee,hmcneeay@indiatimes.com,Male,190.219.218.15,310 838 0222
396,Vinni,Dericot,vdericotaz@constantcontact.com,Female,72.50.125.127,401 330 9811
397,Alasteir,Sidsaff,asidsaffb0@ebay.co.uk,Genderqueer,192.105.253.24,229 901 7365
398,Brynn,Ingarfill,bingarfillb1@google.com.au,Female,68.36.151.79,263 732 9845
399,Sandie,Biaggelli,sbiaggellib2@infoseek.co.jp,Bigender,75.147.78.202,985 643 6632
400,Tessa,De Carlo,tdecarlob3@privacy.gov.au,Female,134.6.180.204,179 144 3821
401,Britteny,Endrighi,bendrighib4@furl.net,Female,251.13.11.65,751 904 9068
402,Paige,Bernollet,pbernolletb5@si.edu,Male,59.22.248.39,199 171 1803
403,Salvidor,Muro,smurob6@networksolutions.com,Male,218.217.119.231,653 525 1373
404,Natasha,Chauvey,nchauveyb7@e-recht24.de,Female,250.202.59.143,228 504 7665
405,Max,Walicki,mwalickib8@goo.ne.jp,Female,69.173.55.32,423 508 1996
406,Danette,Paling,dpalingb9@stanford.edu,Female,18.208.8.42,647 472 1239
407,Cleve,Dunston,cdunstonba@tuttocitta.it,Male,218.112.86.94,771 177 4721
408,Stepha,Vasovic,svasovicbb@dailymail.co.uk,Female,52.64.155.185,664 954 6411
409,Dolli,Seagrave,dseagravebc@dion.ne.jp,Non-binary,29.83.82.74,720 836 0700
410,Valerye,Mersey,vmerseybd@reuters.com,Bigender,97.172.162.228,301 243 7606
411,Hubert,Ordidge,hordidgebe@ihg.com,Male,193.254.129.93,335 529 7636
412,Herold,Cawtheray,hcawtheraybf@shinystat.com,Male,177.96.254.190,208 416 8638
413,Willdon,Stennine,wstenninebg@chicagotribune.com,Male,60.225.101.150,947 635 6306
414,Karel,Pridmore,kpridmorebh@dropbox.com,Male,100.19.45.22,340 672 2802
415,Mayne,Prine,mprinebi@redcross.org,Male,163.215.73.55,580 734 5770
416,Hedvig,Doogood,hdoogoodbj@issuu.com,Female,114.93.41.224,544 271 2543
417,Rianon,Lampen,rlampenbk@exblog.jp,Female,28.210.25.210,875 380 7805
418,Wendeline,Meneghelli,wmeneghellibl@baidu.com,Female,119.0.239.141,301 892 1738
419,Dale,Bevir,dbevirbm@newsvine.com,Male,40.210.197.202,739 940 8000
420,Eva,Kneaphsey,ekneaphseybn@blog.com,Female,183.85.196.205,760 306 5270
421,Ashla,Simonnin,asimonninbo@google.com.au,Female,122.70.54.10,475 397 7893
422,Murvyn,Chalkly,mchalklybp@hatena.ne.jp,Male,178.30.135.232,951 530 9040
423,Alisun,Claffey,aclaffeybq@ustream.tv,Female,11.173.169.255,583 488 5722
424,Clare,Langtry,clangtrybr@comsenz.com,Female,5.0.114.83,729 188 9472
425,Estelle,Santorini,esantorinibs@cbslocal.com,Female,194.192.8.198,729 525 1588
426,Sybyl,Atkyns,satkynsbt@domainmarket.com,Bigender,52.12.224.6,651 757 4765
427,Aleta,Sola,asolabu@deviantart.com,Polygender,53.30.127.177,154 691 0437
428,Marguerite,Peeter,mpeeterbv@xing.com,Female,217.247.38.81,341 356 6180
429,Brenn,Danzelman,bdanzelmanbw@jigsy.com,Female,49.110.47.254,870 584 0388
430,Ulysses,Gartshore,ugartshorebx@timesonline.co.uk,Male,252.92.238.250,385 394 2472
431,Tammie,Peotz,tpeotzby@hibu.com,Female,170.195.158.135,883 895 4667
432,Constantin,Akrigg,cakriggbz@cloudflare.com,Male,100.76.72.20,510 492 7579
433,Genevra,Hales,ghalesc0@ucla.edu,Female,166.166.68.220,671 419 8710
434,Lincoln,Grishanin,lgrishaninc1@soup.io,Male,130.95.118.185,813 182 6580
435,Juditha,Bockmann,jbockmannc2@desdev.cn,Female,244.29.142.13,221 641 7301
436,Krystyna,Livick,klivickc3@pcworld.com,Female,252.54.106.48,524 713 8553
437,Gwenni,Dabs,gdabsc4@pcworld.com,Female,194.72.212.140,124 268 8840
438,Skelly,Maeer,smaeerc5@multiply.com,Male,25.207.182.8,714 280 2341
439,Vanya,Pierson,vpiersonc6@msu.edu,Non-binary,43.91.186.208,106 665 8002
440,Esdras,De Dantesie,ededantesiec7@mysql.com,Male,109.98.44.151,857 765 5588
441,Georges,Cursons,gcursonsc8@xinhuanet.com,Male,238.55.45.118,395 583 3450
442,Rozanne,Blackaller,rblackallerc9@tamu.edu,Female,124.137.220.164,836 470 0088
443,Alene,Kumaar,akumaarca@typepad.com,Female,132.53.44.254,494 906 1750
444,Brady,Matis,bmatiscb@youku.com,Male,191.212.135.64,997 137 0979
445,Bunnie,Dudenie,bdudeniecc@weather.com,Female,177.147.221.192,520 597 5264
446,Coletta,Genike,cgenikecd@cafepress.com,Female,8.144.90.68,647 618 1219
447,Delmore,Hammor,dhammorce@omniture.com,Male,17.196.181.86,743 502 5843
448,Sherye,Rolls,srollscf@prlog.org,Female,239.161.218.93,370 219 2984
449,Krispin,Trye,ktryecg@hud.gov,Male,119.110.136.178,590 975 3147
450,Zaccaria,MacTimpany,zmactimpanych@hubpages.com,Male,201.24.175.64,108 341 4350
451,Iormina,Mossbee,imossbeeci@instagram.com,Female,214.77.57.111,366 630 8554
452,Sybilla,Iltchev,siltchevcj@marriott.com,Female,89.13.181.219,906 919 0181
453,Maison,Tollett,mtollettck@ebay.com,Male,171.29.77.166,531 587 4579
454,Edik,Titford,etitfordcl@hubpages.com,Male,51.168.188.101,544 847 4217
455,Allie,Redon,aredoncm@plala.or.jp,Female,165.217.93.248,661 759 4055
456,Carolann,Seckom,cseckomcn@boston.com,Female,52.202.28.85,953 331 1940
457,Lynnet,Feilden,lfeildenco@mlb.com,Female,178.172.203.63,706 988 2349
458,Sorcha,Thayre,sthayrecp@dion.ne.jp,Female,74.29.219.185,850 546 7141
459,Beilul,Inwood,binwoodcq@auda.org.au,Female,148.117.168.32,732 957 9921
460,Dana,Sherrin,dsherrincr@time.com,Male,118.84.96.158,346 284 3227
461,Aggi,Syphas,asyphascs@columbia.edu,Female,200.46.237.11,925 632 8242
462,Hadley,Gilfoyle,hgilfoylect@hao123.com,Male,244.249.155.21,136 900 0231
463,Owen,Gorgen,ogorgencu@apache.org,Male,164.65.69.12,183 381 5744
464,Carly,Draisey,cdraiseycv@berkeley.edu,Male,186.83.118.103,586 609 4250
465,Kerrie,Cleeve,kcleevecw@imageshack.us,Female,241.147.102.53,793 904 3631
466,Lorettalorna,Minchindon,lminchindoncx@gravatar.com,Female,25.92.185.121,784 511 2058
467,Thalia,Sebrens,tsebrenscy@latimes.com,Female,155.124.142.72,926 751 5125
468,Dur,Trask,dtraskcz@deviantart.com,Genderfluid,31.136.208.123,583 108 5162
469,Colene,Padden,cpaddend0@woothemes.com,Female,10.76.53.61,981 136 0532
470,Milt,Broy,mbroyd1@bloglines.com,Male,162.141.74.171,637 424 7269
471,Dulcia,Piff,dpiffd2@diigo.com,Female,181.193.130.147,140 244 9798
472,Bevan,Ponde,bponded3@nps.gov,Male,106.80.10.52,933 811 4726
473,Pearl,Biddell,pbiddelld4@omniture.com,Female,7.107.79.166,157 860 6033
474,Elston,Henaughan,ehenaughand5@tripadvisor.com,Male,174.146.174.76,296 632 8430
475,Yehudit,Backhouse,ybackhoused6@yolasite.com,Male,48.136.52.244,869 768 2087
476,Foster,Iskow,fiskowd7@elegantthemes.com,Male,132.150.173.184,256 390 6364
477,Fannie,Berrygun,fberrygund8@bandcamp.com,Female,145.248.18.24,753 233 5728
478,Kendre,Geyton,kgeytond9@sciencedaily.com,Female,199.91.82.187,772 272 6349
479,Janessa,Russi,jrussida@slashdot.org,Female,23.242.78.195,611 144 9964
480,Rex,Buxsy,rbuxsydb@live.com,Male,232.46.166.131,612 126 8082
481,Elsey,Loughrey,eloughreydc@constantcontact.com,Genderfluid,248.182.74.53,757 819 5040
482,Annabela,Dunsmore,adunsmoredd@archive.org,Female,127.222.158.108,634 984 0112
483,Darrick,Dickerline,ddickerlinede@slashdot.org,Male,182.85.64.28,466 943 2996
484,Deerdre,Wills,dwillsdf@mysql.com,Female,220.135.51.121,289 417 7132
485,Petronilla,Hasling,phaslingdg@cyberchimps.com,Female,20.191.204.253,114 794 7753
486,Ruthie,Berthomier,rberthomierdh@ow.ly,Female,101.230.184.190,372 187 5511
487,Gabi,Wybern,gwyberndi@unblog.fr,Female,144.36.74.189,672 642 5622
488,Nelson,Alennikov,nalennikovdj@shutterfly.com,Male,154.6.22.12,107 801 0142
489,Sileas,Ingliss,singlissdk@wordpress.org,Female,148.53.83.174,135 305 8587
490,Constancia,Antalffy,cantalffydl@people.com.cn,Female,245.99.40.95,152 613 6675
491,Ekaterina,Kaubisch,ekaubischdm@twitter.com,Female,135.32.40.137,471 537 3314
492,Madeleine,Waddoups,mwaddoupsdn@microsoft.com,Female,69.241.215.173,857 925 4025
493,Stanford,Darker,sdarkerdo@imdb.com,Polygender,168.189.91.50,218 777 7608
494,Blinnie,Yankishin,byankishindp@mtv.com,Female,218.236.49.83,802 862 7201
495,Rupert,Corser,rcorserdq@mlb.com,Male,234.83.20.12,852 957 4704
496,Roy,Skechley,rskechleydr@eepurl.com,Male,176.230.141.250,154 723 8789
497,Sheridan,Niset,snisetds@engadget.com,Male,137.132.6.85,127 975 0034
498,Rutherford,Sciacovelli,rsciacovellidt@bbc.co.uk,Genderqueer,196.170.86.128,203 711 1838
499,Jessa,Baynom,jbaynomdu@geocities.jp,Female,228.227.139.56,307 126 2595
500,Martyn,Pillman,mpillmandv@e-recht24.de,Male,45.209.102.190,801 753 8272
501,Isidro,Oxx,ioxxdw@altervista.org,Male,156.33.27.249,446 455 7257
502,Mohammed,Sesons,msesonsdx@businesswire.com,Male,151.134.71.122,177 344 2833
503,Aidan,Woolen,awoolendy@elegantthemes.com,Female,184.15.173.86,749 579 7833
504,Gris,Flanne,gflannedz@netvibes.com,Male,153.230.46.122,311 442 3974
505,Jeremie,Radbourn,jradbourne0@msu.edu,Male,216.94.213.24,737 171 6389
506,Elmore,Sample,esamplee1@cam.ac.uk,Male,196.109.203.255,668 672 2415
507,Garvy,Siggens,gsiggense2@godaddy.com,Male,173.142.133.148,491 802 2350
508,Bengt,Felix,bfelixe3@linkedin.com,Male,202.209.146.186,798 318 3723
509,Barbabra,Venney,bvenneye4@surveymonkey.com,Female,70.87.22.185,952 488 6064
510,Schuyler,Linthead,slintheade5@sina.com.cn,Male,152.162.62.63,605 194 6850
511,Clim,Koche,ckochee6@narod.ru,Male,48.228.101.167,403 726 8020
512,Inglis,Kave,ikavee7@bloglovin.com,Male,17.169.77.164,807 529 5859
513,Tye,Fishburn,tfishburne8@amazonaws.com,Male,3.239.178.166,638 370 6278
514,Heather,Marieton,hmarietone9@yellowbook.com,Female,111.105.70.178,646 516 5119
515,Hal,Gourlie,hgourlieea@issuu.com,Male,210.23.64.114,275 696 4883
516,Lamar,Glide,lglideeb@miitbeian.gov.cn,Male,23.251.67.89,519 416 1516
517,Dilly,Danforth,ddanforthec@blogspot.com,Male,29.160.239.233,627 648 7580
518,Joye,Ivankov,jivankoved@nasa.gov,Female,200.63.152.34,978 598 1517
519,Kerwinn,Bellow,kbellowee@google.co.jp,Male,222.156.103.144,852 918 5809
520,Darb,Harwell,dharwellef@seesaa.net,Female,200.244.251.121,951 972 0648
521,Bryan,Tivnan,btivnaneg@ucsd.edu,Male,236.199.173.155,629 843 4083
522,Constantine,Sargeaunt,csargeaunteh@ucsd.edu,Male,241.240.224.250,231 944 3005
523,Xylina,Torbet,xtorbetei@ifeng.com,Female,23.214.110.110,301 504 4702
524,Ethelin,Ramstead,eramsteadej@cnn.com,Female,69.71.158.145,752 385 1814
525,Wenda,McTear,wmctearek@dot.gov,Female,92.34.239.243,996 419 6406
526,Lisetta,Millberg,lmillbergel@shinystat.com,Female,51.204.47.26,367 247 6490
527,Sonya,Lundbech,slundbechem@addthis.com,Female,182.11.154.113,135 162 3082
528,Jeane,Bortolini,jbortolinien@admin.ch,Female,1.32.232.151,906 281 6545
529,Lewiss,Holhouse,lholhouseeo@addthis.com,Male,67.23.138.107,396 342 6414
530,Ellswerth,Houltham,ehoulthamep@surveymonkey.com,Male,29.110.36.105,839 245 5006
531,Agna,Handrock,ahandrockeq@mashable.com,Female,15.2.172.67,292 422 6489
532,Susette,Kaaskooper,skaaskooperer@newyorker.com,Female,219.71.196.241,937 110 7452
533,Janine,Groucutt,jgroucuttes@amazon.de,Female,207.208.3.227,314 887 2020
534,Iain,Thresh,ithreshet@vimeo.com,Male,157.231.239.193,541 656 0667
535,Gene,Bernardin,gbernardineu@chicagotribune.com,Male,154.223.255.251,679 868 6101
536,Saunder,Abella,sabellaev@clickbank.net,Male,128.218.237.189,924 622 6390
537,Christoph,Gillham,cgillhamew@hp.com,Male,30.60.10.113,379 170 1971
538,Noah,Heyns,nheynsex@princeton.edu,Male,110.251.80.199,109 438 1902
539,Paton,Greneham,pgrenehamey@nydailynews.com,Male,210.108.130.51,243 974 5804
540,Tressa,Agerskow,tagerskowez@spiegel.de,Female,177.240.238.100,121 394 4003
541,Abbie,Roskrug,aroskrugf0@kickstarter.com,Male,17.254.0.248,375 838 3522
542,Sharyl,McGairl,smcgairlf1@dailymail.co.uk,Female,39.210.229.42,109 553 8930
543,Bernarr,Lemary,blemaryf2@jugem.jp,Male,100.54.195.93,520 582 2687
544,Tobiah,Downer,tdownerf3@rediff.com,Male,3.197.161.118,948 103 3789
545,Neall,Bodleigh,nbodleighf4@simplemachines.org,Male,39.252.246.252,350 920 5818
546,Fran,Iliffe,filiffef5@pbs.org,Female,17.178.217.186,619 314 5928
547,Sibley,Khan,skhanf6@gravatar.com,Female,99.156.185.104,104 957 3461
548,Glynnis,Hoxey,ghoxeyf7@wsj.com,Female,166.2.86.169,890 338 2903
549,Dody,Troughton,dtroughtonf8@friendfeed.com,Female,42.106.164.239,254 609 5021
550,Kirsti,Eastope,keastopef9@ask.com,Female,153.237.41.114,322 973 6478
551,Ardine,Ratazzi,aratazzifa@theguardian.com,Female,101.118.246.150,897 435 4590
552,Gauthier,Louden,gloudenfb@illinois.edu,Male,211.124.235.63,981 915 8449
553,Kippie,Coppard,kcoppardfc@google.it,Female,167.31.42.88,452 671 3358
554,Nara,Couves,ncouvesfd@vk.com,Female,148.194.14.23,658 602 7477
555,Cherie,Hazley,chazleyfe@exblog.jp,Female,55.55.198.94,741 360 5636
556,Caryl,Matteau,cmatteauff@nyu.edu,Male,11.144.153.44,926 411 4399
557,Shellie,Bartolomeazzi,sbartolomeazzifg@theguardian.com,Female,163.136.61.87,437 291 6788
558,Marcella,Reedy,mreedyfh@github.com,Female,11.60.142.69,184 113 1213
559,Olva,Ilyenko,oilyenkofi@icq.com,Female,151.100.131.196,353 370 4726
560,Drugi,Lawland,dlawlandfj@psu.edu,Male,0.67.243.109,707 344 6861
561,Samuele,Shilito,sshilitofk@addtoany.com,Male,98.238.146.83,747 355 3794
562,Carissa,Hardinge,chardingefl@upenn.edu,Female,196.132.239.192,513 731 8722
563,Abigael,Searjeant,asearjeantfm@dailymotion.com,Female,228.115.119.37,683 516 9003
564,Reynold,Allenby,rallenbyfn@mlb.com,Agender,51.5.242.229,636 263 3002
565,Callida,Goodlip,cgoodlipfo@wunderground.com,Female,178.23.0.212,697 263 5707
566,Giacomo,Titley,gtitleyfp@stumbleupon.com,Male,194.10.132.141,415 530 1428
567,Hesther,Skullet,hskulletfq@techcrunch.com,Female,250.147.21.90,813 755 7615
568,Thebault,Ysson,tyssonfr@ocn.ne.jp,Male,38.196.9.107,882 179 1551
569,Tildi,Belhome,tbelhomefs@quantcast.com,Female,147.48.0.126,318 809 2432
570,Barn,Ragsdale,bragsdaleft@oaic.gov.au,Male,103.135.187.86,875 239 9588
571,Augustin,Moretto,amorettofu@hud.gov,Male,30.137.39.52,567 698 1465
572,Hayward,MacConnal,hmacconnalfv@xrea.com,Male,150.17.62.36,369 491 7407
573,Mikael,Sikorsky,msikorskyfw@hatena.ne.jp,Male,127.252.127.125,498 515 7041
574,Sallyann,Cranshaw,scranshawfx@cpanel.net,Female,192.110.147.79,478 552 9908
575,Chancey,Hefforde,cheffordefy@typepad.com,Male,62.227.240.202,781 821 6712
576,Zora,Hasser,zhasserfz@friendfeed.com,Female,238.74.16.140,743 299 2193
577,Sandy,Mulheron,smulherong0@godaddy.com,Female,164.30.82.33,178 968 2751
578,Erin,Flanders,eflandersg1@last.fm,Male,102.253.29.208,113 559 4219
579,Torr,Vedntyev,tvedntyevg2@squidoo.com,Male,19.99.235.163,442 870 9902
580,Hieronymus,Braidwood,hbraidwoodg3@dagondesign.com,Male,167.42.219.28,757 294 5163
581,Maighdiln,Andras,mandrasg4@reference.com,Female,52.232.84.109,785 445 1292
582,Normie,Dallaway,ndallawayg5@ted.com,Non-binary,56.26.22.13,266 124 8439
583,Lolly,Drinkhill,ldrinkhillg6@bigcartel.com,Female,163.225.23.252,162 353 5426
584,Syman,Spurgeon,sspurgeong7@comsenz.com,Male,84.129.63.23,100 166 0372
585,Timoteo,Cuttles,tcuttlesg8@reuters.com,Male,230.91.70.241,224 452 5609
586,Mel,Hartburn,mhartburng9@slashdot.org,Female,80.107.22.61,500 765 8815
587,Josey,Bartolomeazzi,jbartolomeazziga@typepad.com,Female,25.178.78.109,335 480 5987
588,Wenonah,Hardway,whardwaygb@liveinternet.ru,Female,39.103.155.192,294 217 0503
589,Homerus,Forbes,hforbesgc@weebly.com,Male,13.140.137.200,845 795 9998
590,Dorri,Wahlberg,dwahlberggd@rediff.com,Genderfluid,187.112.234.41,169 657 4477
591,Clarabelle,Croft,ccroftge@army.mil,Female,55.225.192.144,207 758 2480
592,Selia,Duesbury,sduesburygf@simplemachines.org,Non-binary,179.11.56.64,199 301 4599
593,Joshia,Duchesne,jduchesnegg@slideshare.net,Male,177.246.181.76,687 682 7816
594,Trace,Furmage,tfurmagegh@yandex.ru,Male,121.233.157.239,709 786 8266
595,Meridith,Scholz,mscholzgi@w3.org,Female,118.57.60.139,573 353 4085
596,Josh,Pulman,jpulmangj@ucsd.edu,Male,92.18.231.40,636 427 7038
597,Janel,Briffett,jbriffettgk@house.gov,Female,183.153.114.185,888 648 2497
598,Jacky,Grishakin,jgrishakingl@about.com,Male,7.163.248.139,106 296 4185
599,Jeri,Regitz,jregitzgm@lycos.com,Female,226.196.236.92,653 675 2864
600,Wyatan,Escofier,wescofiergn@fastcompany.com,Male,159.216.183.221,620 869 1615
601,Darda,Halwill,dhalwillgo@miibeian.gov.cn,Female,62.25.17.133,447 851 4942
602,Henka,Spracklin,hspracklingp@homestead.com,Female,8.71.225.50,184 609 0175
603,Ethan,MacKeeg,emackeeggq@google.com.hk,Male,140.117.196.155,456 544 9854
604,Kelcy,Balke,kbalkegr@4shared.com,Female,114.134.122.160,761 567 2715
605,Darell,Gofforth,dgofforthgs@huffingtonpost.com,Female,244.168.95.56,206 395 6521
606,Tedi,Piggford,tpiggfordgt@vkontakte.ru,Female,129.181.205.174,575 300 2076
607,Marlowe,Danielsen,mdanielsengu@un.org,Male,193.172.249.254,318 736 1904
608,Ashley,Fealy,afealygv@about.com,Genderfluid,166.162.146.154,311 155 8145
609,Tome,Christofor,tchristoforgw@i2i.jp,Polygender,112.255.0.213,567 640 4919
610,Catrina,Dechelle,cdechellegx@posterous.com,Female,191.105.168.20,499 219 1887
611,Morgen,Hegley,mhegleygy@ucla.edu,Female,110.30.59.180,169 383 7328
612,Ryley,Welband,rwelbandgz@hubpages.com,Male,68.109.188.170,415 463 3665
613,Cletus,McCorkindale,cmccorkindaleh0@wikipedia.org,Male,221.160.30.238,122 751 1985
614,Sigfrid,Lillford,slillfordh1@sakura.ne.jp,Male,129.121.177.40,953 527 7613
615,Boote,Mayling,bmaylingh2@indiegogo.com,Male,241.119.101.172,620 669 8179
616,Winnie,Gyrgorcewicx,wgyrgorcewicxh3@pen.io,Female,25.45.194.162,319 455 1331
617,Charlton,Otson,cotsonh4@walmart.com,Genderqueer,72.176.19.97,548 650 4766
618,Katrinka,Unitt,kunitth5@nytimes.com,Bigender,119.135.32.108,302 395 2205
619,Nari,Grise,ngriseh6@skyrock.com,Female,226.132.143.58,766 895 2093
620,Alvina,Houseley,ahouseleyh7@163.com,Female,156.164.18.253,276 447 1794
621,Kenny,Death,kdeathh8@intel.com,Male,202.67.246.38,902 959 4254
622,Ellery,Loosmore,eloosmoreh9@miibeian.gov.cn,Male,67.147.91.166,643 774 3258
623,Kenyon,Hackett,khackettha@hhs.gov,Male,209.69.117.44,442 848 3050
624,Graham,Hatt,ghatthb@arizona.edu,Male,92.234.156.219,944 553 7031
625,Wait,Labram,wlabramhc@home.pl,Male,213.195.65.171,522 322 4816
626,Ekaterina,Rummins,erumminshd@eventbrite.com,Genderqueer,168.76.116.235,855 472 5114
627,Barnard,MacCague,bmaccaguehe@wordpress.com,Male,83.210.173.0,160 832 6597
628,Mel,Fines,mfineshf@jugem.jp,Female,19.150.157.212,192 545 8658
629,Krystyna,Dinnis,kdinnishg@spotify.com,Female,28.171.206.210,942 140 8459
630,Edee,Talman,etalmanhh@kickstarter.com,Female,248.10.81.246,241 913 3400
631,Christen,Antonioni,cantonionihi@nytimes.com,Female,185.147.66.16,650 846 6843
632,Wilek,Pasfield,wpasfieldhj@pcworld.com,Male,222.212.104.21,598 106 6143
633,Kingston,Gildersleeve,kgildersleevehk@moonfruit.com,Male,190.56.146.143,784 441 0823
634,Vivianne,Galpen,vgalpenhl@chicagotribune.com,Genderfluid,210.205.130.131,831 909 5007
635,Boycie,Cattermole,bcattermolehm@addtoany.com,Male,168.24.156.171,383 433 5399
636,Ramona,Pucker,rpuckerhn@statcounter.com,Female,193.102.95.130,140 891 2192
637,Aubrie,Chazette,achazetteho@virginia.edu,Female,238.194.168.101,647 114 9905
638,Denny,Petracco,dpetraccohp@businessinsider.com,Female,253.60.59.99,919 955 9945
639,Les,Frankel,lfrankelhq@rambler.ru,Male,91.93.251.69,667 725 4383
640,Nessy,Bick,nbickhr@opensource.org,Female,245.237.208.35,853 557 2496
641,Adan,Gottschalk,agottschalkhs@dion.ne.jp,Female,249.200.224.212,816 443 2956
642,Tadeas,Evert,tevertht@theglobeandmail.com,Non-binary,108.180.180.59,459 268 7842
643,Rodina,Rivlin,rrivlinhu@123-reg.co.uk,Female,187.211.125.2,189 154 4675
644,Giorgio,Marchetti,gmarchettihv@home.pl,Male,6.31.106.14,280 476 7403
645,Agna,August,aaugusthw@hp.com,Female,92.104.221.160,795 816 7017
646,Domini,Macieiczyk,dmacieiczykhx@google.ca,Female,216.44.24.70,700 939 8921
647,Denna,Juliff,djuliffhy@wordpress.com,Polygender,254.211.70.160,843 824 1542
648,Corella,Muress,cmuresshz@netscape.com,Female,77.122.25.19,627 864 3897
649,Jonathan,Cahalan,jcahalani0@godaddy.com,Male,252.114.170.211,272 756 7425
650,Simeon,Gittings,sgittingsi1@businessinsider.com,Male,64.115.83.142,501 894 5115
651,Corty,Izaks,cizaksi2@naver.com,Male,64.255.250.249,200 694 8568
652,Nadine,Daunter,ndaunteri3@hugedomains.com,Female,84.23.0.132,762 474 4198
653,Corrie,Giacobazzi,cgiacobazzii4@yahoo.co.jp,Female,19.142.45.34,449 196 1942
654,Grete,Corkett,gcorketti5@printfriendly.com,Non-binary,104.88.88.197,717 251 1644
655,Dwight,Wooster,dwoosteri6@si.edu,Male,14.50.130.62,445 367 1291
656,Bellanca,Wakes,bwakesi7@state.gov,Female,147.252.68.63,688 753 3129
657,Jewel,Yarr,jyarri8@nydailynews.com,Female,28.90.244.213,243 497 7786
658,Basil,Paddle,bpaddlei9@51.la,Male,29.220.64.195,188 892 9061
659,Web,MacDiarmond,wmacdiarmondia@cyberchimps.com,Male,187.212.198.50,605 233 6355
660,Bronny,Hallin,bhallinib@privacy.gov.au,Male,217.239.115.241,287 665 9406
661,Lew,Burdikin,lburdikinic@smh.com.au,Male,137.229.28.30,126 329 3279
662,Bernhard,Glassard,bglassardid@alexa.com,Bigender,122.232.231.242,678 214 1925
663,Arnoldo,Pearmain,apearmainie@sphinn.com,Male,60.200.3.113,410 233 1285
664,Taber,Dalrymple,tdalrympleif@behance.net,Male,210.30.45.225,986 869 5801
665,Ricki,Iredale,riredaleig@narod.ru,Male,67.231.59.58,136 981 6680
666,Kalinda,McTague,kmctagueih@meetup.com,Female,17.193.167.100,772 919 4214
667,Elvin,Hardaker,ehardakerii@senate.gov,Male,11.171.194.249,445 227 7769
668,Waylon,Bes,wbesij@yale.edu,Male,5.159.136.29,365 601 4314
669,Grete,Hairon,ghaironik@dedecms.com,Female,12.187.58.249,214 904 3271
670,Elvira,Huckel,ehuckelil@ehow.com,Female,12.51.240.98,714 488 5055
671,Brandice,Spritt,bsprittim@cam.ac.uk,Female,32.33.79.162,433 346 0852
672,De witt,Matysik,dmatysikin@si.edu,Male,116.186.157.135,969 993 9487
673,Chase,Sebrook,csebrookio@google.fr,Male,99.79.229.54,216 352 8243
674,Kaja,Jurges,kjurgesip@va.gov,Female,111.153.161.104,670 606 0591
675,Jake,Ingry,jingryiq@icio.us,Male,116.13.205.161,617 475 5237
676,Noelani,Palfree,npalfreeir@kickstarter.com,Female,208.191.216.226,782 658 8955
677,Melly,Houselee,mhouseleeis@seattletimes.com,Female,11.231.235.74,285 154 1097
678,Woodie,Robardley,wrobardleyit@infoseek.co.jp,Male,155.41.11.94,587 213 0288
679,Magdalena,Marsy,mmarsyiu@nps.gov,Genderqueer,189.220.4.29,312 451 9960
680,Kenon,Richly,krichlyiv@google.co.uk,Male,255.201.31.119,481 210 3399
681,Gustave,Kleinlerer,gkleinlereriw@mozilla.com,Male,126.111.19.85,619 145 4203
682,Ambur,Tiler,atilerix@indiatimes.com,Female,242.56.224.246,369 331 4313
683,Jedd,Oxshott,joxshottiy@timesonline.co.uk,Male,18.208.140.214,125 519 8069
684,Aviva,Levison,alevisoniz@w3.org,Female,120.82.137.18,890 572 9088
685,Eduard,Unsworth,eunsworthj0@wired.com,Male,222.46.56.17,533 249 6328
686,Jessey,Driscoll,jdriscollj1@nba.com,Male,106.213.219.133,163 991 9100
687,Quintin,Pynn,qpynnj2@icq.com,Male,122.231.103.255,447 926 6970
688,Perle,Gilbanks,pgilbanksj3@symantec.com,Female,159.185.19.119,830 859 8084
689,Tammie,Eastmond,teastmondj4@thetimes.co.uk,Female,3.239.62.212,930 378 5846
690,Merry,Sich,msichj5@slideshare.net,Female,26.40.59.164,552 613 9476
691,Darline,Perri,dperrij6@so-net.ne.jp,Female,215.179.169.106,168 285 2775
692,Che,Alesio,calesioj7@baidu.com,Male,107.198.142.127,447 425 8788
693,Sioux,Fosten,sfostenj8@about.com,Female,157.46.159.51,798 708 8007
694,Betta,Leyland,bleylandj9@usnews.com,Female,254.85.229.87,851 703 9953
695,Bethany,Allgood,ballgoodja@booking.com,Female,37.197.150.244,869 649 4435
696,Janifer,Crombleholme,jcrombleholmejb@ning.com,Female,105.184.107.3,971 159 8866
697,Dudley,Firmin,dfirminjc@ebay.co.uk,Male,206.174.91.205,268 150 9983
698,Lonee,Tirrell,ltirrelljd@yolasite.com,Female,44.199.100.122,434 858 0287
699,Renaldo,Turtle,rturtleje@livejournal.com,Male,53.93.116.10,952 129 9849
700,Sigvard,Gascoyne,sgascoynejf@meetup.com,Male,65.206.223.182,120 112 9021
701,Vivian,Manna,vmannajg@icq.com,Female,35.159.108.29,486 706 0193
702,Kristoffer,Brumpton,kbrumptonjh@reverbnation.com,Male,183.247.242.0,306 268 6637
703,Stella,Dillingston,sdillingstonji@indiatimes.com,Female,103.108.88.48,865 518 4071
704,Domenic,Gothup,dgothupjj@sakura.ne.jp,Male,9.48.219.55,326 792 2481
705,Weber,Caston,wcastonjk@toplist.cz,Male,100.18.1.157,442 633 4491
706,Mariam,Radcliffe,mradcliffejl@wired.com,Female,213.77.203.7,685 395 2262
707,Chelsae,Aronstein,caronsteinjm@github.com,Female,95.241.48.13,699 998 0615
708,Robinia,Poure,rpourejn@java.com,Female,47.80.249.226,121 254 6547
709,Jude,Gierok,jgierokjo@telegraph.co.uk,Male,110.207.142.224,451 237 3301
710,Maria,Jurczyk,mjurczykjp@usa.gov,Female,13.36.249.107,469 863 1048
711,Alistair,Bullick,abullickjq@vkontakte.ru,Male,193.252.9.21,662 388 7073
712,Ola,Christie,ochristiejr@biglobe.ne.jp,Female,53.76.113.182,401 989 1559
713,Eugenia,Eddins,eeddinsjs@sakura.ne.jp,Female,246.252.17.150,567 460 8974
714,Etheline,Brydon,ebrydonjt@nasa.gov,Female,18.212.125.150,125 296 8714
715,Amargo,Shardlow,ashardlowju@alexa.com,Female,152.194.246.210,427 151 3362
716,Ginny,Wyon,gwyonjv@smugmug.com,Female,253.139.120.50,322 675 5751
717,Devonna,Pobjoy,dpobjoyjw@example.com,Female,27.201.34.88,336 108 6671
718,Blake,Zamora,bzamorajx@salon.com,Female,206.91.112.125,704 105 0414
719,Averil,Genicke,agenickejy@ehow.com,Male,91.154.228.215,822 918 4076
720,Son,Attwood,sattwoodjz@wikispaces.com,Male,48.201.22.20,241 614 8788
721,Livy,Brent,lbrentk0@alexa.com,Female,243.40.20.160,784 824 2972
722,Daveen,Dominichelli,ddominichellik1@accuweather.com,Female,220.163.45.84,553 546 2920
723,Donal,Winder,dwinderk2@usa.gov,Male,98.50.128.177,322 480 1566
724,Kiley,Skone,kskonek3@moonfruit.com,Male,158.45.195.103,389 590 6268
725,Derrek,Flattman,dflattmank4@nih.gov,Male,127.17.201.38,660 522 1978
726,Garvey,Borleace,gborleacek5@flickr.com,Male,54.81.156.71,497 909 9793
727,Nonie,Smaleman,nsmalemank6@cmu.edu,Female,113.174.216.129,437 518 0681
728,Krissy,Trask,ktraskk7@sfgate.com,Non-binary,186.109.246.199,713 546 6470
729,Estella,Elton,eeltonk8@phpbb.com,Female,156.76.139.8,528 970 6120
730,Kat,Brody,kbrodyk9@typepad.com,Female,126.68.234.29,968 189 3921
731,Sonni,Gerbi,sgerbika@live.com,Female,3.226.136.27,234 217 3128
732,Wilek,Tinkham,wtinkhamkb@cbslocal.com,Male,86.78.147.145,564 609 8476
733,Ardra,Shillom,ashillomkc@alexa.com,Female,80.32.106.23,320 442 6924
734,Pepito,Bartolomeu,pbartolomeukd@wufoo.com,Genderqueer,145.152.228.198,984 930 1421
735,Carlos,Mitham,cmithamke@chron.com,Male,166.105.236.53,660 358 2530
736,Ash,Capnerhurst,acapnerhurstkf@ebay.co.uk,Male,66.91.103.176,819 504 6670
737,Bond,McGarrie,bmcgarriekg@studiopress.com,Male,114.234.233.89,916 914 9396
738,Lev,Hutley,lhutleykh@adobe.com,Male,229.26.0.188,686 956 4905
739,Ortensia,Ikringill,oikringillki@about.me,Female,247.21.236.189,253 409 5244
740,Verne,Yurevich,vyurevichkj@devhub.com,Male,149.114.203.114,922 189 2355
741,Dewitt,Ashenhurst,dashenhurstkk@nba.com,Male,136.135.23.41,268 865 2389
742,Barbaraanne,Hogben,bhogbenkl@delicious.com,Female,157.147.118.186,662 315 0001
743,Alissa,Stirland,astirlandkm@rediff.com,Female,237.58.97.219,862 217 1547
744,Thibaut,MacKall,tmackallkn@hubpages.com,Male,169.83.55.131,394 741 4061
745,Darelle,McClymond,dmcclymondko@canalblog.com,Female,63.179.229.157,888 217 3272
746,Amalita,Egleton,aegletonkp@mozilla.com,Female,193.29.254.72,995 566 2809
747,Richard,Povah,rpovahkq@imgur.com,Male,47.183.254.254,818 936 0835
748,Galvan,Barwise,gbarwisekr@bing.com,Male,175.119.104.52,822 230 3359
749,Cornelle,Marchbank,cmarchbankks@meetup.com,Female,94.6.220.36,458 899 4213
750,Angelina,Niles,anileskt@storify.com,Female,4.75.94.255,168 477 8692
751,Jonas,Dionsetto,jdionsettoku@fc2.com,Male,202.129.138.104,441 572 7637
752,Rebe,Heaviside,rheavisidekv@simplemachines.org,Female,171.137.113.154,387 886 6330
753,Stafani,Bradman,sbradmankw@posterous.com,Agender,58.124.22.58,733 169 0420
754,Roshelle,Pietzke,rpietzkekx@tuttocitta.it,Female,72.210.31.51,947 547 8993
755,Iris,Martinec,imartinecky@apache.org,Female,179.169.66.236,342 111 8303
756,Karoly,Josefsson,kjosefssonkz@wired.com,Male,186.140.109.21,354 161 6081
757,Tito,Uttridge,tuttridgel0@photobucket.com,Polygender,101.11.185.162,876 575 6235
758,Barnard,Cureton,bcuretonl1@rakuten.co.jp,Male,194.79.15.124,110 939 4323
759,Cordy,Maasz,cmaaszl2@privacy.gov.au,Female,214.40.10.252,693 239 7854
760,Dulciana,Leifer,dleiferl3@posterous.com,Female,45.250.106.103,222 977 1568
761,Brion,Camelia,bcamelial4@ted.com,Male,140.51.112.52,225 553 6382
762,Wye,Lennard,wlennardl5@tripod.com,Male,230.48.102.2,131 513 5620
763,Charisse,O'Sherin,cosherinl6@paypal.com,Female,182.45.215.158,965 309 1194
764,Dallon,Christopher,dchristopherl7@indiatimes.com,Male,167.89.107.246,502 969 9566
765,Minna,Oxterby,moxterbyl8@reference.com,Bigender,4.239.114.178,202 145 9305
766,Dalia,Bolden,dboldenl9@deviantart.com,Female,7.203.56.82,114 303 9095
767,Dasi,Eagar,deagarla@blogtalkradio.com,Female,160.36.86.174,711 337 9538
768,Heinrik,Izkovitz,hizkovitzlb@163.com,Male,23.132.178.175,353 678 3341
769,Valera,Glenfield,vglenfieldlc@theguardian.com,Female,238.80.98.246,951 145 1679
770,Barth,Guare,bguareld@geocities.jp,Male,27.65.199.85,202 372 8182
771,Demetri,Loggie,dloggiele@artisteer.com,Male,175.114.174.24,522 749 7779
772,Yance,Minichi,yminichilf@newyorker.com,Male,89.244.106.170,430 506 0159
773,Eric,Carlin,ecarlinlg@cornell.edu,Bigender,92.51.165.10,135 742 8479
774,Bettine,Cristofol,bcristofollh@prlog.org,Female,192.203.94.85,590 612 1733
775,Jessee,Scott,jscottli@washingtonpost.com,Male,243.134.119.55,560 313 7251
776,Cordell,Albrooke,calbrookelj@elegantthemes.com,Genderfluid,230.51.244.58,366 835 8654
777,Phip,Rushbrook,prushbrooklk@addthis.com,Male,111.131.21.251,445 161 2540
778,Peggie,Frear,pfrearll@ucla.edu,Female,252.11.111.179,140 314 1564
779,Ara,Hinge,ahingelm@netvibes.com,Agender,221.113.161.232,450 849 8134
780,Riane,Skuse,rskuseln@blogger.com,Female,143.90.26.7,627 353 3589
781,Rikki,Ganford,rganfordlo@linkedin.com,Male,169.148.94.1,274 184 1281
782,Correy,Haddacks,chaddackslp@independent.co.uk,Bigender,214.83.169.189,303 105 1195
783,Tudor,Ashling,tashlinglq@cmu.edu,Non-binary,150.19.241.1,363 946 5361
784,Raphael,Leteurtre,rleteurtrelr@statcounter.com,Male,130.9.138.94,940 222 4967
785,Dianne,Lagde,dlagdels@networksolutions.com,Female,163.129.165.138,925 625 7711
786,Malvin,Schwandermann,mschwandermannlt@apple.com,Male,214.102.197.156,881 858 0606
787,Ashley,Conachie,aconachielu@huffingtonpost.com,Female,204.215.239.3,455 317 5442
788,Colas,Gallihaulk,cgallihaulklv@oakley.com,Male,103.193.119.9,271 492 9821
789,Renie,Brayshaw,rbrayshawlw@baidu.com,Female,212.238.194.225,292 685 3324
790,Brigitta,Bonnefin,bbonnefinlx@fastcompany.com,Female,175.185.65.228,985 753 4527
791,Alford,Seabon,aseabonly@unblog.fr,Male,208.52.197.85,919 714 1371
792,Jarred,Godehard.sf,jgodehardsflz@mapquest.com,Male,241.235.167.252,365 967 0837
793,Chris,Rantoul,crantoulm0@yolasite.com,Female,131.32.229.134,759 727 4042
794,Nils,McCheyne,nmccheynem1@omniture.com,Male,137.34.6.90,730 214 6866
795,Bernelle,Ilive,bilivem2@mtv.com,Female,50.30.29.169,282 778 6010
796,Munroe,Juschke,mjuschkem3@1688.com,Male,91.189.54.221,956 455 7034
797,Kiah,Dark,kdarkm4@cnbc.com,Female,241.192.155.128,761 398 8061
798,Laney,Cowen,lcowenm5@washington.edu,Male,153.135.143.103,551 814 4150
799,Lezley,Devall,ldevallm6@yahoo.co.jp,Genderqueer,70.231.76.174,257 368 3164
800,Rafaello,Blucher,rblucherm7@washington.edu,Male,213.231.156.204,741 192 1709
801,Derek,Clutterham,dclutterhamm8@sciencedaily.com,Male,31.62.99.188,542 617 3109
802,Giovanni,Jouning,gjouningm9@weibo.com,Male,213.45.211.169,473 993 5178
803,Cairistiona,Duinbleton,cduinbletonma@soup.io,Female,209.199.146.165,755 875 1301
804,Tuckie,Merrgen,tmerrgenmb@biglobe.ne.jp,Male,174.112.248.4,295 703 9959
805,Rudolf,Ody,rodymc@blogs.com,Male,97.113.30.34,845 145 4426
806,Germain,Brigg,gbriggmd@lulu.com,Female,118.241.182.206,164 985 5302
807,Courtenay,Lissaman,clissamanme@alexa.com,Female,39.201.233.102,384 610 5445
808,Crosby,Rounding,croundingmf@cdbaby.com,Male,230.249.36.173,754 387 5344
809,King,Quiney,kquineymg@booking.com,Male,153.20.7.235,836 301 5713
810,Brennan,Tofpik,btofpikmh@amazon.de,Bigender,36.254.72.254,470 391 3603
811,Lesley,Critten,lcrittenmi@archive.org,Male,88.135.85.241,175 684 2959
812,Seline,Joselin,sjoselinmj@auda.org.au,Female,215.91.136.246,709 237 3747
813,Norina,Skelbeck,nskelbeckmk@ezinearticles.com,Female,128.207.84.171,457 679 0539
814,Wynn,Rubinow,wrubinowml@tripadvisor.com,Female,226.82.241.76,935 523 3674
815,Chrissie,Maggiori,cmaggiorimm@umn.edu,Female,240.208.126.232,868 114 5233
816,Waverly,Driffield,wdriffieldmn@google.co.jp,Male,35.168.6.145,941 826 5893
817,Faina,Medley,fmedleymo@simplemachines.org,Agender,203.8.65.89,338 282 1558
818,Tanney,Angelini,tangelinimp@prlog.org,Male,209.22.97.61,588 237 6607
819,Astrix,Clulee,acluleemq@fastcompany.com,Female,20.182.68.86,596 233 1025
820,Brandon,Stittle,bstittlemr@vimeo.com,Male,168.189.111.39,574 170 4980
821,Enriqueta,Krolik,ekrolikms@guardian.co.uk,Female,111.190.57.5,959 465 6164
822,Timmie,Bogies,tbogiesmt@blog.com,Male,121.148.26.142,705 558 6331
823,Andros,O'Heffernan,aoheffernanmu@comcast.net,Male,79.124.41.163,953 995 7372
824,Ailis,Hulson,ahulsonmv@kickstarter.com,Female,193.97.167.152,267 127 5523
825,Lib,Woodwin,lwoodwinmw@ezinearticles.com,Non-binary,94.90.246.130,274 357 7455
826,Dane,Pagitt,dpagittmx@tiny.cc,Male,114.236.169.47,471 223 6097
827,Joshia,Duffield,jduffieldmy@myspace.com,Male,106.237.114.187,708 991 8435
828,Selby,Backshall,sbackshallmz@huffingtonpost.com,Male,175.230.252.194,967 908 3884
829,Marion,Sivier,msiviern0@t-online.de,Female,134.123.235.166,744 129 1408
830,Talia,Steuhlmeyer,tsteuhlmeyern1@jiathis.com,Female,165.7.126.16,394 151 5010
831,Anestassia,Artindale,aartindalen2@cargocollective.com,Female,159.160.71.185,359 341 8224
832,Petra,Mogridge,pmogridgen3@cisco.com,Female,23.4.24.180,705 472 8185
833,Berti,Cheyney,bcheyneyn4@apache.org,Male,75.184.206.157,723 465 7330
834,Jeddy,Barbie,jbarbien5@nsw.gov.au,Male,137.56.151.168,714 215 5305
835,Monty,Mixon,mmixonn6@fastcompany.com,Male,24.7.82.163,302 987 9138
836,Laughton,Ingon,lingonn7@noaa.gov,Male,202.113.237.26,797 569 4705
837,Kamillah,Gebbe,kgebben8@epa.gov,Female,175.72.31.4,620 511 4723
838,Benn,Zoppie,bzoppien9@economist.com,Male,179.190.26.233,574 948 3199
839,Milli,Bricknall,mbricknallna@admin.ch,Female,13.62.65.223,359 459 2446
840,Merrick,Graham,mgrahamnb@surveymonkey.com,Male,240.59.16.251,727 956 9158
841,Constantine,Ballston,cballstonnc@angelfire.com,Male,174.16.44.64,975 104 0300
842,Channa,Danilovich,cdanilovichnd@walmart.com,Female,229.198.7.120,385 930 8825
843,Roselin,Evert,revertne@abc.net.au,Female,123.192.228.199,541 771 3674
844,Arlina,Krahl,akrahlnf@merriam-webster.com,Female,42.10.157.20,843 984 3480
845,Ivar,Mundee,imundeeng@mapquest.com,Male,120.103.37.187,540 276 4934
846,Cece,Friedank,cfriedanknh@e-recht24.de,Male,73.209.148.27,275 553 9579
847,Ida,Fleckney,ifleckneyni@state.tx.us,Female,123.94.16.132,503 169 5565
848,Blaire,Francesco,bfrancesconj@histats.com,Female,74.188.140.228,922 395 5098
849,Melvyn,Touhig,mtouhignk@hp.com,Male,49.177.104.174,186 719 7407
850,Alyosha,Greensides,agreensidesnl@nifty.com,Male,218.251.63.23,336 483 9936
851,Kerri,Lippiatt,klippiattnm@twitter.com,Female,99.191.109.208,437 613 6822
852,Anica,Rusk,arusknn@github.com,Female,183.110.111.23,727 380 8378
853,Ky,Sweed,ksweedno@t-online.de,Male,89.245.85.178,937 424 9029
854,Clemmie,Sharrard,csharrardnp@last.fm,Female,29.54.254.83,408 589 8100
855,Susanna,Merrikin,smerrikinnq@constantcontact.com,Non-binary,86.75.107.215,202 943 4038
856,Muffin,Claussen,mclaussennr@scribd.com,Female,118.16.132.51,743 510 0045
857,Rosita,Castagnone,rcastagnonens@prweb.com,Female,162.238.187.55,694 583 9025
858,Lutero,Lamartine,llamartinent@sogou.com,Male,181.4.154.147,840 241 1169
859,Philippa,O'Hara,poharanu@theglobeandmail.com,Female,151.91.82.119,887 286 8754
860,Brigg,Sharkey,bsharkeynv@noaa.gov,Male,64.203.246.135,567 481 0042
861,Ellynn,McPartlin,emcpartlinnw@tripod.com,Female,137.128.249.194,285 314 5138
862,Tim,Whoolehan,twhoolehannx@slashdot.org,Male,176.57.39.251,793 136 5946
863,Lalo,Caseri,lcaseriny@huffingtonpost.com,Male,56.185.152.132,472 990 8052
864,Amara,Tisor,atisornz@dagondesign.com,Female,248.225.125.242,563 937 2247
865,Dorisa,Goad,dgoado0@photobucket.com,Female,166.166.109.140,144 356 2092
866,Coreen,Creswell,ccreswello1@e-recht24.de,Female,174.116.65.204,967 936 3478
867,Bronson,Slevin,bslevino2@ovh.net,Male,177.117.36.61,479 370 8203
868,Natalee,Rewcassell,nrewcassello3@123-reg.co.uk,Female,152.110.33.160,649 905 3556
869,Ford,Caso,fcasoo4@blogger.com,Male,176.70.78.203,148 765 2113
870,Gratia,Reckhouse,greckhouseo5@illinois.edu,Genderfluid,214.217.31.192,121 878 7980
871,Nicko,Kloster,nklostero6@cbslocal.com,Male,74.133.204.249,530 884 8983
872,Lorry,Juppe,ljuppeo7@google.de,Female,226.183.190.234,268 400 7469
873,Lyndsey,Steere,lsteereo8@google.nl,Female,167.238.119.11,321 925 2710
874,Babara,Pennuzzi,bpennuzzio9@harvard.edu,Female,175.2.216.111,495 358 6907
875,Herculie,Orrock,horrockoa@columbia.edu,Male,185.32.95.139,232 103 4973
876,Purcell,Artharg,parthargob@weibo.com,Male,169.77.14.128,285 899 4964
877,Birgitta,McGee,bmcgeeoc@youku.com,Female,17.141.114.225,257 908 8616
878,Jane,Cicullo,jcicullood@rambler.ru,Female,178.201.115.214,292 291 4239
879,Onida,Petley,opetleyoe@ft.com,Female,176.77.146.212,940 626 0786
880,Gustavus,Doig,gdoigof@phpbb.com,Male,150.193.91.39,618 785 0854
881,Teodorico,Chagg,tchaggog@scribd.com,Male,101.248.199.237,543 545 8528
882,Elvis,Churly,echurlyoh@bloglines.com,Male,243.59.10.121,186 589 2882
883,Bjorn,Veregan,bvereganoi@posterous.com,Male,198.101.202.116,278 391 7455
884,Gwenette,Batkin,gbatkinoj@diigo.com,Female,178.135.228.189,177 804 7160
885,Carroll,Marusik,cmarusikok@cornell.edu,Male,247.101.233.216,503 374 8649
886,Nev,Bonifazio,nbonifaziool@shop-pro.jp,Male,241.95.213.116,528 440 9245
887,Bondie,Stickel,bstickelom@devhub.com,Male,16.158.46.169,534 121 8431
888,Arron,Barbie,abarbieon@linkedin.com,Male,14.207.66.43,281 534 5352
889,Ilysa,Churchman,ichurchmanoo@51.la,Polygender,163.78.165.184,263 706 5471
890,Ignacius,Petrovsky,ipetrovskyop@samsung.com,Genderfluid,35.251.177.200,118 728 2476
891,Addia,Gogie,agogieoq@opera.com,Female,228.149.85.96,830 374 7057
892,Page,Mizzi,pmizzior@hao123.com,Male,123.24.91.10,213 801 1205
893,Phip,Wem,pwemos@zdnet.com,Male,152.201.248.213,514 727 6979
894,Trescha,Lapping,tlappingot@wisc.edu,Female,181.159.225.64,525 189 6323
895,Ilene,Blei,ibleiou@adobe.com,Female,206.72.75.95,412 918 3827
896,Kristan,Keeler,kkeelerov@icq.com,Female,80.198.121.162,434 503 8904
897,Christie,Ship,cshipow@shareasale.com,Male,29.106.52.226,938 229 5048
898,Jayson,Mellsop,jmellsopox@cmu.edu,Male,169.27.33.109,734 699 9563
899,Huberto,Buffin,hbuffinoy@imdb.com,Male,30.39.88.53,715 637 0936
900,Fielding,Brabant,fbrabantoz@bloomberg.com,Non-binary,42.33.185.87,165 463 0157
901,Bud,Perrelle,bperrellep0@free.fr,Male,34.11.214.194,787 130 8155
902,Margarete,Auten,mautenp1@gnu.org,Female,138.43.169.73,966 189 3261
903,Robinette,Pollastrone,rpollastronep2@apple.com,Female,121.145.54.119,472 905 4856
904,Dore,Larkcum,dlarkcump3@yellowbook.com,Female,85.233.118.118,304 144 9950
905,Annabelle,Worsham,aworshamp4@ask.com,Female,75.126.57.35,763 914 5503
906,Delmor,Casin,dcasinp5@wikipedia.org,Male,21.18.36.54,907 835 6701
907,Bennie,Simonato,bsimonatop6@scientificamerican.com,Male,154.138.0.251,647 695 1402
908,Doreen,McLellan,dmclellanp7@theguardian.com,Female,195.194.119.125,436 515 0307
909,Calley,Clogg,ccloggp8@bloomberg.com,Female,252.82.90.156,955 263 0797
910,Filberte,Eddisford,feddisfordp9@paginegialle.it,Male,30.195.33.211,767 721 7242
911,Laurence,Berendsen,lberendsenpa@sina.com.cn,Male,9.109.190.82,516 180 0450
912,Witty,Sainsberry,wsainsberrypb@craigslist.org,Male,39.240.175.94,133 347 3414
913,Gaultiero,Snell,gsnellpc@canalblog.com,Bigender,212.165.47.123,863 261 9079
914,Robinet,Frankowski,rfrankowskipd@istockphoto.com,Female,26.101.192.160,171 504 9173
915,Libbie,Episcopi,lepiscopipe@macromedia.com,Female,229.155.13.45,631 211 2894
916,Carin,Flatte,cflattepf@tinypic.com,Female,251.156.225.162,248 843 9943
917,Terrie,Penhale,tpenhalepg@hexun.com,Agender,203.127.30.7,187 763 7355
918,Celinka,Hector,chectorph@studiopress.com,Female,88.40.69.128,312 464 9172
919,Gerrie,Rimes,grimespi@seattletimes.com,Male,99.13.50.187,193 894 5632
920,Renelle,Woodrow,rwoodrowpj@storify.com,Female,29.106.184.17,582 888 3193
921,Alverta,Hebborn,ahebbornpk@ted.com,Female,217.230.177.218,107 898 6859
922,Gerard,Tadlow,gtadlowpl@storify.com,Male,159.232.217.1,401 684 7732
923,Maren,Dalling,mdallingpm@example.com,Female,208.51.103.84,635 832 6916
924,Dwight,Gowthrop,dgowthroppn@army.mil,Genderfluid,130.157.51.117,414 448 8978
925,Dag,Skamell,dskamellpo@sogou.com,Male,183.92.115.184,517 116 3656
926,Clemence,Ducker,cduckerpp@about.me,Female,26.100.211.137,249 852 3767
927,Whitby,Mitford,wmitfordpq@sourceforge.net,Male,5.218.19.182,780 935 0625
928,Monty,Danilyak,mdanilyakpr@cdc.gov,Male,44.53.202.5,412 546 5396
929,Herschel,Bahls,hbahlsps@feedburner.com,Male,223.198.238.195,165 947 2327
930,Ceciley,Gatcliff,cgatcliffpt@posterous.com,Female,1.209.168.69,482 455 2300
931,Kirstin,Sinkin,ksinkinpu@surveymonkey.com,Female,170.179.95.116,816 416 9238
932,Stinky,Crafts,scraftspv@sciencedaily.com,Male,69.138.34.28,931 778 6545
933,Celene,Evennett,cevennettpw@comcast.net,Female,128.173.77.135,309 454 1176
934,Daphene,McCahey,dmccaheypx@jiathis.com,Female,1.38.54.16,149 859 7125
935,Forester,Massow,fmassowpy@addtoany.com,Male,24.18.223.238,745 565 7591
936,Loraine,Cashley,lcashleypz@weather.com,Female,222.39.42.125,430 503 9617
937,Nolan,Cruce,ncruceq0@domainmarket.com,Male,174.28.194.73,563 400 3426
938,Colan,Smallacombe,csmallacombeq1@odnoklassniki.ru,Male,220.64.107.106,448 981 6733
939,Lowe,Poolton,lpooltonq2@techcrunch.com,Male,14.109.52.251,917 494 2858
940,Ross,Besnard,rbesnardq3@google.nl,Male,47.175.161.221,108 676 9353
941,Powell,Merida,pmeridaq4@bloglines.com,Male,9.20.4.164,786 969 3193
942,Guthrie,McEneny,gmcenenyq5@1und1.de,Male,112.85.8.200,117 459 7805
943,Lock,Huban,lhubanq6@oracle.com,Male,161.110.168.187,810 976 3616
944,Brockie,Greves,bgrevesq7@sciencedirect.com,Genderfluid,163.201.202.209,168 729 4545
945,Humfrid,Mardlin,hmardlinq8@altervista.org,Male,221.58.73.203,431 670 6119
946,Jaymie,Londing,jlondingq9@jugem.jp,Male,119.5.38.68,627 973 0579
947,Desiri,Heatley,dheatleyqa@gmpg.org,Female,50.203.86.253,532 255 2773
948,Sidoney,Arnould,sarnouldqb@over-blog.com,Female,230.213.220.237,936 919 3093
949,Amii,Prium,apriumqc@de.vu,Female,181.241.254.203,606 196 6868
950,Palm,Fieldgate,pfieldgateqd@unicef.org,Male,8.42.87.231,589 344 5146
951,Godwin,Collar,gcollarqe@theguardian.com,Male,134.12.116.122,809 663 8568
952,Homerus,Fagg,hfaggqf@apple.com,Male,229.170.181.47,577 249 1346
953,Fons,D'Cruze,fdcruzeqg@skyrock.com,Male,174.231.126.49,763 508 9388
954,Neron,Andreucci,nandreucciqh@alibaba.com,Agender,244.15.229.208,504 790 6614
955,Hyacinthia,Savidge,hsavidgeqi@reverbnation.com,Agender,202.163.179.106,779 107 5927
956,Robb,Matthius,rmatthiusqj@gnu.org,Male,18.233.196.247,145 533 6748
957,Marjory,Synnott,msynnottqk@sogou.com,Female,129.159.26.126,319 341 7053
958,Randene,Bayle,rbayleql@symantec.com,Genderfluid,138.175.0.112,215 684 6353
959,Anna,Guerreru,aguerreruqm@businesswire.com,Female,40.205.244.245,106 303 1019
960,Garrik,Bortoloni,gbortoloniqn@linkedin.com,Male,249.75.64.5,310 527 4064
961,Lora,Hugli,lhugliqo@instagram.com,Female,21.38.184.141,341 881 6035
962,Thalia,Jeandin,tjeandinqp@apple.com,Female,232.176.89.75,826 320 3398
963,Merry,Seaward,mseawardqq@ox.ac.uk,Non-binary,201.250.195.186,673 853 7742
964,Pauly,Stubs,pstubsqr@amazon.co.jp,Genderfluid,99.93.97.228,161 385 8740
965,Keriann,Farthin,kfarthinqs@bluehost.com,Genderqueer,222.208.143.32,646 908 4849
966,Tobe,Letch,tletchqt@wikimedia.org,Non-binary,97.199.106.47,141 162 7655
967,Bert,McCrory,bmccroryqu@google.it,Male,28.218.112.85,812 221 3012
968,Rani,Canedo,rcanedoqv@icq.com,Female,31.229.206.71,686 654 3290
969,Sam,Twine,stwineqw@ted.com,Male,212.216.171.88,542 137 6995
970,Wandie,Creagh,wcreaghqx@hubpages.com,Female,78.197.245.226,935 960 4529
971,Moira,Rand,mrandqy@epa.gov,Female,34.224.51.150,916 551 5388
972,Elsey,Mogford,emogfordqz@seattletimes.com,Genderfluid,35.123.56.140,291 673 5281
973,Trace,Packwood,tpackwoodr0@nymag.com,Male,129.188.196.100,854 499 4088
974,Giff,Baynes,gbaynesr1@reverbnation.com,Male,117.161.122.5,895 213 4732
975,Riley,Grayston,rgraystonr2@nbcnews.com,Genderfluid,154.172.184.136,330 203 4279
976,Eunice,Cescot,ecescotr3@linkedin.com,Female,150.70.186.228,158 183 6080
977,Tierney,Zoanetti,tzoanettir4@behance.net,Genderqueer,54.112.45.84,183 468 4490
978,Estel,Aspden,easpdenr5@shareasale.com,Female,31.47.83.79,142 346 8271
979,Deidre,Saintsbury,dsaintsburyr6@springer.com,Female,236.80.234.209,348 612 7949
980,Colman,Flaune,cflauner7@japanpost.jp,Male,246.195.169.128,336 871 5924
981,Erny,Withams,ewithamsr8@yolasite.com,Male,66.134.45.58,962 112 0240
982,Myron,Bogue,mboguer9@va.gov,Male,207.27.219.70,503 917 8354
983,Heywood,Snowsill,hsnowsillra@people.com.cn,Male,231.140.240.248,439 390 9479
984,Melvyn,Crew,mcrewrb@webmd.com,Male,87.234.70.215,230 460 0723
985,Linell,Laden,lladenrc@macromedia.com,Genderqueer,138.227.8.39,254 484 7156
986,Joyan,Frickey,jfrickeyrd@webeden.co.uk,Female,231.28.133.94,143 978 8788
987,Ofelia,Tilbury,otilburyre@biglobe.ne.jp,Female,68.88.15.246,800 875 8311
988,Tildy,Durkin,tdurkinrf@mediafire.com,Female,13.91.102.84,518 974 7805
989,Gris,McCuaig,gmccuaigrg@sakura.ne.jp,Genderfluid,53.29.117.60,934 426 2529
990,Billy,Tilberry,btilberryrh@dailymail.co.uk,Bigender,152.206.174.200,502 387 8475
991,Konstantine,Dykins,kdykinsri@omniture.com,Male,46.29.11.53,358 370 9669
992,Glynnis,Hort,ghortrj@narod.ru,Female,253.214.27.174,689 879 8369
993,Jarred,Kippax,jkippaxrk@chron.com,Male,236.201.160.97,928 506 0385
994,Hanan,Bassick,hbassickrl@discovery.com,Male,82.11.58.242,450 214 8784
995,Hyacinth,Fruchter,hfruchterrm@shop-pro.jp,Female,242.251.34.153,473 441 4275
996,Barrett,Olivelli,bolivellirn@bbb.org,Male,64.76.172.235,726 270 9397
997,Fidole,Hurler,fhurlerro@jimdo.com,Male,5.112.61.156,926 791 1336
998,Bliss,Ciccottio,bciccottiorp@blinklist.com,Female,216.58.36.249,115 987 1836
999,Nerissa,Stoney,nstoneyrq@sciencedirect.com,Female,153.216.147.1,926 808 8498
1000,Fenelia,Ratlee,fratleerr@networksolutions.com,Female,91.113.253.245,535 188 0887
